#
# A fatal error has been detected by the Java Runtime Environment:
#
#  EXCEPTION_ACCESS_VIOLATION (0xc0000005) at pc=0x0000023407ec5df9, pid=29304, tid=31536
#
# JRE version: OpenJDK Runtime Environment Microsoft-11369940 (21.0.7+6) (build 21.0.7+6-LTS)
# Java VM: OpenJDK 64-Bit Server VM Microsoft-11369940 (21.0.7+6-LTS, mixed mode, tiered, compressed class ptrs, z gc, windows-amd64)
# Problematic frame:
# J 120776 c2 com.mojang.blaze3d.vertex.BufferBuilder.addVertex(FFF)Lcom/mojang/blaze3d/vertex/VertexConsumer; minecraft@1.21.1 (71 bytes) @ 0x0000023407ec5df9 [0x0000023407ec5a20+0x00000000000003d9]
#
# No core dump will be written. Minidumps are not enabled by default on client versions of Windows
#
# If you would like to submit a bug report, please visit:
#   https://aka.ms/minecraftjavacrashes
#

---------------  S U M M A R Y ------------

Command Line: -Duser.language=en -XX:+UnlockExperimentalVMOptions -XX:+UseZGC -XX:+DisableExplicitGC -XX:HeapDumpPath=MojangTricksIntelDriversForPerformance_javaw.exe_minecraft.exe.heapdump -Xms1024m -Xmx12288m -Djava.library.path=C:/Users/JesusWazowski/AppData/Roaming/PrismLauncher/instances/Aeronautics/natives org.prismlauncher.EntryPoint

Host: 12th Gen Intel(R) Core(TM) i5-12600K, 16 cores, 31G,  Windows 10 , 64 bit Build 19041 (10.0.19041.5915)
Time: Mon Apr 27 01:47:13 2026 Eastern Daylight Time elapsed time: 8473.660369 seconds (0d 2h 21m 13s)

---------------  T H R E A D  ---------------

Current thread (0x000002347584f190):  JavaThread "Render thread"        [_thread_in_Java, id=31536, stack(0x00000038aa000000,0x00000038aa100000) (1024K)]

Stack: [0x00000038aa000000,0x00000038aa100000],  sp=0x00000038aa0fd7e0,  free space=1013k
Native frames: (J=compiled Java code, j=interpreted, Vv=VM code, C=native code)
C  0x0000023407ec5df9

The last pc belongs to nmethod (printed below).

siginfo: EXCEPTION_ACCESS_VIOLATION (0xc0000005), writing address 0x00000237601a1000


Registers:
RAX=0x00000237601a0ffe, RBX=0x000010008f71ff38, RCX=0x00000000000003be, RDX=0x00001001b17d8490
RSP=0x00000038aa0fd7e0, RBP=0x00001001b17d8490, RSI=0x0000000000000020, RDI=0x00000237601a0fda
R8 =0x0000000000000000, R9 =0x0000000000000000, R10=0x00000237601a0ffe, R11=0x0000000000000000
R12=0x00000237601a0fda, R13=0x00000237601a0e96, R14=0x00000237601a0ec0, R15=0x000002347584f190
RIP=0x0000023407ec5df9, EFLAGS=0x0000000000010287

XMM[0]=0x0000000000000000 0x00000000c807e90c
XMM[1]=0x0000000000000000 0x0000000000000000
XMM[2]=0x0000000000000000 0x00000000490e6580
XMM[3]=0x0000000000000000 0x00000000490e6588
XMM[4]=0x0000000000000000 0x00000000490e6580
XMM[5]=0x0000000000000000 0x00000000490e6580
XMM[6]=0x0000000000000000 0x0000000000000000
XMM[7]=0x0000000000000000 0x00000000490e6650
XMM[8]=0x0000000000000000 0x0000000000000000
XMM[9]=0x0000000000000000 0x0000000080000000
XMM[10]=0x0000000000000000 0x00000000bf3504ee
XMM[11]=0x0000000000000000 0x000000003f800000
XMM[12]=0x0000000000000000 0x0000000080000000
XMM[13]=0x0000000000000000 0x00000000bf3504ee
XMM[14]=0x0000000000000000 0x00000000bf3504ee
XMM[15]=0x0000000000000000 0x00000000beffffc8
  MXCSR=0x00001fbf


Register to memory mapping:

RAX=0x00000237601a0ffe points into unknown readable memory: 00 00
RBX=0x000010008f71ff38 is a good oop: [I 
{0x000010008f71ff38} - klass: {type array int}
 - length: 32
RCX=0x00000000000003be is an unknown value
RDX=0x00001001b17d8490 is a good oop: com.mojang.blaze3d.vertex.BufferBuilder 
{0x00001001b17d8490} - klass: 'com/mojang/blaze3d/vertex/BufferBuilder'
 - ---- fields (total size 16 words):
 - private 'vertices' 'I' @12  39790136 (0x025f2638)
 - private 'vertexPointer' 'J' @16  2436858777562 (0x00000237601a0fda)
 - private final 'vertexSize' 'I' @24  54 (0x00000036)
 - private final 'initialElementsToFill' 'I' @28  958 (0x000003be)
 - private 'elementsToFill' 'I' @32  830 (0x0000033e)
 - private 'iris$vertexCount' 'I' @36  3 (0x00000003)
 - private 'currentBlock' 'I' @40  -1 (0xffffffff)
 - private 'currentLocalPosX' 'I' @44  0 (0x00000000)
 - private 'currentLocalPosY' 'I' @48  0 (0x00000000)
 - private 'currentLocalPosZ' 'I' @52  0 (0x00000000)
 - private 'offsetY' 'F' @56  0.000000 (0x00000000)
 - private final 'fastFormat' 'Z' @60  false (0x00)
 - private final 'fullFormat' 'Z' @61  false (0x00)
 - public 'building' 'Z' @62  true (0x01)
 - private 'skipEndVertexOnce' 'Z' @63  false (0x00)
 - private 'extending' 'Z' @64  true (0x01)
 - private 'injectNormalAndUV1' 'Z' @65  false (0x00)
 - private 'currentRenderType' 'B' @66  -1 (0xff)
 - private 'dupeNextVertex' 'Z' @67  false (0x00)
 - private 'dupeNextVertexAfter' 'Z' @68  false (0x00)
 - public final 'buffer' 'Lcom/mojang/blaze3d/vertex/ByteBufferBuilder;' @72  a 'com/mojang/blaze3d/vertex/ByteBufferBuilder'{0x0000100185c151b0} (0x0000100185c151b0)
 - private final 'format' 'Lcom/mojang/blaze3d/vertex/VertexFormat;' @80  a 'com/mojang/blaze3d/vertex/VertexFormat'{0x000010008f71ff00} (0x000010008f71ff00)
 - private final 'mode' 'Lcom/mojang/blaze3d/vertex/VertexFormat$Mode;' @88  a 'com/mojang/blaze3d/vertex/VertexFormat$Mode'{0x00001000f54403c8} (0x00001000f54403c8)
 - private final 'offsetsByElement' '[I' @96  [I{0x000010008f71ff38} (0x000010008f71ff38)
 - private final 'polygon' 'Lnet/irisshaders/iris/vertices/BufferBuilderPolygonView;' @104  a 'net/irisshaders/iris/vertices/BufferBuilderPolygonView'{0x00001001b17d8510} (0x00001001b17d8510)
 - private final 'normal' 'Lorg/joml/Vector3f;' @112  a 'org/joml/Vector3f'{0x00001001b17d8530} (0x00001001b17d8530)
 - private final 'vertexOffsets' '[J' @120  [J{0x00001001b17d8548} (0x00001001b17d8548)
RSP=0x00000038aa0fd7e0 is pointing into the stack for thread: 0x000002347584f190
RBP=0x00001001b17d8490 is a good oop: com.mojang.blaze3d.vertex.BufferBuilder 
{0x00001001b17d8490} - klass: 'com/mojang/blaze3d/vertex/BufferBuilder'
 - ---- fields (total size 16 words):
 - private 'vertices' 'I' @12  39790136 (0x025f2638)
 - private 'vertexPointer' 'J' @16  2436858777562 (0x00000237601a0fda)
 - private final 'vertexSize' 'I' @24  54 (0x00000036)
 - private final 'initialElementsToFill' 'I' @28  958 (0x000003be)
 - private 'elementsToFill' 'I' @32  830 (0x0000033e)
 - private 'iris$vertexCount' 'I' @36  3 (0x00000003)
 - private 'currentBlock' 'I' @40  -1 (0xffffffff)
 - private 'currentLocalPosX' 'I' @44  0 (0x00000000)
 - private 'currentLocalPosY' 'I' @48  0 (0x00000000)
 - private 'currentLocalPosZ' 'I' @52  0 (0x00000000)
 - private 'offsetY' 'F' @56  0.000000 (0x00000000)
 - private final 'fastFormat' 'Z' @60  false (0x00)
 - private final 'fullFormat' 'Z' @61  false (0x00)
 - public 'building' 'Z' @62  true (0x01)
 - private 'skipEndVertexOnce' 'Z' @63  false (0x00)
 - private 'extending' 'Z' @64  true (0x01)
 - private 'injectNormalAndUV1' 'Z' @65  false (0x00)
 - private 'currentRenderType' 'B' @66  -1 (0xff)
 - private 'dupeNextVertex' 'Z' @67  false (0x00)
 - private 'dupeNextVertexAfter' 'Z' @68  false (0x00)
 - public final 'buffer' 'Lcom/mojang/blaze3d/vertex/ByteBufferBuilder;' @72  a 'com/mojang/blaze3d/vertex/ByteBufferBuilder'{0x0000100185c151b0} (0x0000100185c151b0)
 - private final 'format' 'Lcom/mojang/blaze3d/vertex/VertexFormat;' @80  a 'com/mojang/blaze3d/vertex/VertexFormat'{0x000010008f71ff00} (0x000010008f71ff00)
 - private final 'mode' 'Lcom/mojang/blaze3d/vertex/VertexFormat$Mode;' @88  a 'com/mojang/blaze3d/vertex/VertexFormat$Mode'{0x00001000f54403c8} (0x00001000f54403c8)
 - private final 'offsetsByElement' '[I' @96  [I{0x000010008f71ff38} (0x000010008f71ff38)
 - private final 'polygon' 'Lnet/irisshaders/iris/vertices/BufferBuilderPolygonView;' @104  a 'net/irisshaders/iris/vertices/BufferBuilderPolygonView'{0x00001001b17d8510} (0x00001001b17d8510)
 - private final 'normal' 'Lorg/joml/Vector3f;' @112  a 'org/joml/Vector3f'{0x00001001b17d8530} (0x00001001b17d8530)
 - private final 'vertexOffsets' '[J' @120  [J{0x00001001b17d8548} (0x00001001b17d8548)
RSI=0x0000000000000020 is an unknown value
RDI=0x00000237601a0fda points into unknown readable memory: 88 65 0e 49 0c e9
R8 =0x0 is null
R9 =0x0 is null
R10=0x00000237601a0ffe points into unknown readable memory: 00 00
R11=0x0 is null
R12=0x00000237601a0fda points into unknown readable memory: 88 65 0e 49 0c e9
R13=0x00000237601a0e96 points into unknown readable memory: 88 65
R14=0x00000237601a0ec0 points into unknown readable memory: 0x3d000000494a5c41 | 41 5c 4a 49 00 00 00 3d
R15=0x000002347584f190 is a thread

Top of Stack: (sp=0x00000038aa0fd7e0)
0x00000038aa0fd7e0:   00001001b17d8490 00007fff490e6588
0x00000038aa0fd7f0:   c807e90c490e6580 00001001b17d8490
0x00000038aa0fd800:   0000100185c151b0 7fffffdaaa0fd8e9
0x00000038aa0fd810:   00000237601a0932 0000000000000000
0x00000038aa0fd820:   0000000000000000 0000000000000001
0x00000038aa0fd830:   00000000ff4040ff 00000234084d7940
0x00000038aa0fd840:   4121ccca000002b1 c100fcd000000000
0x00000038aa0fd850:   4121ccb60000035b 4121ccc9f4afb090
0x00000038aa0fd860:   c100fcd11ffffe1e bfdffff90ee614db
0x00000038aa0fd870:   3fe0000469837467 bfe6a09dbc1b9694
0x00000038aa0fd880:   00001001b17d7440 00001001b17d8490
0x00000038aa0fd890:   000000f0494a5c39 0000000000000000
0x00000038aa0fd8a0:   0000000000000003 0000023407457e90
0x00000038aa0fd8b0:   0000000000000001 000002340b062a2c
0x00000038aa0fd8c0:   4121ccb80b504ef7 00001001b17d7440
0x00000038aa0fd8d0:   3f81e07a00f00000 4121ccb8000000f0
0x00000038aa0fd8e0:   00001001b17d7440 3d800000494a5c49
0x00000038aa0fd8f0:   494a5c39000000f0 3f000023beffffc8
0x00000038aa0fd900:   3d800000bf3504ee ffff40403f81e07a
0x00000038aa0fd910:   490e665000000000 00001001b17d71e0
0x00000038aa0fd920:   00001001b17d8490 490e65b0c807e67e
0x00000038aa0fd930:   c807e689490e6650 00000000490e65c0
0x00000038aa0fd940:   00001001b17d8950 00001001b17d89a0
0x00000038aa0fd950:   ffff404000f00000 000000003d800000
0x00000038aa0fd960:   4121ccb800000000 4121ccca00000000
0x00000038aa0fd970:   c100fccfc0000000 4121ccb600000000
0x00000038aa0fd980:   4121ccca00000000 c100fcd120000000
0x00000038aa0fd990:   00001001b17d71e0 0000000000000246
0x00000038aa0fd9a0:   0000000000000001 000002340899459c
0x00000038aa0fd9b0:   000002343f81e07a 00000038494a5c39
0x00000038aa0fd9c0:   4b1c420b00000000 4b1c4208411c06c5
0x00000038aa0fd9d0:   00001002d5fb20b8 00001001b17d71e0 

Instructions: (pc=0x0000023407ec5df9)
0x0000023407ec5cf9:   45 8b 42 34 45 8b 52 2c 4c 8b 5c 24 18 45 8b 5b
0x0000023407ec5d09:   30 c4 c1 7a 2a c0 c5 fa 58 0d ed fc ff ff c5 f2
0x0000023407ec5d19:   5c c4 c5 fa 59 0d dd fc ff ff c4 c1 7a 2a c3 c5
0x0000023407ec5d29:   fa 58 15 d4 fc ff ff c5 ea 5c 44 24 14 c5 fa 59
0x0000023407ec5d39:   15 c2 fc ff ff c5 7a 2c d9 41 81 fb 00 00 00 80
0x0000023407ec5d49:   0f 84 f2 07 00 00 c5 7a 2c c2 41 81 f8 00 00 00
0x0000023407ec5d59:   80 0f 84 cc 07 00 00 45 0f b6 db 45 0f b6 c0 41
0x0000023407ec5d69:   c1 e3 10 41 c1 e0 08 c4 c1 7a 2a c2 c5 fa 58 0d
0x0000023407ec5d79:   87 fc ff ff c5 f2 5c c3 c5 fa 59 0d 77 fc ff ff
0x0000023407ec5d89:   c5 7a 2c d1 41 81 fa 00 00 00 80 0f 84 7d 07 00
0x0000023407ec5d99:   00 45 0f b6 d2 45 0b d0 45 0b d3 45 89 11 c6 02
0x0000023407ec5da9:   ff f6 c1 40 75 56 f7 c1 80 00 00 00 0f 84 9a 00
0x0000023407ec5db9:   00 00 49 b8 68 f7 71 8f 00 10 00 00 48 8b 54 24
0x0000023407ec5dc9:   18 48 8b ea 66 90 e8 dc 44 b3 00 0f 1f 84 00 44
0x0000023407ec5dd9:   06 00 01 4c 8b d0 49 bb 58 11 e3 c5 01 10 00 00
0x0000023407ec5de9:   45 8b 43 20 66 45 89 02 45 8b 4b 24 45 8b 5b 1c
0x0000023407ec5df9:   66 45 89 5a 02 66 45 89 4a 04 eb 50 44 8b d1 41
0x0000023407ec5e09:   83 e2 bf 44 3b d1 0f 84 a2 00 00 00 4c 8b 5c 24
0x0000023407ec5e19:   18 45 89 53 20 49 83 fc ff 0f 84 88 03 00 00 83
0x0000023407ec5e29:   fe 06 0f 86 1b 02 00 00 4c 63 53 28 49 03 fa 4c
0x0000023407ec5e39:   8b d7 49 83 c2 02 4c 8b 5c 24 18 45 0f be 43 42
0x0000023407ec5e49:   45 8b 5b 28 66 44 89 1f 66 45 89 02 48 8b 44 24
0x0000023407ec5e59:   18 48 83 c4 50 5d 49 3b a7 48 04 00 00 0f 87 95
0x0000023407ec5e69:   06 00 00 c3 85 c9 0f 85 d3 03 00 00 45 85 c9 0f
0x0000023407ec5e79:   85 0a 04 00 00 41 89 5a 0c 4d 85 c0 0f 85 74 fd
0x0000023407ec5e89:   ff ff ba f6 ff ff ff 41 8b ec e8 68 e0 5d ff 0f
0x0000023407ec5e99:   1f 84 00 08 07 00 02 ba 02 00 00 00 41 8b c8 49
0x0000023407ec5ea9:   b9 ff ff ff ff ff ff ff ff e9 3d fe ff ff 41 ba
0x0000023407ec5eb9:   01 00 00 00 48 bf ff ff ff ff ff ff ff ff e9 73
0x0000023407ec5ec9:   ff ff ff 4c 8b 54 24 18 41 c6 42 3f 00 e9 8a fc
0x0000023407ec5ed9:   ff ff 4d 85 c0 0f 84 e4 03 00 00 49 8b d0 45 8b
0x0000023407ec5ee9:   c4 4c 89 5c 24 20 e8 bc 4c 2b 01 0f 1f 84 00 64 


Stack slot to memory mapping:

stack at sp + 0 slots: 0x00001001b17d8490 is a good oop: com.mojang.blaze3d.vertex.BufferBuilder 
{0x00001001b17d8490} - klass: 'com/mojang/blaze3d/vertex/BufferBuilder'
 - ---- fields (total size 16 words):
 - private 'vertices' 'I' @12  39790136 (0x025f2638)
 - private 'vertexPointer' 'J' @16  2436858777562 (0x00000237601a0fda)
 - private final 'vertexSize' 'I' @24  54 (0x00000036)
 - private final 'initialElementsToFill' 'I' @28  958 (0x000003be)
 - private 'elementsToFill' 'I' @32  830 (0x0000033e)
 - private 'iris$vertexCount' 'I' @36  3 (0x00000003)
 - private 'currentBlock' 'I' @40  -1 (0xffffffff)
 - private 'currentLocalPosX' 'I' @44  0 (0x00000000)
 - private 'currentLocalPosY' 'I' @48  0 (0x00000000)
 - private 'currentLocalPosZ' 'I' @52  0 (0x00000000)
 - private 'offsetY' 'F' @56  0.000000 (0x00000000)
 - private final 'fastFormat' 'Z' @60  false (0x00)
 - private final 'fullFormat' 'Z' @61  false (0x00)
 - public 'building' 'Z' @62  true (0x01)
 - private 'skipEndVertexOnce' 'Z' @63  false (0x00)
 - private 'extending' 'Z' @64  true (0x01)
 - private 'injectNormalAndUV1' 'Z' @65  false (0x00)
 - private 'currentRenderType' 'B' @66  -1 (0xff)
 - private 'dupeNextVertex' 'Z' @67  false (0x00)
 - private 'dupeNextVertexAfter' 'Z' @68  false (0x00)
 - public final 'buffer' 'Lcom/mojang/blaze3d/vertex/ByteBufferBuilder;' @72  a 'com/mojang/blaze3d/vertex/ByteBufferBuilder'{0x0000100185c151b0} (0x0000100185c151b0)
 - private final 'format' 'Lcom/mojang/blaze3d/vertex/VertexFormat;' @80  a 'com/mojang/blaze3d/vertex/VertexFormat'{0x000010008f71ff00} (0x000010008f71ff00)
 - private final 'mode' 'Lcom/mojang/blaze3d/vertex/VertexFormat$Mode;' @88  a 'com/mojang/blaze3d/vertex/VertexFormat$Mode'{0x00001000f54403c8} (0x00001000f54403c8)
 - private final 'offsetsByElement' '[I' @96  [I{0x000010008f71ff38} (0x000010008f71ff38)
 - private final 'polygon' 'Lnet/irisshaders/iris/vertices/BufferBuilderPolygonView;' @104  a 'net/irisshaders/iris/vertices/BufferBuilderPolygonView'{0x00001001b17d8510} (0x00001001b17d8510)
 - private final 'normal' 'Lorg/joml/Vector3f;' @112  a 'org/joml/Vector3f'{0x00001001b17d8530} (0x00001001b17d8530)
 - private final 'vertexOffsets' '[J' @120  [J{0x00001001b17d8548} (0x00001001b17d8548)
stack at sp + 1 slots: 0x00007fff490e6588 is an unknown value
stack at sp + 2 slots: 0xc807e90c490e6580 is an unknown value
stack at sp + 3 slots: 0x00001001b17d8490 is a good oop: com.mojang.blaze3d.vertex.BufferBuilder 
{0x00001001b17d8490} - klass: 'com/mojang/blaze3d/vertex/BufferBuilder'
 - ---- fields (total size 16 words):
 - private 'vertices' 'I' @12  39790136 (0x025f2638)
 - private 'vertexPointer' 'J' @16  2436858777562 (0x00000237601a0fda)
 - private final 'vertexSize' 'I' @24  54 (0x00000036)
 - private final 'initialElementsToFill' 'I' @28  958 (0x000003be)
 - private 'elementsToFill' 'I' @32  830 (0x0000033e)
 - private 'iris$vertexCount' 'I' @36  3 (0x00000003)
 - private 'currentBlock' 'I' @40  -1 (0xffffffff)
 - private 'currentLocalPosX' 'I' @44  0 (0x00000000)
 - private 'currentLocalPosY' 'I' @48  0 (0x00000000)
 - private 'currentLocalPosZ' 'I' @52  0 (0x00000000)
 - private 'offsetY' 'F' @56  0.000000 (0x00000000)
 - private final 'fastFormat' 'Z' @60  false (0x00)
 - private final 'fullFormat' 'Z' @61  false (0x00)
 - public 'building' 'Z' @62  true (0x01)
 - private 'skipEndVertexOnce' 'Z' @63  false (0x00)
 - private 'extending' 'Z' @64  true (0x01)
 - private 'injectNormalAndUV1' 'Z' @65  false (0x00)
 - private 'currentRenderType' 'B' @66  -1 (0xff)
 - private 'dupeNextVertex' 'Z' @67  false (0x00)
 - private 'dupeNextVertexAfter' 'Z' @68  false (0x00)
 - public final 'buffer' 'Lcom/mojang/blaze3d/vertex/ByteBufferBuilder;' @72  a 'com/mojang/blaze3d/vertex/ByteBufferBuilder'{0x0000100185c151b0} (0x0000100185c151b0)
 - private final 'format' 'Lcom/mojang/blaze3d/vertex/VertexFormat;' @80  a 'com/mojang/blaze3d/vertex/VertexFormat'{0x000010008f71ff00} (0x000010008f71ff00)
 - private final 'mode' 'Lcom/mojang/blaze3d/vertex/VertexFormat$Mode;' @88  a 'com/mojang/blaze3d/vertex/VertexFormat$Mode'{0x00001000f54403c8} (0x00001000f54403c8)
 - private final 'offsetsByElement' '[I' @96  [I{0x000010008f71ff38} (0x000010008f71ff38)
 - private final 'polygon' 'Lnet/irisshaders/iris/vertices/BufferBuilderPolygonView;' @104  a 'net/irisshaders/iris/vertices/BufferBuilderPolygonView'{0x00001001b17d8510} (0x00001001b17d8510)
 - private final 'normal' 'Lorg/joml/Vector3f;' @112  a 'org/joml/Vector3f'{0x00001001b17d8530} (0x00001001b17d8530)
 - private final 'vertexOffsets' '[J' @120  [J{0x00001001b17d8548} (0x00001001b17d8548)
stack at sp + 4 slots: 0x0000100185c151b0 is a good oop: com.mojang.blaze3d.vertex.ByteBufferBuilder 
{0x0000100185c151b0} - klass: 'com/mojang/blaze3d/vertex/ByteBufferBuilder'
 - ---- fields (total size 5 words):
 - private 'capacity' 'I' @12  2147483610 (0x7fffffda)
 - public 'pointer' 'J' @16  2439005077568 (0x00000237e0080040)
 - private 'writeOffset' 'I' @24  -2146299952 (0x80120fd0)
 - private 'nextResultOffset' 'I' @28  0 (0x00000000)
 - private 'resultCount' 'I' @32  0 (0x00000000)
 - private 'generation' 'I' @36  163387 (0x00027e3b)
stack at sp + 5 slots: 0x7fffffdaaa0fd8e9 is an unknown value
stack at sp + 6 slots: 0x00000237601a0932 points into unknown readable memory: 00 00 0a 00 00 00
stack at sp + 7 slots: 0x0 is null


Compiled method (c2) 8473711 120776       4       com.mojang.blaze3d.vertex.BufferBuilder::addVertex (71 bytes)
 total in heap  [0x0000023407ec5790,0x0000023407ec6c88] = 5368
 relocation     [0x0000023407ec58f0,0x0000023407ec59f8] = 264
 constants      [0x0000023407ec5a00,0x0000023407ec5a20] = 32
 main code      [0x0000023407ec5a20,0x0000023407ec6560] = 2880
 stub code      [0x0000023407ec6560,0x0000023407ec65e0] = 128
 oops           [0x0000023407ec65e0,0x0000023407ec6600] = 32
 metadata       [0x0000023407ec6600,0x0000023407ec66a0] = 160
 scopes data    [0x0000023407ec66a0,0x0000023407ec69e8] = 840
 scopes pcs     [0x0000023407ec69e8,0x0000023407ec6ba8] = 448
 dependencies   [0x0000023407ec6ba8,0x0000023407ec6bc8] = 32
 handler table  [0x0000023407ec6bc8,0x0000023407ec6c70] = 168
 nul chk table  [0x0000023407ec6c70,0x0000023407ec6c88] = 24


[Constant Pool]
             Address          hex4                    hex8      
  0x0000023407ec5a00:   0x42800000      0x3f00000042800000      
  0x0000023407ec5a04:   0x3f000000                              
  0x0000023407ec5a08:   0x3f800000      0xf4f4f4f43f800000      
  0x0000023407ec5a0c:   0xf4f4f4f4                              
  0x0000023407ec5a10:   0xf4f4f4f4      0xf4f4f4f4f4f4f4f4      
  0x0000023407ec5a14:   0xf4f4f4f4                              
  0x0000023407ec5a18:   0xf4f4f4f4      0xf4f4f4f4f4f4f4f4      
  0x0000023407ec5a1c:   0xf4f4f4f4                              

[MachCode]
[Entry Point]
  # {method} {0x00000234567c8b70} 'addVertex' '(FFF)Lcom/mojang/blaze3d/vertex/VertexConsumer;' in 'com/mojang/blaze3d/vertex/BufferBuilder'
  # this:     rdx:rdx   = 'com/mojang/blaze3d/vertex/BufferBuilder'
  # parm0:    xmm0      = float
  # parm1:    xmm1      = float
  # parm2:    xmm2      = float
  #           [sp+0x60]  (sp of caller)
  0x0000023407ec5a20: ;   {no_reloc}
  0x0000023407ec5a20: 448b 5208 

  0x0000023407ec5a24: ;   {runtime_call ic_miss_stub}
  0x0000023407ec5a24: 493b c20f | 8553 8a5d | ff66 6690 
[Verified Entry Point]
  0x0000023407ec5a30: 8984 2400 | 80ff ff55 | 4883 ec50 | 4181 7f2c | 002c 0000 | 0f85 0c0b | 0000 c5fa | 1154 2410 
  0x0000023407ec5a50: c5fa 114c | 2414 c5fa | 1144 2408 | 4889 5424 | 1844 0fb6 | 5a3e 4585 | db0f 8445 | 0600 0044 
  0x0000023407ec5a70: 8b5a 0c45 | 85db 0f84 | e900 0000 | 440f b65a | 4045 85db | 0f84 db00 | 0000 8b6a | 2044 0fb6 
  0x0000023407ec5a90: 5a41 81e5 | fffc ffff | 896a 2045 | 85db 0f85 | cf04 0000 | 4c8b 5424 | 1845 0fb6 | 523f 4585 
  0x0000023407ec5ab0: d20f 8515 

  0x0000023407ec5ab4: ;   {oop(a 'com/mojang/blaze3d/vertex/VertexFormat$Mode'{0x00001000f54403c8})}
  0x0000023407ec5ab4: 0400 0049 | bac8 0344 | f500 1000 | 004c 8b5c | 2418 4d8b | 4b58 4d85 | 4f28 0f85 | 5b08 0000 
  0x0000023407ec5ad4: 4d3b ca0f | 85eb 0600 | 004d 8b53 | 484d 8557 | 280f 857e | 0800 004d | 85d2 0f84 | 7805 0000 
  0x0000023407ec5af4: 4d8b 5b10 | 4d2b 5a10 | 4c8b 5424 | 1845 8b42 | 2449 8b6a | 7849 856f | 280f 8590 | 0800 0044 
  0x0000023407ec5b14: 8b55 0c45 | 3bc2 0f83 | 6005 0000 | 4e89 5cc5 | 1041 ffc0 | 4c8b 5424 | 1845 8942 | 2441 83f8 
  0x0000023407ec5b34: 0475 1b49 | 8bd2 488b | ea48 8914 

  0x0000023407ec5b40: ;   {optimized virtual_call}
  0x0000023407ec5b40: 2466 90e8 

  0x0000023407ec5b44: ; ImmutableOopMap {rbp=Oop [0]=Oop [24]=Oop }
                      ;*invokevirtual fillExtendedData {reexecute=0 rethrow=0 return_oop=0}
                      ; - com.mojang.blaze3d.vertex.BufferBuilder::handler$znp000$iris$beforeNext@195 (line 1183)
                      ; - com.mojang.blaze3d.vertex.BufferBuilder::endLastVertex@2
                      ; - com.mojang.blaze3d.vertex.BufferBuilder::beginVertex@5 (line 96)
                      ; - com.mojang.blaze3d.vertex.BufferBuilder::addVertex@1 (line 156)
  0x0000023407ec5b44: 68fd e001 

  0x0000023407ec5b48: ;   {other}
  0x0000023407ec5b48: 0f1f 8400 | b803 0000 

  0x0000023407ec5b50: ;   {oop(a 'com/mojang/blaze3d/vertex/VertexFormat$Mode'{0x00001000f54402b8})}
  0x0000023407ec5b50: eb13 49ba | b802 44f5 | 0010 0000 | 4d3b ca0f | 84a3 0600 | 004c 8b54 | 2418 458b | 5a0c 450f 
  0x0000023407ec5b70: b64a 4341 | 0fb6 4a44 | 458b 6218 | 418d 5b01 | 4d8b 4248 | 4d85 4728 | 0f85 6308 | 0000 4c89 
  0x0000023407ec5b90: 4424 2045 | 85db 0f84 | d102 0000 | 418b 6a20 | 85ed 0f85 | 3c05 0000 

  0x0000023407ec5ba8: ;   {oop(a 'com/mojang/blaze3d/vertex/VertexFormat$Mode'{0x00001000f5440100})}
  0x0000023407ec5ba8: 49ba 0001 | 44f5 0010 | 0000 4c8b | 5c24 1849 | 8b6b 5849 | 856f 280f | 857a 0800 | 0049 3bea 
  0x0000023407ec5bc8: 0f84 0d03 

  0x0000023407ec5bcc: ;   {oop(a 'com/mojang/blaze3d/vertex/VertexFormat$Mode'{0x00001000f5440168})}
  0x0000023407ec5bcc: 0000 49ba | 6801 44f5 | 0010 0000 | 493b ea0f | 8417 0500 | 0085 c90f | 8523 0500 | 0045 85c9 
  0x0000023407ec5bec: 0f85 5a05 | 0000 4189 | 5b0c 4d85 | c00f 848c | 0200 004c | 8b54 2420 | 418b 6a18 | 458b 520c 
  0x0000023407ec5c0c: 4403 e545 | 3be2 0f8f | b503 0000 | 4c8b 5424 | 2045 8962 | 184d 8b52 | 104c 63dd | 4f8d 2413 
  0x0000023407ec5c2c: 4c8b 4424 | 184d 8960 | 1049 8b58 | 6049 855f | 280f 8554 | 0800 008b | 730c 83fe | 0a0f 86bb 
  0x0000023407ec5c4c: 0300 004c | 634b 1045 | 8b40 1c48 | 8b4c 2418 | 4489 4120 | c5fa 1049 | 38c5 f258 | 4424 1449 
  0x0000023407ec5c6c: 8bfa 4903 | fb4c 8bd7 | 4d03 d1c5 | fa10 5c24 | 08c4 c17a | 111a c4c1 | 7a11 4204 | c5fa 1064 
  0x0000023407ec5c8c: 2410 c4c1 | 7a11 6208 | 49c7 c2ff | ffff ff4d | 3be2 bdff | ffff ff7c | 0840 0f95 | c540 0fb6 
  0x0000023407ec5cac: ed41 f7c0 | 0004 0000 | 7508 418b | c8e9 ec00 | 0000 418b | c881 e1ff | fbff ff41 | 3bc8 0f84 
  0x0000023407ec5ccc: ;   {no_reloc}
  0x0000023407ec5ccc: d001 0000 | 4c8b 5424 | 1841 894a | 2049 83fc | ff0f 84a9 | 0400 004c | 6353 384c | 8bcf 4d03 
  0x0000023407ec5cec: ca49 8bd1 | 4883 c203 | 4c8b 5424 | 1845 8b42 | 3445 8b52 | 2c4c 8b5c | 2418 458b | 5b30 c4c1 
  0x0000023407ec5d0c: ;   {section_word}
  0x0000023407ec5d0c: 7a2a c0c5 | fa58 0ded | fcff ffc5 

  0x0000023407ec5d18: ;   {section_word}
  0x0000023407ec5d18: f25c c4c5 | fa59 0ddd | fcff ffc4 | c17a 2ac3 

  0x0000023407ec5d28: ;   {section_word}
  0x0000023407ec5d28: c5fa 5815 | d4fc ffff | c5ea 5c44 

  0x0000023407ec5d34: ;   {section_word}
  0x0000023407ec5d34: 2414 c5fa | 5915 c2fc | ffff c57a | 2cd9 4181 | fb00 0000 | 800f 84f2 | 0700 00c5 | 7a2c c241 
  0x0000023407ec5d54: 81f8 0000 | 0080 0f84 | cc07 0000 | 450f b6db | 450f b6c0 | 41c1 e310 | 41c1 e008 | c4c1 7a2a 
  0x0000023407ec5d74: ;   {section_word}
  0x0000023407ec5d74: c2c5 fa58 | 0d87 fcff | ffc5 f25c 

  0x0000023407ec5d80: ;   {section_word}
  0x0000023407ec5d80: c3c5 fa59 | 0d77 fcff | ffc5 7a2c | d141 81fa | 0000 0080 | 0f84 7d07 | 0000 450f | b6d2 450b 
  0x0000023407ec5da0: d045 0bd3 | 4589 11c6 | 02ff f6c1 | 4075 56f7 | c180 0000 | 000f 849a 

  0x0000023407ec5db8: ;   {oop(a 'com/mojang/blaze3d/vertex/VertexFormatElement'{0x000010008f71f768})}
  0x0000023407ec5db8: 0000 0049 | b868 f771 | 8f00 1000 | 0048 8b54 | 2418 488b 

  0x0000023407ec5dcc: ;   {optimized virtual_call}
  0x0000023407ec5dcc: ea66 90e8 

  0x0000023407ec5dd0: ; ImmutableOopMap {rbp=Oop [24]=Oop }
                      ;*invokevirtual beginElement {reexecute=0 rethrow=0 return_oop=0}
                      ; - com.mojang.blaze3d.vertex.BufferBuilder::handler$znp000$iris$injectMidBlock@128 (line 1141)
                      ; - com.mojang.blaze3d.vertex.BufferBuilder::addVertex@67 (line 161)
  0x0000023407ec5dd0: dc44 b300 

  0x0000023407ec5dd4: ;   {other}
  0x0000023407ec5dd4: 0f1f 8400 | 4406 0001 

  0x0000023407ec5ddc: ;   {oop(a 'net/irisshaders/iris/uniforms/CapturedRenderingState'{0x00001001c5e31158})}
  0x0000023407ec5ddc: 4c8b d049 | bb58 11e3 | c501 1000 | 0045 8b43 | 2066 4589 | 0245 8b4b | 2445 8b5b | 1c66 4589 
  0x0000023407ec5dfc: 5a02 6645 | 894a 04eb | 5044 8bd1 | 4183 e2bf | 443b d10f | 84a2 0000 | 004c 8b5c | 2418 4589 
  0x0000023407ec5e1c: 5320 4983 | fcff 0f84 | 8803 0000 | 83fe 060f | 861b 0200 | 004c 6353 | 2849 03fa | 4c8b d749 
  0x0000023407ec5e3c: 83c2 024c | 8b5c 2418 | 450f be43 | 4245 8b5b | 2866 4489 | 1f66 4589 | 0248 8b44 | 2418 4883 
  0x0000023407ec5e5c: ;   {poll_return}
  0x0000023407ec5e5c: c450 5d49 | 3ba7 4804 | 0000 0f87 | 9506 0000 | c385 c90f | 85d3 0300 | 0045 85c9 | 0f85 0a04 
  0x0000023407ec5e7c: 0000 4189 | 5a0c 4d85 | c00f 8574 | fdff ffba | f6ff ffff 

  0x0000023407ec5e90: ;   {runtime_call UncommonTrapBlob}
  0x0000023407ec5e90: 418b ece8 

  0x0000023407ec5e94: ; ImmutableOopMap {}
                      ;*invokevirtual reserve {reexecute=0 rethrow=0 return_oop=0}
                      ; - com.mojang.blaze3d.vertex.BufferBuilder::beginVertex@26 (line 98)
                      ; - com.mojang.blaze3d.vertex.BufferBuilder::addVertex@1 (line 156)
  0x0000023407ec5e94: 68e0 5dff 

  0x0000023407ec5e98: ;   {other}
  0x0000023407ec5e98: 0f1f 8400 | 0807 0002 | ba02 0000 | 0041 8bc8 | 49b9 ffff | ffff ffff | ffff e93d | feff ff41 
  0x0000023407ec5eb8: ba01 0000 | 0048 bfff | ffff ffff | ffff ffe9 | 73ff ffff | 4c8b 5424 | 1841 c642 | 3f00 e98a 
  0x0000023407ec5ed8: fcff ff4d | 85c0 0f84 | e403 0000 | 498b d045 | 8bc4 4c89 

  0x0000023407ec5eec: ;   {optimized virtual_call}
  0x0000023407ec5eec: 5c24 20e8 

  0x0000023407ec5ef0: ; ImmutableOopMap {[24]=Oop [32]=Oop }
                      ;*invokevirtual reserve {reexecute=0 rethrow=0 return_oop=0}
                      ; - com.mojang.blaze3d.vertex.BufferBuilder::endLastVertex@108 (line 133)
                      ; - com.mojang.blaze3d.vertex.BufferBuilder::beginVertex@5 (line 96)
                      ; - com.mojang.blaze3d.vertex.BufferBuilder::addVertex@1 (line 156)
  0x0000023407ec5ef0: bc4c 2b01 

  0x0000023407ec5ef4: ;   {other}
  0x0000023407ec5ef4: 0f1f 8400 | 6407 0003 | 4c8b 5c24 | 184d 634b | 1848 8bd0 | 492b d14c | 8bc0 498b 

  0x0000023407ec5f10: ;   {static_call}
  0x0000023407ec5f10: eb66 90e8 

  0x0000023407ec5f14: ; ImmutableOopMap {rbp=Oop [24]=Oop }
                      ;*invokestatic memCopy {reexecute=0 rethrow=0 return_oop=0}
                      ; - com.mojang.blaze3d.vertex.BufferBuilder::endLastVertex@125 (line 134)
                      ; - com.mojang.blaze3d.vertex.BufferBuilder::beginVertex@5 (line 96)
                      ; - com.mojang.blaze3d.vertex.BufferBuilder::addVertex@1 (line 156)
  0x0000023407ec5f14: 0852 e200 

  0x0000023407ec5f18: ;   {other}
  0x0000023407ec5f18: 0f1f 8400 | 8807 0004 | 0fb6 4d44 | 448b 5d0c | 458d 5301 | 4489 550c | 85c9 0f85 | d401 0000 
  0x0000023407ec5f38: 440f b64d | 4345 85c9 | 0f85 0602 | 0000 448b | 6518 4183 | c302 4489 | 5d0c 4c8b | 5d48 4d85 
  0x0000023407ec5f58: 5f28 0f85 | 7b05 0000 | 4c89 5c24 | 204d 85db | 0f85 91fc | ffff e918 

  0x0000023407ec5f70: ;   {oop(a 'com/mojang/blaze3d/vertex/VertexFormatElement'{0x000010008f71afd8})}
  0x0000023407ec5f70: ffff ff48 | bad8 af71 | 8f00 1000 | 0048 ff74 | 2418 488f 

  0x0000023407ec5f84: ;   {optimized virtual_call}
  0x0000023407ec5f84: 0424 90e8 

  0x0000023407ec5f88: ; ImmutableOopMap {[0]=Oop [24]=Oop }
                      ;*invokevirtual mask {reexecute=0 rethrow=0 return_oop=0}
                      ; - com.mojang.blaze3d.vertex.BufferBuilder::handler$znp000$iris$beforeNext@67 (line 1165)
                      ; - com.mojang.blaze3d.vertex.BufferBuilder::endLastVertex@2
                      ; - com.mojang.blaze3d.vertex.BufferBuilder::beginVertex@5 (line 96)
                      ; - com.mojang.blaze3d.vertex.BufferBuilder::addVertex@1 (line 156)
  0x0000023407ec5f88: a4c4 8101 

  0x0000023407ec5f8c: ;   {other}
  0x0000023407ec5f8c: 0f1f 8400 | fc07 0005 | c462 78f2 | dd41 3beb | 0f84 02fb 

  0x0000023407ec5fa0: ;   {section_word}
  0x0000023407ec5fa0: ffff c5fa | 100d 5efa | ffff 488b | 1424 c5f8 | 57c0 c5e8 | 57d2 4889 

  0x0000023407ec5fb8: ;   {optimized virtual_call}
  0x0000023407ec5fb8: 5424 20e8 

  0x0000023407ec5fbc: ; ImmutableOopMap {[24]=Oop [32]=Oop }
                      ;*invokevirtual setNormal {reexecute=0 rethrow=0 return_oop=1}
                      ; - com.mojang.blaze3d.vertex.BufferBuilder::handler$znp000$iris$beforeNext@80 (line 1166)
                      ; - com.mojang.blaze3d.vertex.BufferBuilder::endLastVertex@2
                      ; - com.mojang.blaze3d.vertex.BufferBuilder::beginVertex@5 (line 96)
                      ; - com.mojang.blaze3d.vertex.BufferBuilder::addVertex@1 (line 156)
  0x0000023407ec5fbc: b01e 2b03 

  0x0000023407ec5fc0: ;   {other}
  0x0000023407ec5fc0: 0f1f 8400 | 3008 0006 | e9d7 faff | ff41 b900 | 0020 0045 | 3bd1 458b | c245 0f4f | c145 03c2 
  0x0000023407ec5fe0: 453b c445 | 0f4c c448 | 8b54 2420 | 4489 6424 

  0x0000023407ec5ff0: ;   {optimized virtual_call}
  0x0000023407ec5ff0: 2c66 90e8 

  0x0000023407ec5ff4: ; ImmutableOopMap {[24]=Oop [32]=Oop }
                      ;*invokevirtual resize {reexecute=0 rethrow=0 return_oop=0}
                      ; - com.mojang.blaze3d.vertex.ByteBufferBuilder::ensureCapacity@31 (line 47)
                      ; - com.mojang.blaze3d.vertex.ByteBufferBuilder::reserve@11 (line 38)
                      ; - com.mojang.blaze3d.vertex.BufferBuilder::beginVertex@26 (line 98)
                      ; - com.mojang.blaze3d.vertex.BufferBuilder::addVertex@1 (line 156)
  0x0000023407ec5ff4: 7839 cb01 

  0x0000023407ec5ff8: ;   {other}
  0x0000023407ec5ff8: 0f1f 8400 | 6808 0007 | 448b 6424 | 2ce9 0efc | ffff bae4 | ffff ff49 | 8be8 c5fa | 104c 2408 
  0x0000023407ec6018: c5fa 110c | 24c5 fa10 | 4424 14c5 | fa11 4424 | 04c5 fa10 | 4c24 10c5 | fa11 4c24 | 084c 8964 
  0x0000023407ec6038: 2410 4889 

  0x0000023407ec603c: ;   {runtime_call UncommonTrapBlob}
  0x0000023407ec603c: 5c24 18e8 

  0x0000023407ec6040: ; ImmutableOopMap {rbp=Oop [24]=Oop }
                      ;*iaload {reexecute=0 rethrow=0 return_oop=0}
                      ; - com.mojang.blaze3d.vertex.BufferBuilder::addVertex@14 (line 156)
  0x0000023407ec6040: bcde 5dff 

  0x0000023407ec6044: ;   {other}
  0x0000023407ec6044: 0f1f 8400 | b408 0008 | bae4 ffff | ff4c 891c | 244c 8964 | 2408 4889 

  0x0000023407ec605c: ;   {runtime_call UncommonTrapBlob}
  0x0000023407ec605c: 5c24 10e8 

  0x0000023407ec6060: ; ImmutableOopMap {[0]=Oop [16]=Oop [24]=Oop }
                      ;*iaload {reexecute=0 rethrow=0 return_oop=0}
                      ; - com.mojang.blaze3d.vertex.BufferBuilder::beginElement@64 (line 115)
                      ; - com.mojang.blaze3d.vertex.BufferBuilder::handler$znp000$iris$injectMidBlock@78 (line 1136)
                      ; - com.mojang.blaze3d.vertex.BufferBuilder::addVertex@67 (line 161)
  0x0000023407ec6060: 9cde 5dff 

  0x0000023407ec6064: ;   {other}
  0x0000023407ec6064: 0f1f 8400 | d408 0009 | ba5e ffff 

  0x0000023407ec6070: ;   {runtime_call UncommonTrapBlob}
  0x0000023407ec6070: ff66 90e8 

  0x0000023407ec6074: ; ImmutableOopMap {}
                      ;*invokeinterface getPointer {reexecute=0 rethrow=0 return_oop=0}
                      ; - com.mojang.blaze3d.vertex.BufferBuilder::handler$znp000$iris$beforeNext@137 (line 1178)
                      ; - com.mojang.blaze3d.vertex.BufferBuilder::endLastVertex@2
                      ; - com.mojang.blaze3d.vertex.BufferBuilder::beginVertex@5 (line 96)
                      ; - com.mojang.blaze3d.vertex.BufferBuilder::addVertex@1 (line 156)
  0x0000023407ec6074: 88de 5dff 

  0x0000023407ec6078: ;   {other}
  0x0000023407ec6078: 0f1f 8400 | e808 000a | bae4 ffff | ff48 ff74 | 2418 488f | 0424 c5fa | 104c 2414 | c5fa 114c 
  0x0000023407ec6098: 240c 4489 | 4424 144c | 895c 2430 

  0x0000023407ec60a4: ;   {runtime_call UncommonTrapBlob}
  0x0000023407ec60a4: 6666 90e8 

  0x0000023407ec60a8: ; ImmutableOopMap {rbp=Oop [0]=Oop }
                      ;*lastore {reexecute=0 rethrow=0 return_oop=0}
                      ; - com.mojang.blaze3d.vertex.BufferBuilder::handler$znp000$iris$beforeNext@143 (line 1178)
                      ; - com.mojang.blaze3d.vertex.BufferBuilder::endLastVertex@2
                      ; - com.mojang.blaze3d.vertex.BufferBuilder::beginVertex@5 (line 96)
                      ; - com.mojang.blaze3d.vertex.BufferBuilder::addVertex@1 (line 156)
  0x0000023407ec60a8: 54de 5dff 

  0x0000023407ec60ac: ;   {other}
  0x0000023407ec60ac: 0f1f 8400 | 1c09 000b | ba45 ffff | ff48 8b6c | 2418 c5fa | 1104 24c5 | fa11 4c24 | 04c5 fa11 
  0x0000023407ec60cc: 5424 0844 | 895c 240c 

  0x0000023407ec60d4: ;   {runtime_call UncommonTrapBlob}
  0x0000023407ec60d4: 6666 90e8 

  0x0000023407ec60d8: ; ImmutableOopMap {rbp=Oop }
                      ;*ifne {reexecute=1 rethrow=0 return_oop=0}
                      ; - (reexecute) com.mojang.blaze3d.vertex.BufferBuilder::ensureBuilding@4 (line 75)
                      ; - com.mojang.blaze3d.vertex.BufferBuilder::beginVertex@1 (line 95)
                      ; - com.mojang.blaze3d.vertex.BufferBuilder::addVertex@1 (line 156)
  0x0000023407ec60d8: 24de 5dff 

  0x0000023407ec60dc: ;   {other}
  0x0000023407ec60dc: 0f1f 8400 | 4c09 000c | ba45 ffff 

  0x0000023407ec60e8: ;   {runtime_call UncommonTrapBlob}
  0x0000023407ec60e8: ff66 90e8 

  0x0000023407ec60ec: ; ImmutableOopMap {[24]=Oop }
                      ;*ifeq {reexecute=1 rethrow=0 return_oop=0}
                      ; - (reexecute) com.mojang.blaze3d.vertex.BufferBuilder::endLastVertex@22 (line 123)
                      ; - com.mojang.blaze3d.vertex.BufferBuilder::beginVertex@5 (line 96)
                      ; - com.mojang.blaze3d.vertex.BufferBuilder::addVertex@1 (line 156)
  0x0000023407ec60ec: 10de 5dff 

  0x0000023407ec60f0: ;   {other}
  0x0000023407ec60f0: 0f1f 8400 | 6009 000d | ba45 ffff 

  0x0000023407ec60fc: ;   {runtime_call UncommonTrapBlob}
  0x0000023407ec60fc: ff66 90e8 

  0x0000023407ec6100: ; ImmutableOopMap {rbp=Oop [24]=Oop }
                      ;*if_acmpne {reexecute=1 rethrow=0 return_oop=0}
                      ; - (reexecute) com.mojang.blaze3d.vertex.BufferBuilder::endLastVertex@97 (line 132)
                      ; - com.mojang.blaze3d.vertex.BufferBuilder::beginVertex@5 (line 96)
                      ; - com.mojang.blaze3d.vertex.BufferBuilder::addVertex@1 (line 156)
  0x0000023407ec6100: fcdd 5dff 

  0x0000023407ec6104: ;   {other}
  0x0000023407ec6104: 0f1f 8400 | 7409 000e | ba45 ffff | ff48 8b6c | 2418 c5fa | 1044 2408 | c5fa 1104 | 24c5 fa10 
  0x0000023407ec6124: 4c24 14c5 | fa11 4c24 | 04c5 fa10 | 4424 10c5 | fa11 4424 | 0889 4c24 

  0x0000023407ec613c: ;   {runtime_call UncommonTrapBlob}
  0x0000023407ec613c: 0c66 90e8 

  0x0000023407ec6140: ; ImmutableOopMap {rbp=Oop }
                      ;*ifeq {reexecute=1 rethrow=0 return_oop=0}
                      ; - (reexecute) com.mojang.blaze3d.vertex.BufferBuilder::handler$zog000$iris$batchedentityrendering$onNext@4 (line 5058)
                      ; - com.mojang.blaze3d.vertex.BufferBuilder::endLastVertex@140 (line 137)
                      ; - com.mojang.blaze3d.vertex.BufferBuilder::beginVertex@5 (line 96)
                      ; - com.mojang.blaze3d.vertex.BufferBuilder::addVertex@1 (line 156)
  0x0000023407ec6140: bcdd 5dff 

  0x0000023407ec6144: ;   {other}
  0x0000023407ec6144: 0f1f 8400 | b409 000f | ba45 ffff | ff48 8b6c | 2418 c5fa | 104c 2408 | c5fa 110c | 24c5 fa10 
  0x0000023407ec6164: 4424 14c5 | fa11 4424 | 04c5 fa10 | 4c24 10c5 | fa11 4c24 | 0844 894c 

  0x0000023407ec617c: ;   {runtime_call UncommonTrapBlob}
  0x0000023407ec617c: 240c 90e8 

  0x0000023407ec6180: ; ImmutableOopMap {rbp=Oop }
                      ;*ifeq {reexecute=1 rethrow=0 return_oop=0}
                      ; - (reexecute) com.mojang.blaze3d.vertex.BufferBuilder::handler$zog000$iris$batchedentityrendering$onNext@22 (line 5064)
                      ; - com.mojang.blaze3d.vertex.BufferBuilder::endLastVertex@140 (line 137)
                      ; - com.mojang.blaze3d.vertex.BufferBuilder::beginVertex@5 (line 96)
                      ; - com.mojang.blaze3d.vertex.BufferBuilder::addVertex@1 (line 156)
  0x0000023407ec6180: 7cdd 5dff 

  0x0000023407ec6184: ;   {other}
  0x0000023407ec6184: 0f1f 8400 | f409 0010 | ba45 ffff | ff4c 8954 | 2408 c5fa | 115c 2410 | c5fa 1164 

  0x0000023407ec61a0: ;   {runtime_call UncommonTrapBlob}
  0x0000023407ec61a0: 2418 90e8 

  0x0000023407ec61a4: ; ImmutableOopMap {[8]=Oop }
                      ;*ifne {reexecute=1 rethrow=0 return_oop=0}
                      ; - (reexecute) com.mojang.blaze3d.vertex.BufferBuilder::beginElement@40 (line 112)
                      ; - com.mojang.blaze3d.vertex.BufferBuilder::handler$znp000$iris$injectMidBlock@18 (line 1129)
                      ; - com.mojang.blaze3d.vertex.BufferBuilder::addVertex@67 (line 161)
  0x0000023407ec61a4: 58dd 5dff 

  0x0000023407ec61a8: ;   {other}
  0x0000023407ec61a8: 0f1f 8400 | 180a 0011 | ba45 ffff | ff4c 895c 

  0x0000023407ec61b8: ;   {runtime_call UncommonTrapBlob}
  0x0000023407ec61b8: 2408 90e8 

  0x0000023407ec61bc: ; ImmutableOopMap {[8]=Oop [24]=Oop }
                      ;*ifne {reexecute=1 rethrow=0 return_oop=0}
                      ; - (reexecute) com.mojang.blaze3d.vertex.BufferBuilder::beginElement@40 (line 112)
                      ; - com.mojang.blaze3d.vertex.BufferBuilder::handler$znp000$iris$injectMidBlock@78 (line 1136)
                      ; - com.mojang.blaze3d.vertex.BufferBuilder::addVertex@67 (line 161)
  0x0000023407ec61bc: 40dd 5dff 

  0x0000023407ec61c0: ;   {other}
  0x0000023407ec61c0: 0f1f 8400 | 300a 0012 | ba45 ffff | ffc5 fa10 | 4424 08c5 | fa11 0424 | c5fa 104c | 2414 c5fa 
  0x0000023407ec61e0: 114c 2404 | c5fa 1044 | 2410 c5fa | 1144 2408 | 4c89 5c24 | 104c 894c 

  0x0000023407ec61f8: ;   {runtime_call UncommonTrapBlob}
  0x0000023407ec61f8: 2428 90e8 

  0x0000023407ec61fc: ; ImmutableOopMap {[16]=Oop [24]=Oop [40]=Oop }
                      ;*if_acmpeq {reexecute=1 rethrow=0 return_oop=0}
                      ; - (reexecute) com.mojang.blaze3d.vertex.BufferBuilder::handler$znp000$iris$beforeNext@104 (line 1174)
                      ; - com.mojang.blaze3d.vertex.BufferBuilder::endLastVertex@2
                      ; - com.mojang.blaze3d.vertex.BufferBuilder::beginVertex@5 (line 96)
                      ; - com.mojang.blaze3d.vertex.BufferBuilder::addVertex@1 (line 156)
  0x0000023407ec61fc: 00dd 5dff 

  0x0000023407ec6200: ;   {other}
  0x0000023407ec6200: 0f1f 8400 | 700a 0013 | ba45 ffff | ff48 8b6c | 2418 c5fa | 1044 2408 | c5fa 1104 | 24c5 fa10 
  0x0000023407ec6220: 4c24 14c5 | fa11 4c24 | 04c5 fa10 | 4424 10c5 | fa11 4424 | 084c 894c 

  0x0000023407ec6238: ;   {runtime_call UncommonTrapBlob}
  0x0000023407ec6238: 2428 90e8 

  0x0000023407ec623c: ; ImmutableOopMap {rbp=Oop [40]=Oop }
                      ;*if_acmpne {reexecute=1 rethrow=0 return_oop=0}
                      ; - (reexecute) com.mojang.blaze3d.vertex.BufferBuilder::handler$znp000$iris$beforeNext@179 (line 1182)
                      ; - com.mojang.blaze3d.vertex.BufferBuilder::endLastVertex@2
                      ; - com.mojang.blaze3d.vertex.BufferBuilder::beginVertex@5 (line 96)
                      ; - com.mojang.blaze3d.vertex.BufferBuilder::addVertex@1 (line 156)
  0x0000023407ec623c: c0dc 5dff 

  0x0000023407ec6240: ;   {other}
  0x0000023407ec6240: 0f1f 8400 | b00a 0014 | ba45 ffff | ffc5 fa10 | 4c24 08c5 | fa11 0c24 | c5fa 1044 | 2414 c5fa 
  0x0000023407ec6260: 1144 2404 | c5fa 104c | 2410 c5fa | 114c 2408 | 4c89 5424 | 1089 4c24 

  0x0000023407ec6278: ;   {runtime_call UncommonTrapBlob}
  0x0000023407ec6278: 0c66 90e8 

  0x0000023407ec627c: ; ImmutableOopMap {[16]=Oop [24]=Oop }
                      ;*ifeq {reexecute=1 rethrow=0 return_oop=0}
                      ; - (reexecute) com.mojang.blaze3d.vertex.BufferBuilder::handler$zog000$iris$batchedentityrendering$onNext@4 (line 5058)
                      ; - com.mojang.blaze3d.vertex.BufferBuilder::endLastVertex@14 (line 120)
                      ; - com.mojang.blaze3d.vertex.BufferBuilder::beginVertex@5 (line 96)
                      ; - com.mojang.blaze3d.vertex.BufferBuilder::addVertex@1 (line 156)
  0x0000023407ec627c: 80dc 5dff 

  0x0000023407ec6280: ;   {other}
  0x0000023407ec6280: 0f1f 8400 | f00a 0015 | ba45 ffff | ffc5 fa10 | 4424 08c5 | fa11 0424 | c5fa 104c | 2414 c5fa 
  0x0000023407ec62a0: 114c 2404 | c5fa 1044 | 2410 c5fa | 1144 2408 | 4c89 5424 | 1044 894c 

  0x0000023407ec62b8: ;   {runtime_call UncommonTrapBlob}
  0x0000023407ec62b8: 240c 90e8 

  0x0000023407ec62bc: ; ImmutableOopMap {[16]=Oop [24]=Oop }
                      ;*ifeq {reexecute=1 rethrow=0 return_oop=0}
                      ; - (reexecute) com.mojang.blaze3d.vertex.BufferBuilder::handler$zog000$iris$batchedentityrendering$onNext@22 (line 5064)
                      ; - com.mojang.blaze3d.vertex.BufferBuilder::endLastVertex@14 (line 120)
                      ; - com.mojang.blaze3d.vertex.BufferBuilder::beginVertex@5 (line 96)
                      ; - com.mojang.blaze3d.vertex.BufferBuilder::addVertex@1 (line 156)
  0x0000023407ec62bc: 40dc 5dff 

  0x0000023407ec62c0: ;   {other}
  0x0000023407ec62c0: 0f1f 8400 | 300b 0016 | baf6 ffff | ff41 8bec 

  0x0000023407ec62d0: ;   {runtime_call UncommonTrapBlob}
  0x0000023407ec62d0: 6666 90e8 

  0x0000023407ec62d4: ; ImmutableOopMap {}
                      ;*invokevirtual reserve {reexecute=0 rethrow=0 return_oop=0}
                      ; - com.mojang.blaze3d.vertex.BufferBuilder::endLastVertex@108 (line 133)
                      ; - com.mojang.blaze3d.vertex.BufferBuilder::beginVertex@5 (line 96)
                      ; - com.mojang.blaze3d.vertex.BufferBuilder::addVertex@1 (line 156)
  0x0000023407ec62d4: 28dc 5dff 

  0x0000023407ec62d8: ;   {other}
  0x0000023407ec62d8: 0f1f 8400 | 480b 0017 | baf6 ffff 

  0x0000023407ec62e4: ;   {runtime_call UncommonTrapBlob}
  0x0000023407ec62e4: ff66 90e8 

  0x0000023407ec62e8: ; ImmutableOopMap {}
                      ;*iaload {reexecute=0 rethrow=0 return_oop=0}
                      ; - com.mojang.blaze3d.vertex.BufferBuilder::addVertex@14 (line 156)
  0x0000023407ec62e8: 14dc 5dff 

  0x0000023407ec62ec: ;   {other}
  0x0000023407ec62ec: 0f1f 8400 | 5c0b 0018 | baf6 ffff | ff41 8be8 | 4c89 1c24 

  0x0000023407ec6300: ;   {runtime_call UncommonTrapBlob}
  0x0000023407ec6300: 6666 90e8 

  0x0000023407ec6304: ; ImmutableOopMap {}
                      ;*lastore {reexecute=0 rethrow=0 return_oop=0}
                      ; - com.mojang.blaze3d.vertex.BufferBuilder::handler$znp000$iris$beforeNext@143 (line 1178)
                      ; - com.mojang.blaze3d.vertex.BufferBuilder::endLastVertex@2
                      ; - com.mojang.blaze3d.vertex.BufferBuilder::beginVertex@5 (line 96)
                      ; - com.mojang.blaze3d.vertex.BufferBuilder::addVertex@1 (line 156)
  0x0000023407ec6304: f8db 5dff 

  0x0000023407ec6308: ;   {other}
  0x0000023407ec6308: 0f1f 8400 | 780b 0019 | 488b d0eb | 10eb 0beb | 09eb 07eb | 0548 8bd0 | eb03 488b | d048 83c4 
  0x0000023407ec6328: ;   {runtime_call _rethrow_Java}
  0x0000023407ec6328: 505d e951 | 1d6a ff48 | 83ec 304c | 8954 2428 | 4c89 5c24 | 2049 8d53 | 5849 8bc9 

  0x0000023407ec6344: ;   {runtime_call}
  0x0000023407ec6344: 48b8 405a | 9440 ff7f | 0000 ffd0 | 4c8b c84c | 8b5c 2420 | 4c8b 5424 | 28c5 f877 | 4883 c430 
  0x0000023407ec6364: e96b f7ff | ff48 83ec | 304c 895c | 2428 4c89 | 4c24 2049 | 8d53 4849 

  0x0000023407ec637c: ;   {runtime_call}
  0x0000023407ec637c: 8bca 48b8 | 405a 9440 | ff7f 0000 | ffd0 4c8b | d04c 8b4c | 2420 4c8b | 5c24 28c5 | f877 4883 
  0x0000023407ec639c: c430 e948 | f7ff ff48 | 83ec 404c | 8954 2438 | 4c89 5c24 | 304c 8944 | 2428 4c89 | 4c24 2049 
  0x0000023407ec63bc: 8d52 7848 

  0x0000023407ec63c0: ;   {runtime_call}
  0x0000023407ec63c0: 8bcd 48b8 | 405a 9440 | ff7f 0000 | ffd0 488b | e84c 8b4c | 2420 4c8b | 4424 284c | 8b5c 2430 
  0x0000023407ec63e0: 4c8b 5424 | 38c5 f877 | 4883 c440 | e922 f7ff | ff48 83ec | 404c 8954 | 2438 4c89 | 5c24 304c 
  0x0000023407ec6400: 894c 2428 | 4889 4c24 | 2049 8d52 | 4849 8bc8 

  0x0000023407ec6410: ;   {runtime_call}
  0x0000023407ec6410: 48b8 405a | 9440 ff7f | 0000 ffd0 | 4c8b c048 | 8b4c 2420 | 4c8b 4c24 | 284c 8b5c | 2430 4c8b 
  0x0000023407ec6430: 5424 38c5 | f877 4883 | c440 e94f | f7ff ff48 | 83ec 504c | 8954 2448 | 4c89 5c24 | 404c 8944 
  0x0000023407ec6450: 2438 4c89 | 4c24 3048 | 894c 2428 | 498d 5358 

  0x0000023407ec6460: ;   {runtime_call}
  0x0000023407ec6460: 488b cd48 | b840 5a94 | 40ff 7f00 | 00ff d048 | 8be8 488b | 4c24 284c | 8b4c 2430 | 4c8b 4424 
  0x0000023407ec6480: 384c 8b5c | 2440 4c8b | 5424 48c5 | f877 4883 | c450 e92e | f7ff ff48 | 83ec 404c | 8954 2438 
  0x0000023407ec64a0: 4c89 5c24 | 304c 8944 | 2428 498d | 5060 488b 

  0x0000023407ec64b0: ;   {runtime_call}
  0x0000023407ec64b0: cb48 b840 | 5a94 40ff | 7f00 00ff | d048 8bd8 | 4c8b 4424 | 284c 8b5c | 2430 4c8b | 5424 38c5 
  0x0000023407ec64d0: f877 4883 | c440 e968 | f7ff ff48 | 83ec 2048 | 8d55 4849 

  0x0000023407ec64e4: ;   {runtime_call}
  0x0000023407ec64e4: 8bcb 48b8 | 405a 9440 | ff7f 0000 | ffd0 4c8b | d8c5 f877 | 4883 c420 | e95f faff 

  0x0000023407ec6500: ;   {internal_word}
  0x0000023407ec6500: ff49 ba5f | 5eec 0734 | 0200 004d | 8997 6004 

  0x0000023407ec6510: ;   {runtime_call SafepointBlob}
  0x0000023407ec6510: 0000 e9e9 | ea5d ff48 | 83ec 08c5 | fb11 0c24 

  0x0000023407ec6520: ;   {runtime_call StubRoutines (initial stubs)}
  0x0000023407ec6520: e8d7 ab58 | ff41 5ae9 | 6ef8 ffff | 4883 ec08 | c5fb 1114 

  0x0000023407ec6534: ;   {runtime_call StubRoutines (initial stubs)}
  0x0000023407ec6534: 24e8 c2ab | 58ff 4158 | e91f f8ff | ff48 83ec | 08c5 fb11 

  0x0000023407ec6548: ;   {runtime_call StubRoutines (initial stubs)}
  0x0000023407ec6548: 0c24 e8ad | ab58 ff41 | 5be9 f9f7 

  0x0000023407ec6554: ;   {runtime_call StubRoutines (final stubs)}
  0x0000023407ec6554: ffff e885 | 105c ffe9 | eaf4 ffff 
[Stub Code]
  0x0000023407ec6560: ;   {no_reloc}
  0x0000023407ec6560: 48bb 0000 | 0000 0000 

  0x0000023407ec6568: ;   {runtime_call nmethod}
  0x0000023407ec6568: 0000 e9fb 

  0x0000023407ec656c: ;   {static_stub}
  0x0000023407ec656c: ffff ff48 | bb00 0000 | 0000 0000 

  0x0000023407ec6578: ;   {runtime_call nmethod}
  0x0000023407ec6578: 00e9 fbff 

  0x0000023407ec657c: ;   {static_stub}
  0x0000023407ec657c: ffff 48bb | 0014 9543 | 3402 0000 

  0x0000023407ec6588: ;   {runtime_call I2C/C2I adapters}
  0x0000023407ec6588: e9cd d25d 

  0x0000023407ec658c: ;   {static_stub}
  0x0000023407ec658c: ff48 bb68 | 828a 1034 

  0x0000023407ec6594: ;   {runtime_call I2C/C2I adapters}
  0x0000023407ec6594: 0200 00e9 | 42da 5aff 

  0x0000023407ec659c: ;   {static_stub}
  0x0000023407ec659c: 48bb 9035 | 4c44 3402 

  0x0000023407ec65a4: ;   {runtime_call I2C/C2I adapters}
  0x0000023407ec65a4: 0000 e9ab 

  0x0000023407ec65a8: ;   {static_stub}
  0x0000023407ec65a8: cb5d ff48 | bb68 a47c | 5634 0200 

  0x0000023407ec65b4: ;   {runtime_call I2C/C2I adapters}
  0x0000023407ec65b4: 00e9 a0d2 

  0x0000023407ec65b8: ;   {static_stub}
  0x0000023407ec65b8: 5dff 48bb | 0000 0000 | 0000 0000 

  0x0000023407ec65c4: ;   {runtime_call nmethod}
  0x0000023407ec65c4: e9fb ffff 

  0x0000023407ec65c8: ;   {runtime_call ExceptionBlob}
  0x0000023407ec65c8: ffe9 b2bd | 69ff e800 | 0000 0048 | 832c 2405 

  0x0000023407ec65d8: ;   {runtime_call DeoptimizationBlob}
  0x0000023407ec65d8: e9c3 dc5d | fff4 f4f4 
[/MachCode]


---------------  P R O C E S S  ---------------

Threads class SMR info:
_java_thread_list=0x00000236dc4ec240, length=227, elements={
0x000002347584f190, 0x0000023475383790, 0x0000023475383df0, 0x00000234753b2200,
0x00000234753c6d00, 0x00000234753c7360, 0x00000234753c79c0, 0x00000234753de890,
0x000002341304a140, 0x00000234132362d0, 0x0000023413244380, 0x0000023435a10d70,
0x0000023435a13b60, 0x0000023435a12e40, 0x0000023435a134d0, 0x0000023435a141f0,
0x0000023438b6f430, 0x0000023438b6d9f0, 0x0000023438b71b90, 0x0000023438b72220,
0x0000023438b728b0, 0x0000023438b6e080, 0x000002341685ab50, 0x000002341685c590,
0x000002341685ecf0, 0x000002341685a4c0, 0x00000234379e9670, 0x00000234379ed810,
0x00000234379ea390, 0x00000234379ee530, 0x00000234379eb0b0, 0x00000234379ecaf0,
0x00000234379eaa20, 0x00000234379e8fe0, 0x000002345175f0d0, 0x0000023451761830,
0x000002341827a760, 0x000002341827c1a0, 0x0000023451761ec0, 0x000002345175c2e0,
0x00000234199c9510, 0x00000234199c3fc0, 0x00000234379ebdd0, 0x0000023451762be0,
0x0000023438b6e710, 0x000002341827e900, 0x0000023454485a90, 0x0000023454483330,
0x00000234544846e0, 0x00000236e9981450, 0x00000236e9987030, 0x00000236f4c5ffe0,
0x00000236f4c5d1f0, 0x00000236f4c60d00, 0x00000236f4c5f2c0, 0x000002341685d2b0,
0x000002341685e660, 0x00000236e3e5de80, 0x00000236e3e5c440, 0x00000236e3e67c00,
0x00000236e3e6a9f0, 0x00000236e3e6b080, 0x00000236e6273160, 0x00000236e6276c70,
0x00000236e6271db0, 0x00000236e627ae10, 0x00000236e6278020, 0x00000236e62793d0,
0x00000236e627e920, 0x00000237464f1730, 0x00000237464ef660, 0x00000237464f9a70,
0x00000237464f58d0, 0x00000236f4c5e5a0, 0x00000236e3e66850, 0x00000236e3e61300,
0x00000236e3e654a0, 0x00000236e3e68920, 0x00000236e3e67570, 0x00000236e3e68fb0,
0x00000237464f65f0, 0x00000237464f0a10, 0x00000237464f6c80, 0x00000237464efcf0,
0x00000237464f3800, 0x00000237464f3e90, 0x00000237464f3170, 0x00000237464f10a0,
0x00000237464f2450, 0x00000237464f2ae0, 0x00000237464fbb40, 0x00000237464fe2a0,
0x00000237464ff650, 0x0000023746504ba0, 0x00000237464ffce0, 0x0000023746500370,
0x0000023746501db0, 0x00000237464fdc10, 0x0000023746505230, 0x00000237465086b0,
0x0000023746507990, 0x00000237465058c0, 0x00000237465065e0, 0x0000023435a127b0,
0x0000023435a162c0, 0x0000023435a14880, 0x0000023435a16fe0, 0x0000023435a16950,
0x0000023435a14f10, 0x0000023435a106e0, 0x0000023435a155a0, 0x0000023435a15c30,
0x0000023435a10050, 0x0000023435a17670, 0x0000023435a11400, 0x0000023435a11a90,
0x0000023435a12120, 0x00000236f4c5f950, 0x00000236f4c61a20, 0x00000236f4c62dd0,
0x00000236f4c5c4d0, 0x00000236f4c5df10, 0x00000236f4c65530, 0x00000236f4c66250,
0x00000236f4c689b0, 0x00000236f4c696d0, 0x00000236f4c6a3f0, 0x00000236f4c6aa80,
0x00000236f4c6b110, 0x000002341827f620, 0x000002341827c830, 0x000002341827cec0,
0x000002341827b480, 0x00000234182793b0, 0x000002341827bb10, 0x000002341827fcb0,
0x0000023418278d20, 0x000002345175c970, 0x000002345175d690, 0x000002345175e3b0,
0x00000237464f5240, 0x00000237464f4520, 0x00000236e3e63a60, 0x00000236e3e64780,
0x00000236e3e64e10, 0x00000236e3e68290, 0x00000236e3e5e510, 0x00000236e3e69cd0,
0x00000236e3e661c0, 0x00000236e3e65b30, 0x00000236e3e69640, 0x00000236e627c1c0,
0x0000023746508d40, 0x0000023746504510, 0x000002374650c1c0, 0x0000023746506c70,
0x000002374650cee0, 0x00000236e3e5d160, 0x00000236e3e5f230, 0x00000236e3e62d40,
0x00000236e3e5eba0, 0x00000236e3e5bdb0, 0x00000236e3e5f8c0, 0x00000236f4c5be40,
0x000002341685fa10, 0x00000234199c4ce0, 0x00000234199c87f0, 0x00000236e99848d0,
0x00000236e6274ba0, 0x00000237464fefc0, 0x0000023746503e80, 0x00000237464fd580,
0x000002374650e290, 0x0000023746509a60, 0x000002374650a0f0, 0x0000023454486120,
0x0000023454486e40, 0x00000234544818f0, 0x00000237464fa100, 0x00000237464fcef0,
0x00000237464f93e0, 0x00000237464fe930, 0x00000237464fa790, 0x000002374650b4a0,
0x00000236e6277990, 0x00000236e6272ad0, 0x00000236e6272440, 0x00000236e6271720,
0x00000236e627efb0, 0x00000236f4c63af0, 0x00000236e627d570, 0x00000236f4c64180,
0x00000236f4c62740, 0x00000236f4c64ea0, 0x00000236f4c668e0, 0x00000236e3e640f0,
0x00000236e3e5ff50, 0x0000023451762550, 0x0000023451763270, 0x00000236e62765e0,
0x00000236e627dc00, 0x00000236e627fcd0, 0x0000023438b6eda0, 0x0000023438b70e70,
0x0000023438b71500, 0x0000023438b72f40, 0x000002341827e270, 0x000002341827adf0,
0x000002341827d550, 0x00000236f4c68320, 0x00000236f4c63460, 0x00000236f4c61390,
0x00000237464fae20, 0x00000237464f5f60, 0x00000237464f8d50, 0x00000237464f79a0,
0x00000237464fc1d0, 0x00000237464fc860, 0x00000237464f8030, 0x00000236e6279a60,
0x00000236e627e290, 0x00000236e6277300, 0x00000236e6280360, 0x00000236e627b4a0,
0x00000236e627bb30, 0x000002345175d000, 0x000002345175dd20
}

Java Threads: ( => current thread )
=>0x000002347584f190 JavaThread "Render thread"                     [_thread_in_Java, id=31536, stack(0x00000038aa000000,0x00000038aa100000) (1024K)]
  0x0000023475383790 JavaThread "Reference Handler"          daemon [_thread_blocked, id=3648, stack(0x00000038ab600000,0x00000038ab700000) (1024K)]
  0x0000023475383df0 JavaThread "Finalizer"                  daemon [_thread_blocked, id=19452, stack(0x00000038ab700000,0x00000038ab800000) (1024K)]
  0x00000234753b2200 JavaThread "Signal Dispatcher"          daemon [_thread_blocked, id=22152, stack(0x00000038ab800000,0x00000038ab900000) (1024K)]
  0x00000234753c6d00 JavaThread "Attach Listener"            daemon [_thread_blocked, id=31624, stack(0x00000038ab900000,0x00000038aba00000) (1024K)]
  0x00000234753c7360 JavaThread "Service Thread"             daemon [_thread_blocked, id=10992, stack(0x00000038aba00000,0x00000038abb00000) (1024K)]
  0x00000234753c79c0 JavaThread "Monitor Deflation Thread"   daemon [_thread_blocked, id=26664, stack(0x00000038abb00000,0x00000038abc00000) (1024K)]
  0x00000234753de890 JavaThread "C2 CompilerThread0"         daemon [_thread_blocked, id=23104, stack(0x00000038abc00000,0x00000038abd00000) (1024K)]
  0x000002341304a140 JavaThread "C1 CompilerThread0"         daemon [_thread_blocked, id=31088, stack(0x00000038abd00000,0x00000038abe00000) (1024K)]
  0x00000234132362d0 JavaThread "Notification Thread"        daemon [_thread_blocked, id=1860, stack(0x00000038ac000000,0x00000038ac100000) (1024K)]
  0x0000023413244380 JavaThread "Common-Cleaner"             daemon [_thread_blocked, id=19684, stack(0x00000038ac100000,0x00000038ac200000) (1024K)]
  0x0000023435a10d70 JavaThread "c2me-worker-0"              daemon [_thread_blocked, id=19072, stack(0x00000038af100000,0x00000038af200000) (1024K)]
  0x0000023435a13b60 JavaThread "c2me-worker-1"              daemon [_thread_blocked, id=7540, stack(0x00000038af200000,0x00000038af300000) (1024K)]
  0x0000023435a12e40 JavaThread "c2me-worker-2"              daemon [_thread_blocked, id=14008, stack(0x00000038af300000,0x00000038af400000) (1024K)]
  0x0000023435a134d0 JavaThread "c2me-worker-3"              daemon [_thread_blocked, id=27376, stack(0x00000038af400000,0x00000038af500000) (1024K)]
  0x0000023435a141f0 JavaThread "c2me-worker-4"              daemon [_thread_blocked, id=10372, stack(0x00000038af500000,0x00000038af600000) (1024K)]
  0x0000023438b6f430 JavaThread "c2me-worker-5"              daemon [_thread_blocked, id=31320, stack(0x00000038af600000,0x00000038af700000) (1024K)]
  0x0000023438b6d9f0 JavaThread "c2me-worker-6"              daemon [_thread_blocked, id=22780, stack(0x00000038af700000,0x00000038af800000) (1024K)]
  0x0000023438b71b90 JavaThread "c2me-worker-7"              daemon [_thread_blocked, id=23916, stack(0x00000038af800000,0x00000038af900000) (1024K)]
  0x0000023438b72220 JavaThread "c2me-worker-8"              daemon [_thread_blocked, id=30952, stack(0x00000038af900000,0x00000038afa00000) (1024K)]
  0x0000023438b728b0 JavaThread "c2me-sched"                 daemon [_thread_blocked, id=12060, stack(0x00000038afa00000,0x00000038afb00000) (1024K)]
  0x0000023438b6e080 JavaThread "JNA Cleaner"                daemon [_thread_blocked, id=11916, stack(0x00000038afe00000,0x00000038aff00000) (1024K)]
  0x000002341685ab50 JavaThread "Timer hack thread"          daemon [_thread_blocked, id=28444, stack(0x00000038ae000000,0x00000038ae100000) (1024K)]
  0x000002341685c590 JavaThread "Yggdrasil Key Fetcher"      daemon [_thread_blocked, id=12192, stack(0x00000038afb00000,0x00000038afc00000) (1024K)]
  0x000002341685ecf0 JavaThread "FileSystemWatchService"     daemon [_thread_in_native, id=31196, stack(0x00000038b0000000,0x00000038b0100000) (1024K)]
  0x000002341685a4c0 JavaThread "Cleaner-0"                  daemon [_thread_blocked, id=20568, stack(0x00000038b0300000,0x00000038b0400000) (1024K)]
  0x00000234379e9670 JavaThread "DH-Log Ticker Thread[0]"    daemon [_thread_blocked, id=10780, stack(0x00000038b0900000,0x00000038b0a00000) (1024K)]
  0x00000234379ed810 JavaThread "Java2D Disposer"            daemon [_thread_blocked, id=15176, stack(0x00000038b0a00000,0x00000038b0b00000) (1024K)]
  0x00000234379ea390 JavaThread "AWT-Windows"                daemon [_thread_in_native, id=31268, stack(0x00000038b0c00000,0x00000038b0d00000) (1024K)]
  0x00000234379ee530 JavaThread "FileSystemWatchService"     daemon [_thread_in_native, id=20916, stack(0x00000038b0d00000,0x00000038b0e00000) (1024K)]
  0x00000234379eb0b0 JavaThread "config-file-watcher-0-0"    daemon [_thread_blocked, id=2936, stack(0x00000038b0e00000,0x00000038b0f00000) (1024K)]
  0x00000234379ecaf0 JavaThread "Tween thread"               daemon [_thread_blocked, id=25976, stack(0x00000038b0f00000,0x00000038b1000000) (1024K)]
  0x00000234379eaa20 JavaThread "FileSystemWatchService"     daemon [_thread_in_native, id=29680, stack(0x00000038b1000000,0x00000038b1100000) (1024K)]
  0x00000234379e8fe0 JavaThread "FileSystemWatchService"     daemon [_thread_in_native, id=21244, stack(0x00000038b1100000,0x00000038b1200000) (1024K)]
  0x000002345175f0d0 JavaThread "JEI Config File Watcher"    daemon [_thread_blocked, id=28972, stack(0x00000038b1200000,0x00000038b1300000) (1024K)]
  0x0000023451761830 JavaThread "modloading-sync-worker"     daemon [_thread_blocked, id=31512, stack(0x00000038add00000,0x00000038ade00000) (1024K)]
  0x000002341827a760 JavaThread "ConfigSaver"                daemon [_thread_blocked, id=29544, stack(0x00000038b2d00000,0x00000038b2e00000) (1024K)]
  0x000002341827c1a0 JavaThread "MiniHUD Worker Thread 0"    daemon [_thread_blocked, id=12972, stack(0x00000038abf00000,0x00000038ac000000) (1024K)]
  0x0000023451761ec0 JavaThread "Thread-16"                  daemon [_thread_blocked, id=2044, stack(0x00000038a9e00000,0x00000038a9f00000) (1024K)]
  0x000002345175c2e0 JavaThread "Cleaner-1"                  daemon [_thread_blocked, id=11348, stack(0x00000038abe00000,0x00000038abf00000) (1024K)]
  0x00000234199c9510 JavaThread "Cleaner-2"                  daemon [_thread_blocked, id=3392, stack(0x00000038ac300000,0x00000038ac400000) (1024K)]
  0x00000234199c3fc0 JavaThread "Cleaner-3"                  daemon [_thread_blocked, id=28776, stack(0x00000038acf00000,0x00000038ad000000) (1024K)]
  0x00000234379ebdd0 JavaThread "Cleaner-4"                  daemon [_thread_blocked, id=12676, stack(0x00000038ade00000,0x00000038adf00000) (1024K)]
  0x0000023451762be0 JavaThread "DH-ApplyConfigPresetTimer"  daemon [_thread_blocked, id=28804, stack(0x00000038b0200000,0x00000038b0300000) (1024K)]
  0x0000023438b6e710 JavaThread "DH-ApplyConfigPresetTimer"  daemon [_thread_blocked, id=20988, stack(0x00000038b0400000,0x00000038b0500000) (1024K)]
  0x000002341827e900 JavaThread "DH-RenderCacheClearConfigTimer" daemon [_thread_blocked, id=20428, stack(0x00000038b0100000,0x00000038b0200000) (1024K)]
  0x0000023454485a90 JavaThread "Cleaner-5"                  daemon [_thread_blocked, id=26412, stack(0x00000038b2e00000,0x00000038b2f00000) (1024K)]
  0x0000023454483330 JavaThread "ForkJoinPool-3-worker-1"    daemon [_thread_blocked, id=31328, stack(0x00000038b3200000,0x00000038b3300000) (1024K)]
  0x00000234544846e0 JavaThread "VirtualThread-unparker"     daemon [_thread_blocked, id=28016, stack(0x00000038b3300000,0x00000038b3400000) (1024K)]
  0x00000236e9981450 JavaThread "CullThread"                 daemon [_thread_blocked, id=28416, stack(0x00000038aff00000,0x00000038b0000000) (1024K)]
  0x00000236e9987030 JavaThread "pool-27-thread-1"                  [_thread_blocked, id=31228, stack(0x00000038b3500000,0x00000038b3600000) (1024K)]
  0x00000236f4c5ffe0 JavaThread "Server Pinger #0"           daemon [_thread_blocked, id=29600, stack(0x00000038b3800000,0x00000038b3900000) (1024K)]
  0x00000236f4c5d1f0 JavaThread "Jndi-Dns-address-change-listener" daemon [_thread_in_native, id=23652, stack(0x00000038b3900000,0x00000038b3a00000) (1024K)]
  0x00000236f4c60d00 JavaThread "Netty Client IO #0"         daemon [_thread_in_native, id=16628, stack(0x00000038b3a00000,0x00000038b3b00000) (1024K)]
  0x00000236f4c5f2c0 JavaThread "Netty Client IO #1"         daemon [_thread_in_native, id=27504, stack(0x00000038b3b00000,0x00000038b3c00000) (1024K)]
  0x000002341685d2b0 JavaThread "DH-delayed save cache cleaner Thread[0]" daemon [_thread_blocked, id=26656, stack(0x00000038aea00000,0x00000038aeb00000) (1024K)]
  0x000002341685e660 JavaThread "DH-Phantom Array Recycler Thread[0]" daemon [_thread_blocked, id=29088, stack(0x00000038aee00000,0x00000038aef00000) (1024K)]
  0x00000236e3e5de80 JavaThread "RxCachedWorkerPoolEvictor-1" daemon [_thread_blocked, id=7060, stack(0x00000038b5000000,0x00000038b5100000) (1024K)]
  0x00000236e3e5c440 JavaThread "ThreadStateHolderCleaner"   daemon [_thread_blocked, id=6536, stack(0x00000038b5200000,0x00000038b5300000) (1024K)]
  0x00000236e3e67c00 JavaThread "Netty Server IO #0"         daemon [_thread_in_native, id=31340, stack(0x00000038b8400000,0x00000038b8500000) (1024K)]
  0x00000236e3e6a9f0 JavaThread "Netty Server IO #1"         daemon [_thread_in_native, id=27252, stack(0x00000038b8500000,0x00000038b8600000) (1024K)]
  0x00000236e3e6b080 JavaThread "Netty Local Client IO #0"   daemon [_thread_blocked, id=31292, stack(0x00000038b8600000,0x00000038b8700000) (1024K)]
  0x00000236e6273160 JavaThread "Netty Server IO #2"         daemon [_thread_in_native, id=15944, stack(0x00000038b8700000,0x00000038b8800000) (1024K)]
  0x00000236e6276c70 JavaThread "Netty Local Client IO #1"   daemon [_thread_blocked, id=2324, stack(0x00000038b8800000,0x00000038b8900000) (1024K)]
  0x00000236e6271db0 JavaThread "Netty Server IO #3"         daemon [_thread_in_native, id=30760, stack(0x00000038b8900000,0x00000038b8a00000) (1024K)]
  0x00000236e627ae10 JavaThread "DH-ChunkSaveIgnoreTimer"    daemon [_thread_blocked, id=29048, stack(0x00000038b8d00000,0x00000038b8e00000) (1024K)]
  0x00000236e6278020 JavaThread "DH-ChunkSaveIgnoreTimer"    daemon [_thread_blocked, id=28224, stack(0x00000038afd00000,0x00000038afe00000) (1024K)]
  0x00000236e62793d0 JavaThread "DH-World Gen Progress Updater Thread[0]" daemon [_thread_blocked, id=10260, stack(0x00000038b9000000,0x00000038b9100000) (1024K)]
  0x00000236e627e920 JavaThread "DH-FullDataPayloadSender"   daemon [_thread_blocked, id=20792, stack(0x00000038b9500000,0x00000038b9600000) (1024K)]
  0x00000237464f1730 JavaThread "JEI Deduplicating Run Executor 0"        [_thread_blocked, id=28292, stack(0x00000038bab00000,0x00000038bac00000) (1024K)]
  0x00000237464ef660 JavaThread "DH-Cleanup timer"           daemon [_thread_blocked, id=23816, stack(0x00000038baf00000,0x00000038bb000000) (1024K)]
  0x00000237464f9a70 JavaThread "DH-GLBuffer Cleanup Thread[0]" daemon [_thread_blocked, id=27884, stack(0x00000038b9300000,0x00000038b9400000) (1024K)]
  0x00000237464f58d0 JavaThread "DH-LodQuadTree Data Retrieval Queue Thread[0]"        [_thread_blocked, id=20948, stack(0x00000038b5600000,0x00000038b5700000) (1024K)]
  0x00000236f4c5e5a0 JavaThread "DH-Cleanup Thread[0]"              [_thread_blocked, id=31620, stack(0x00000038aed00000,0x00000038aee00000) (1024K)]
  0x00000236e3e66850 JavaThread "pool-63-thread-1"                  [_thread_blocked, id=3204, stack(0x00000038afc00000,0x00000038afd00000) (1024K)]
  0x00000236e3e61300 JavaThread "pool-63-thread-2"                  [_thread_blocked, id=25016, stack(0x00000038b0800000,0x00000038b0900000) (1024K)]
  0x00000236e3e654a0 JavaThread "Thread-228"                        [_thread_blocked, id=31416, stack(0x00000038b1b00000,0x00000038b1c00000) (1024K)]
  0x00000236e3e68920 JavaThread "C2ME Storage #19"           daemon [_thread_blocked, id=14688, stack(0x00000038b2000000,0x00000038b2100000) (1024K)]
  0x00000236e3e67570 JavaThread "C2ME Storage #20"           daemon [_thread_blocked, id=23344, stack(0x00000038b2200000,0x00000038b2300000) (1024K)]
  0x00000236e3e68fb0 JavaThread "C2ME Storage #21"           daemon [_thread_blocked, id=2824, stack(0x00000038b2400000,0x00000038b2500000) (1024K)]
  0x00000237464f65f0 JavaThread "Server thread"                     [_thread_blocked, id=10448, stack(0x00000038adc00000,0x00000038add00000) (1024K)]
  0x00000237464f0a10 JavaThread "Thread-238"                        [_thread_blocked, id=27856, stack(0x00000038b2800000,0x00000038b2900000) (1024K)]
  0x00000237464f6c80 JavaThread "DH-ClientTickTimer"         daemon [_thread_blocked, id=10584, stack(0x00000038b2900000,0x00000038b2a00000) (1024K)]
  0x00000237464efcf0 JavaThread "C2ME Storage #25"           daemon [_thread_blocked, id=10292, stack(0x00000038b1c00000,0x00000038b1d00000) (1024K)]
  0x00000237464f3800 JavaThread "C2ME Storage #26"           daemon [_thread_blocked, id=17440, stack(0x00000038b2a00000,0x00000038b2b00000) (1024K)]
  0x00000237464f3e90 JavaThread "C2ME Storage #27"           daemon [_thread_blocked, id=13036, stack(0x00000038b2b00000,0x00000038b2c00000) (1024K)]
  0x00000237464f3170 JavaThread "DH-Update Propagate Queue [minecraft:overworld] Thread[0]"        [_thread_blocked, id=31084, stack(0x00000038b2c00000,0x00000038b2d00000) (1024K)]
  0x00000237464f10a0 JavaThread "DH-Full Data Migration Thread[0]"        [_thread_blocked, id=31000, stack(0x00000038b2f00000,0x00000038b3000000) (1024K)]
  0x00000237464f2450 JavaThread "DH-Request Module Ticker [minecraft:overworld] Thread[0]" daemon [_thread_blocked, id=18304, stack(0x00000038b3000000,0x00000038b3100000) (1024K)]
  0x00000237464f2ae0 JavaThread "DH-DataSource Request Ticker [minecraft:overworld] Thread[0]" daemon [_thread_blocked, id=17416, stack(0x00000038b3100000,0x00000038b3200000) (1024K)]
  0x00000237464fbb40 JavaThread "minecraft_overworld - Light" daemon [_thread_blocked, id=28632, stack(0x00000038b3600000,0x00000038b3700000) (1024K)]
  0x00000237464fe2a0 JavaThread "DH-LOD Builder Thread[0]"          [_thread_blocked, id=21112, stack(0x00000038b3700000,0x00000038b3800000) (1024K)]
  0x00000237464ff650 JavaThread "C2ME Storage #28"           daemon [_thread_blocked, id=19964, stack(0x00000038b3c00000,0x00000038b3d00000) (1024K)]
  0x0000023746504ba0 JavaThread "C2ME Storage #29"           daemon [_thread_blocked, id=14288, stack(0x00000038b3d00000,0x00000038b3e00000) (1024K)]
  0x00000237464ffce0 JavaThread "C2ME Storage #30"           daemon [_thread_blocked, id=18328, stack(0x00000038b3e00000,0x00000038b3f00000) (1024K)]
  0x0000023746500370 JavaThread "DH-Update Propagate Queue [pk_cr_di:creative_superflat] Thread[0]"        [_thread_blocked, id=27336, stack(0x00000038b3f00000,0x00000038b4000000) (1024K)]
  0x0000023746501db0 JavaThread "DH-Request Module Ticker [pk_cr_di:creative_superflat] Thread[0]" daemon [_thread_blocked, id=20956, stack(0x00000038b4000000,0x00000038b4100000) (1024K)]
  0x00000237464fdc10 JavaThread "DH-DataSource Request Ticker [pk_cr_di:creative_superflat] Thread[0]" daemon [_thread_blocked, id=27292, stack(0x00000038b4100000,0x00000038b4200000) (1024K)]
  0x0000023746505230 JavaThread "C2ME Storage #31"           daemon [_thread_blocked, id=28508, stack(0x00000038b4200000,0x00000038b4300000) (1024K)]
  0x00000237465086b0 JavaThread "C2ME Storage #32"           daemon [_thread_blocked, id=1796, stack(0x00000038b4300000,0x00000038b4400000) (1024K)]
  0x0000023746507990 JavaThread "C2ME Storage #33"           daemon [_thread_blocked, id=18320, stack(0x00000038b4400000,0x00000038b4500000) (1024K)]
  0x00000237465058c0 JavaThread "DH-Update Propagate Queue [minecraft:the_end] Thread[0]"        [_thread_blocked, id=16260, stack(0x00000038b2600000,0x00000038b2700000) (1024K)]
  0x00000237465065e0 JavaThread "DH-Request Module Ticker [minecraft:the_end] Thread[0]" daemon [_thread_blocked, id=27588, stack(0x00000038b0b00000,0x00000038b0c00000) (1024K)]
  0x0000023435a127b0 JavaThread "DH-DataSource Request Ticker [minecraft:the_end] Thread[0]" daemon [_thread_blocked, id=27832, stack(0x00000038b1300000,0x00000038b1400000) (1024K)]
  0x0000023435a162c0 JavaThread "C2ME Storage #34"           daemon [_thread_blocked, id=11100, stack(0x00000038b1a00000,0x00000038b1b00000) (1024K)]
  0x0000023435a14880 JavaThread "C2ME Storage #35"           daemon [_thread_blocked, id=21992, stack(0x00000038b4500000,0x00000038b4600000) (1024K)]
  0x0000023435a16fe0 JavaThread "C2ME Storage #36"           daemon [_thread_blocked, id=28712, stack(0x00000038b4600000,0x00000038b4700000) (1024K)]
  0x0000023435a16950 JavaThread "DH-Update Propagate Queue [minecraft:the_nether] Thread[0]"        [_thread_blocked, id=30900, stack(0x00000038ae300000,0x00000038ae400000) (1024K)]
  0x0000023435a14f10 JavaThread "DH-Request Module Ticker [minecraft:the_nether] Thread[0]" daemon [_thread_blocked, id=9712, stack(0x00000038b4700000,0x00000038b4800000) (1024K)]
  0x0000023435a106e0 JavaThread "DH-DataSource Request Ticker [minecraft:the_nether] Thread[0]" daemon [_thread_blocked, id=27728, stack(0x00000038adb00000,0x00000038adc00000) (1024K)]
  0x0000023435a155a0 JavaThread "C2ME Storage #37"           daemon [_thread_blocked, id=28000, stack(0x00000038ae200000,0x00000038ae300000) (1024K)]
  0x0000023435a15c30 JavaThread "C2ME Storage #38"           daemon [_thread_blocked, id=8684, stack(0x00000038b4800000,0x00000038b4900000) (1024K)]
  0x0000023435a10050 JavaThread "C2ME Storage #39"           daemon [_thread_blocked, id=18788, stack(0x00000038b4900000,0x00000038b4a00000) (1024K)]
  0x0000023435a17670 JavaThread "DH-Update Propagate Queue [aether:the_aether] Thread[0]"        [_thread_blocked, id=19736, stack(0x00000038b4a00000,0x00000038b4b00000) (1024K)]
  0x0000023435a11400 JavaThread "DH-Request Module Ticker [aether:the_aether] Thread[0]" daemon [_thread_blocked, id=9100, stack(0x00000038b4b00000,0x00000038b4c00000) (1024K)]
  0x0000023435a11a90 JavaThread "DH-DataSource Request Ticker [aether:the_aether] Thread[0]" daemon [_thread_blocked, id=13236, stack(0x00000038b4c00000,0x00000038b4d00000) (1024K)]
  0x0000023435a12120 JavaThread "C2ME Storage #40"           daemon [_thread_blocked, id=30768, stack(0x00000038b4d00000,0x00000038b4e00000) (1024K)]
  0x00000236f4c5f950 JavaThread "C2ME Storage #41"           daemon [_thread_blocked, id=18488, stack(0x00000038b4e00000,0x00000038b4f00000) (1024K)]
  0x00000236f4c61a20 JavaThread "C2ME Storage #42"           daemon [_thread_blocked, id=31712, stack(0x00000038b4f00000,0x00000038b5000000) (1024K)]
  0x00000236f4c62dd0 JavaThread "DH-Update Propagate Queue [ae2:spatial_storage] Thread[0]"        [_thread_blocked, id=23856, stack(0x00000038b5100000,0x00000038b5200000) (1024K)]
  0x00000236f4c5c4d0 JavaThread "DH-Request Module Ticker [ae2:spatial_storage] Thread[0]" daemon [_thread_blocked, id=2600, stack(0x00000038b5300000,0x00000038b5400000) (1024K)]
  0x00000236f4c5df10 JavaThread "DH-DataSource Request Ticker [ae2:spatial_storage] Thread[0]" daemon [_thread_blocked, id=29528, stack(0x00000038b5400000,0x00000038b5500000) (1024K)]
  0x00000236f4c65530 JavaThread "DH-LOD Builder Thread[1]"          [_thread_blocked, id=9764, stack(0x00000038b5a00000,0x00000038b5b00000) (1024K)]
  0x00000236f4c66250 JavaThread "DH-LOD Builder Thread[2]"          [_thread_blocked, id=2064, stack(0x00000038b5c00000,0x00000038b5d00000) (1024K)]
  0x00000236f4c689b0 JavaThread "DH-LOD Builder Thread[3]"          [_thread_blocked, id=15192, stack(0x00000038b5d00000,0x00000038b5e00000) (1024K)]
  0x00000236f4c696d0 JavaThread "DH-LOD Builder Thread[4]"          [_thread_blocked, id=18404, stack(0x00000038b5e00000,0x00000038b5f00000) (1024K)]
  0x00000236f4c6a3f0 JavaThread "DH-LOD Builder Thread[5]"          [_thread_blocked, id=10540, stack(0x00000038b5f00000,0x00000038b6000000) (1024K)]
  0x00000236f4c6aa80 JavaThread "DH-LOD Builder Thread[6]"          [_thread_blocked, id=27840, stack(0x00000038b6000000,0x00000038b6100000) (1024K)]
  0x00000236f4c6b110 JavaThread "DH-LOD Builder Thread[7]"          [_thread_blocked, id=29248, stack(0x00000038b6100000,0x00000038b6200000) (1024K)]
  0x000002341827f620 JavaThread "VoiceChatPacketProcessingThread" daemon [_thread_blocked, id=19828, stack(0x00000038b8c00000,0x00000038b8d00000) (1024K)]
  0x000002341827c830 JavaThread "VoiceChatServerThread"      daemon [_thread_in_native, id=14772, stack(0x00000038b8e00000,0x00000038b8f00000) (1024K)]
  0x000002341827cec0 JavaThread "Netty Server IO #4"         daemon [_thread_in_native, id=28784, stack(0x00000038b8f00000,0x00000038b9000000) (1024K)]
  0x000002341827b480 JavaThread "Netty Server IO #5"         daemon [_thread_in_native, id=22504, stack(0x00000038b9100000,0x00000038b9200000) (1024K)]
  0x00000234182793b0 JavaThread "Netty Local Client IO #2"   daemon [_thread_blocked, id=10128, stack(0x00000038b9200000,0x00000038b9300000) (1024K)]
  0x000002341827bb10 JavaThread "Netty Server IO #6"         daemon [_thread_in_native, id=30840, stack(0x00000038b9400000,0x00000038b9500000) (1024K)]
  0x000002341827fcb0 JavaThread "Netty Local Client IO #3"   daemon [_thread_blocked, id=31632, stack(0x00000038b9600000,0x00000038b9700000) (1024K)]
  0x0000023418278d20 JavaThread "Netty Server IO #7"         daemon [_thread_in_native, id=28788, stack(0x00000038b9700000,0x00000038b9800000) (1024K)]
  0x000002345175c970 JavaThread "Sound engine"               daemon [_thread_blocked, id=10548, stack(0x00000038b2700000,0x00000038b2800000) (1024K)]
  0x000002345175d690 JavaThread "DH-ChunkSaveIgnoreTimer"    daemon [_thread_blocked, id=29476, stack(0x00000038adf00000,0x00000038ae000000) (1024K)]
  0x000002345175e3b0 JavaThread "DH-ChunkSaveIgnoreTimer"    daemon [_thread_blocked, id=6996, stack(0x00000038b5800000,0x00000038b5900000) (1024K)]
  0x00000237464f5240 JavaThread "DH-World Gen Queue Thread[0]"        [_thread_blocked, id=3180, stack(0x00000038b6200000,0x00000038b6300000) (1024K)]
  0x00000237464f4520 JavaThread "DH-World Gen Progress Updater Thread[0]" daemon [_thread_blocked, id=14240, stack(0x00000038b9800000,0x00000038b9900000) (1024K)]
  0x00000236e3e63a60 JavaThread "DH-IO Thread[0]"                   [_thread_blocked, id=31520, stack(0x00000038ba500000,0x00000038ba600000) (1024K)]
  0x00000236e3e64780 JavaThread "DH-Render Loader Thread[0]"        [_thread_blocked, id=22616, stack(0x00000038ba600000,0x00000038ba700000) (1024K)]
  0x00000236e3e64e10 JavaThread "DH-Render Loader Thread[1]"        [_thread_blocked, id=30528, stack(0x00000038ba700000,0x00000038ba800000) (1024K)]
  0x00000236e3e68290 JavaThread "DH-Render Loader Thread[2]"        [_thread_blocked, id=28284, stack(0x00000038ba800000,0x00000038ba900000) (1024K)]
  0x00000236e3e5e510 JavaThread "DH-Render Loader Thread[3]"        [_thread_blocked, id=31216, stack(0x00000038ba900000,0x00000038baa00000) (1024K)]
  0x00000236e3e69cd0 JavaThread "DH-Render Loader Thread[4]"        [_thread_blocked, id=28504, stack(0x00000038baa00000,0x00000038bab00000) (1024K)]
  0x00000236e3e661c0 JavaThread "DH-Render Loader Thread[5]"        [_thread_blocked, id=10160, stack(0x00000038bae00000,0x00000038baf00000) (1024K)]
  0x00000236e3e65b30 JavaThread "DH-Render Loader Thread[6]"        [_thread_blocked, id=8152, stack(0x00000038bb000000,0x00000038bb100000) (1024K)]
  0x00000236e3e69640 JavaThread "DH-Render Loader Thread[7]"        [_thread_blocked, id=5308, stack(0x00000038bb100000,0x00000038bb200000) (1024K)]
  0x00000236e627c1c0 JavaThread "VoiceChatConnectionThread"  daemon [_thread_in_native, id=12132, stack(0x00000038acc00000,0x00000038acd00000) (1024K)]
  0x0000023746508d40 JavaThread "DH-IO Thread[1]"                   [_thread_blocked, id=28640, stack(0x00000038ba400000,0x00000038ba500000) (1024K)]
  0x0000023746504510 JavaThread "DH-Beacon Culling Thread[0]"        [_thread_blocked, id=11340, stack(0x00000038bb400000,0x00000038bb500000) (1024K)]
  0x000002374650c1c0 JavaThread "DH-Update Propagator Thread[0]"        [_thread_blocked, id=312, stack(0x00000038bb500000,0x00000038bb600000) (1024K)]
  0x0000023746506c70 JavaThread "DH-Update Propagator Thread[1]"        [_thread_blocked, id=21060, stack(0x00000038bb600000,0x00000038bb700000) (1024K)]
  0x000002374650cee0 JavaThread "DH-Update Propagator Thread[2]"        [_thread_blocked, id=24616, stack(0x00000038bb700000,0x00000038bb800000) (1024K)]
  0x00000236e3e5d160 JavaThread "DH-Update Propagator Thread[3]"        [_thread_blocked, id=3300, stack(0x00000038bb800000,0x00000038bb900000) (1024K)]
  0x00000236e3e5f230 JavaThread "DH-Update Propagator Thread[4]"        [_thread_blocked, id=21008, stack(0x00000038bb900000,0x00000038bba00000) (1024K)]
  0x00000236e3e62d40 JavaThread "DH-Update Propagator Thread[5]"        [_thread_blocked, id=26904, stack(0x00000038bba00000,0x00000038bbb00000) (1024K)]
  0x00000236e3e5eba0 JavaThread "DH-Update Propagator Thread[6]"        [_thread_blocked, id=19836, stack(0x00000038bbb00000,0x00000038bbc00000) (1024K)]
  0x00000236e3e5bdb0 JavaThread "DH-Update Propagator Thread[7]"        [_thread_blocked, id=28492, stack(0x00000038bbc00000,0x00000038bbd00000) (1024K)]
  0x00000236e3e5f8c0 JavaThread "MicrophoneThread"           daemon [_thread_blocked, id=30904, stack(0x00000038bbd00000,0x00000038bbe00000) (1024K)]
  0x00000236f4c5be40 JavaThread "DH-IO Thread[2]"                   [_thread_blocked, id=31136, stack(0x00000038ac500000,0x00000038ac600000) (1024K)]
  0x000002341685fa10 JavaThread "DH-IO Thread[3]"                   [_thread_blocked, id=14508, stack(0x00000038ad700000,0x00000038ad800000) (1024K)]
  0x00000234199c4ce0 JavaThread "DH-Positional Lock Cleanup Thread[0]" daemon [_thread_blocked, id=8808, stack(0x00000038bbf00000,0x00000038bc000000) (1024K)]
  0x00000234199c87f0 JavaThread "DH-IO Thread[4]"                   [_thread_blocked, id=27288, stack(0x00000038bc100000,0x00000038bc200000) (1024K)]
  0x00000236e99848d0 JavaThread "DH-IO Thread[5]"                   [_thread_blocked, id=30780, stack(0x00000038b5b00000,0x00000038b5c00000) (1024K)]
  0x00000236e6274ba0 JavaThread "DH-IO Thread[6]"                   [_thread_blocked, id=30924, stack(0x00000038bc300000,0x00000038bc400000) (1024K)]
  0x00000237464fefc0 JavaThread "DH-World Gen Thread[0]"            [_thread_blocked, id=31232, stack(0x00000038bc200000,0x00000038bc300000) (1024K)]
  0x0000023746503e80 JavaThread "DH-World Gen Thread[1]"            [_thread_blocked, id=30912, stack(0x00000038bc500000,0x00000038bc600000) (1024K)]
  0x00000237464fd580 JavaThread "DH-World Gen Thread[2]"            [_thread_blocked, id=28104, stack(0x00000038bc600000,0x00000038bc700000) (1024K)]
  0x000002374650e290 JavaThread "DH-World Gen Thread[3]"            [_thread_blocked, id=12176, stack(0x00000038bc700000,0x00000038bc800000) (1024K)]
  0x0000023746509a60 JavaThread "DH-World Gen Thread[4]"            [_thread_blocked, id=11904, stack(0x00000038bc800000,0x00000038bc900000) (1024K)]
  0x000002374650a0f0 JavaThread "DH-World Gen Thread[5]"            [_thread_blocked, id=31204, stack(0x00000038bc900000,0x00000038bca00000) (1024K)]
  0x0000023454486120 JavaThread "DH-World Gen Thread[6]"            [_thread_blocked, id=17544, stack(0x00000038bca00000,0x00000038bcb00000) (1024K)]
  0x0000023454486e40 JavaThread "DH-World Gen Thread[7]"            [_thread_blocked, id=25456, stack(0x00000038bcb00000,0x00000038bcc00000) (1024K)]
  0x00000234544818f0 JavaThread "DH-IO Thread[7]"                   [_thread_blocked, id=26660, stack(0x00000038b5900000,0x00000038b5a00000) (1024K)]
  0x00000237464fa100 JavaThread "ForkJoinPool.commonPool-worker-50" daemon [_thread_blocked, id=5372, stack(0x00000038a9f00000,0x00000038aa000000) (1024K)]
  0x00000237464fcef0 JavaThread "ForkJoinPool.commonPool-worker-51" daemon [_thread_blocked, id=27472, stack(0x00000038ac200000,0x00000038ac300000) (1024K)]
  0x00000237464f93e0 JavaThread "ForkJoinPool.commonPool-worker-52" daemon [_thread_blocked, id=29980, stack(0x00000038ac400000,0x00000038ac500000) (1024K)]
  0x00000237464fe930 JavaThread "ForkJoinPool.commonPool-worker-53" daemon [_thread_blocked, id=9204, stack(0x00000038acb00000,0x00000038acc00000) (1024K)]
  0x00000237464fa790 JavaThread "ForkJoinPool.commonPool-worker-54" daemon [_thread_blocked, id=28600, stack(0x00000038acd00000,0x00000038ace00000) (1024K)]
  0x000002374650b4a0 JavaThread "ForkJoinPool.commonPool-worker-55" daemon [_thread_blocked, id=10120, stack(0x00000038ad000000,0x00000038ad100000) (1024K)]
  0x00000236e6277990 JavaThread "ForkJoinPool.commonPool-worker-57" daemon [_thread_blocked, id=31668, stack(0x00000038ad200000,0x00000038ad300000) (1024K)]
  0x00000236e6272ad0 JavaThread "ForkJoinPool.commonPool-worker-58" daemon [_thread_blocked, id=6456, stack(0x00000038ae100000,0x00000038ae200000) (1024K)]
  0x00000236e6272440 JavaThread "ForkJoinPool.commonPool-worker-59" daemon [_thread_blocked, id=13720, stack(0x00000038ad300000,0x00000038ad400000) (1024K)]
  0x00000236e6271720 JavaThread "ForkJoinPool.commonPool-worker-60" daemon [_thread_blocked, id=31172, stack(0x00000038ad500000,0x00000038ad600000) (1024K)]
  0x00000236e627efb0 JavaThread "ForkJoinPool.commonPool-worker-61" daemon [_thread_blocked, id=6624, stack(0x00000038ad800000,0x00000038ad900000) (1024K)]
  0x00000236f4c63af0 JavaThread "Worker-Main-50"             daemon [_thread_blocked, id=14752, stack(0x00000038b1e00000,0x00000038b1f00000) (1024K)]
  0x00000236e627d570 JavaThread "Worker-Main-59"             daemon [_thread_blocked, id=3184, stack(0x00000038ae500000,0x00000038ae600000) (1024K)]
  0x00000236f4c64180 JavaThread "Worker-Main-62"             daemon [_thread_blocked, id=18844, stack(0x00000038ae700000,0x00000038ae800000) (1024K)]
  0x00000236f4c62740 JavaThread "Worker-Main-66"             daemon [_thread_blocked, id=19780, stack(0x00000038aec00000,0x00000038aed00000) (1024K)]
  0x00000236f4c64ea0 JavaThread "Worker-Main-69"             daemon [_thread_blocked, id=2160, stack(0x00000038aef00000,0x00000038af000000) (1024K)]
  0x00000236f4c668e0 JavaThread "Worker-Main-67"             daemon [_thread_blocked, id=31660, stack(0x00000038b1400000,0x00000038b1500000) (1024K)]
  0x00000236e3e640f0 JavaThread "Worker-Main-70"             daemon [_thread_blocked, id=31892, stack(0x00000038b1500000,0x00000038b1600000) (1024K)]
  0x00000236e3e5ff50 JavaThread "Worker-Main-72"             daemon [_thread_blocked, id=29092, stack(0x00000038b1900000,0x00000038b1a00000) (1024K)]
  0x0000023451762550 JavaThread "Worker-Main-74"             daemon [_thread_blocked, id=32312, stack(0x00000038ae900000,0x00000038aea00000) (1024K)]
  0x0000023451763270 JavaThread "Worker-Main-75"             daemon [_thread_blocked, id=31840, stack(0x00000038b1700000,0x00000038b1800000) (1024K)]
  0x00000236e62765e0 JavaThread "Flywheel Task Executor #0"         [_thread_blocked, id=21184, stack(0x00000038ba100000,0x00000038ba200000) (1024K)]
  0x00000236e627dc00 JavaThread "Flywheel Task Executor #1"         [_thread_blocked, id=32704, stack(0x00000038ba200000,0x00000038ba300000) (1024K)]
  0x00000236e627fcd0 JavaThread "Flywheel Task Executor #2"         [_thread_blocked, id=30684, stack(0x00000038ba300000,0x00000038ba400000) (1024K)]
  0x0000023438b6eda0 JavaThread "Flywheel Task Executor #3"         [_thread_blocked, id=31992, stack(0x00000038bbe00000,0x00000038bbf00000) (1024K)]
  0x0000023438b70e70 JavaThread "Flywheel Task Executor #4"         [_thread_blocked, id=32484, stack(0x00000038bc400000,0x00000038bc500000) (1024K)]
  0x0000023438b71500 JavaThread "Flywheel Task Executor #5"         [_thread_blocked, id=29456, stack(0x00000038bcc00000,0x00000038bcd00000) (1024K)]
  0x0000023438b72f40 JavaThread "Flywheel Task Executor #6"         [_thread_blocked, id=29676, stack(0x00000038bcd00000,0x00000038bce00000) (1024K)]
  0x000002341827e270 JavaThread "Flywheel Task Executor #7"         [_thread_blocked, id=1408, stack(0x00000038bce00000,0x00000038bcf00000) (1024K)]
  0x000002341827adf0 JavaThread "Flywheel Task Executor #8"         [_thread_blocked, id=13320, stack(0x00000038bcf00000,0x00000038bd000000) (1024K)]
  0x000002341827d550 JavaThread "Flywheel Task Executor #9"         [_thread_blocked, id=8328, stack(0x00000038bd000000,0x00000038bd100000) (1024K)]
  0x00000236f4c68320 JavaThread "Chunk Render Task Executor #0"        [_thread_blocked, id=31308, stack(0x00000038b5700000,0x00000038b5800000) (1024K)]
  0x00000236f4c63460 JavaThread "Chunk Render Task Executor #1"        [_thread_blocked, id=19580, stack(0x00000038b6300000,0x00000038b6400000) (1024K)]
  0x00000236f4c61390 JavaThread "Chunk Render Task Executor #2"        [_thread_blocked, id=31800, stack(0x00000038b8a00000,0x00000038b8b00000) (1024K)]
  0x00000237464fae20 JavaThread "Chunk Render Task Executor #3"        [_thread_blocked, id=30872, stack(0x00000038b8b00000,0x00000038b8c00000) (1024K)]
  0x00000237464f5f60 JavaThread "Chunk Render Task Executor #4"        [_thread_blocked, id=8508, stack(0x00000038b9900000,0x00000038b9a00000) (1024K)]
  0x00000237464f8d50 JavaThread "Chunk Render Task Executor #5"        [_thread_blocked, id=20168, stack(0x00000038b9a00000,0x00000038b9b00000) (1024K)]
  0x00000237464f79a0 JavaThread "Chunk Render Task Executor #6"        [_thread_blocked, id=28500, stack(0x00000038b9b00000,0x00000038b9c00000) (1024K)]
  0x00000237464fc1d0 JavaThread "Chunk Render Task Executor #7"        [_thread_blocked, id=3376, stack(0x00000038b9c00000,0x00000038b9d00000) (1024K)]
  0x00000237464fc860 JavaThread "Chunk Render Task Executor #8"        [_thread_blocked, id=32060, stack(0x00000038b9d00000,0x00000038b9e00000) (1024K)]
  0x00000237464f8030 JavaThread "Chunk Render Task Executor #9"        [_thread_blocked, id=23700, stack(0x00000038b9e00000,0x00000038b9f00000) (1024K)]
  0x00000236e6279a60 JavaThread "Worker-Main-76"             daemon [_thread_blocked, id=1824, stack(0x00000038b2500000,0x00000038b2600000) (1024K)]
  0x00000236e627e290 JavaThread "Worker-Main-77"             daemon [_thread_blocked, id=31664, stack(0x00000038ace00000,0x00000038acf00000) (1024K)]
  0x00000236e6277300 JavaThread "Worker-Main-78"             daemon [_thread_blocked, id=32128, stack(0x00000038ad100000,0x00000038ad200000) (1024K)]
  0x00000236e6280360 JavaThread "Worker-Main-79"             daemon [_thread_blocked, id=32260, stack(0x00000038ad400000,0x00000038ad500000) (1024K)]
  0x00000236e627b4a0 JavaThread "ForkJoinPool.commonPool-worker-63" daemon [_thread_blocked, id=27164, stack(0x00000038ae800000,0x00000038ae900000) (1024K)]
  0x00000236e627bb30 JavaThread "ForkJoinPool.commonPool-worker-64" daemon [_thread_blocked, id=29300, stack(0x00000038b2300000,0x00000038b2400000) (1024K)]
  0x000002345175d000 JavaThread "IO-Worker-35"                      [_thread_blocked, id=30740, stack(0x00000038b1f00000,0x00000038b2000000) (1024K)]
  0x000002345175dd20 JavaThread "Worker-Main-80"             daemon [_thread_blocked, id=31540, stack(0x00000038aca00000,0x00000038acb00000) (1024K)]
Total: 227

Other Threads:
  0x00000234758b16a0 VMThread "VM Thread"                           [id=16676, stack(0x00000038ab500000,0x00000038ab600000) (1024K)]
  0x00000234758f8c60 WatcherThread "VM Periodic Task Thread"        [id=31048, stack(0x00000038ab400000,0x00000038ab500000) (1024K)]
  0x00000234758906a0 ConcurrentGCThread "XDirector"                 [id=12988, stack(0x00000038aa800000,0x00000038aa900000) (1024K)]
  0x000002347588fbd0 ConcurrentGCThread "XDriver"                   [id=28764, stack(0x00000038aa700000,0x00000038aa800000) (1024K)]
  0x00000234758912b0 ConcurrentGCThread "XStat"                     [id=30816, stack(0x00000038aa900000,0x00000038aaa00000) (1024K)]
  0x000002347588d4b0 ConcurrentGCThread "XUnmapper"                 [id=12620, stack(0x00000038aa500000,0x00000038aa600000) (1024K)]
  0x000002347588df00 ConcurrentGCThread "XUncommitter"              [id=9700, stack(0x00000038aa600000,0x00000038aa700000) (1024K)]
  0x00000234758729d0 WorkerThread "XWorker#0"                       [id=28868, stack(0x00000038aa100000,0x00000038aa200000) (1024K)]
  0x0000023475873fe0 WorkerThread "XWorker#1"                       [id=13220, stack(0x00000038aa200000,0x00000038aa300000) (1024K)]
  0x0000023475874b80 WorkerThread "XWorker#2"                       [id=9968, stack(0x00000038aa300000,0x00000038aa400000) (1024K)]
  0x0000023475875ec0 WorkerThread "XWorker#3"                       [id=31144, stack(0x00000038aa400000,0x00000038aa500000) (1024K)]
  0x0000023475894970 WorkerThread "RuntimeWorker#0"                 [id=28020, stack(0x00000038aaa00000,0x00000038aab00000) (1024K)]
  0x000002347589a2d0 WorkerThread "RuntimeWorker#1"                 [id=28936, stack(0x00000038aab00000,0x00000038aac00000) (1024K)]
  0x000002347589ad10 WorkerThread "RuntimeWorker#2"                 [id=31072, stack(0x00000038aac00000,0x00000038aad00000) (1024K)]
  0x000002347589b750 WorkerThread "RuntimeWorker#3"                 [id=11864, stack(0x00000038aad00000,0x00000038aae00000) (1024K)]
  0x000002347589c9a0 WorkerThread "RuntimeWorker#4"                 [id=30604, stack(0x00000038aae00000,0x00000038aaf00000) (1024K)]
  0x00000234758a0300 WorkerThread "RuntimeWorker#5"                 [id=21880, stack(0x00000038aaf00000,0x00000038ab000000) (1024K)]
  0x00000234758a0a90 WorkerThread "RuntimeWorker#6"                 [id=29268, stack(0x00000038ab000000,0x00000038ab100000) (1024K)]
  0x00000234758a33f0 WorkerThread "RuntimeWorker#7"                 [id=29612, stack(0x00000038ab100000,0x00000038ab200000) (1024K)]
  0x00000234758b07d0 WorkerThread "RuntimeWorker#8"                 [id=30828, stack(0x00000038ab200000,0x00000038ab300000) (1024K)]
  0x00000234758b1300 WorkerThread "RuntimeWorker#9"                 [id=4544, stack(0x00000038ab300000,0x00000038ab400000) (1024K)]
Total: 21

Threads with active compile tasks:
Total: 0

VM state: not at safepoint (normal execution)

VM Mutex/Monitor currently owned by a thread: None

CDS archive(s) not mapped
Compressed class space mapped at: 0x0000000080000000-0x00000000c0000000, reserved size: 1073741824
Narrow klass base: 0x0000000000000000, Narrow klass shift: 0, Narrow klass range: 0xc0000000

GC Precious Log:
 NUMA Support: Disabled
 CPUs: 16 total, 16 available
 Memory: 32541M
 Large Page Support: Disabled
 GC Workers: 4 (dynamic)
 Address Space Type: Contiguous/Unrestricted/Complete
 Address Space Size: 196608M x 3 = 589824M
 Min Capacity: 1024M
 Initial Capacity: 1024M
 Max Capacity: 12288M
 Medium Page Size: 32M
 Pre-touch: Disabled
 Uncommit: Enabled
 Uncommit Delay: 300s
 Runtime Workers: 10

ZGC Globals:
 GlobalPhase:       2 (Relocate)
 GlobalSeqNum:      649
 Offset Max:        4096G (0x0000040000000000)
 Page Size Small:   2M
 Page Size Medium:  32M

ZGC Metadata Bits:
 Good:              0x0000100000000000
 Bad:               0x00002c0000000000
 WeakBad:           0x00000c0000000000
 Marked:            0x0000040000000000
 Remapped:          0x0000100000000000

Heap:
 ZHeap           used 5840M, capacity 12174M, max capacity 12288M
 Metaspace       used 416116K, committed 420288K, reserved 1441792K
  class space    used 65994K, committed 67904K, reserved 1048576K

ZGC Page Table:
 Small   0x0000000000000000 0x00000000001ffff8 0x0000000000200000  Relocatable
 Small   0x0000000000400000 0x00000000005e6a58 0x0000000000600000  Relocatable
 Small   0x0000000000600000 0x0000000000800000 0x0000000000800000  Relocatable
 Small   0x0000000000c00000 0x0000000000e00000 0x0000000000e00000  Allocating
 Medium  0x0000000000e00000 0x0000000002d44000 0x0000000002e00000  Relocatable
 Small   0x0000000002e00000 0x0000000002ffffe8 0x0000000003000000  Relocatable
 Small   0x0000000003000000 0x0000000003200000 0x0000000003200000  Allocating
 Small   0x0000000003200000 0x0000000003400000 0x0000000003400000  Allocating
 Small   0x0000000003c00000 0x0000000003e00000 0x0000000003e00000  Relocatable
 Small   0x0000000004000000 0x00000000041ffff0 0x0000000004200000  Relocatable
 Small   0x0000000004400000 0x00000000045fffe8 0x0000000004600000  Relocatable
 Small   0x0000000004e00000 0x0000000004fffff8 0x0000000005000000  Relocatable
 Large   0x0000000005000000 0x0000000005600000 0x0000000005600000  Relocatable
 Small   0x0000000005600000 0x00000000057ffc58 0x0000000005800000  Relocatable
 Small   0x0000000005c00000 0x0000000005e00000 0x0000000005e00000  Allocating
 Small   0x0000000005e00000 0x0000000006000000 0x0000000006000000  Allocating
 Small   0x0000000006000000 0x000000000619feb0 0x0000000006200000  Relocatable
 Small   0x0000000006200000 0x0000000006400000 0x0000000006400000  Allocating
 Small   0x0000000006400000 0x0000000006600000 0x0000000006600000  Allocating
 Small   0x0000000006600000 0x00000000067fffe8 0x0000000006800000  Relocatable
 Small   0x0000000006800000 0x00000000069fffe0 0x0000000006a00000  Relocatable
 Small   0x0000000006a00000 0x0000000006bffff8 0x0000000006c00000  Relocatable
 Small   0x0000000006c00000 0x0000000006e00000 0x0000000006e00000  Allocating
 Small   0x0000000007200000 0x00000000073e7b38 0x0000000007400000  Relocatable
 Small   0x0000000007400000 0x0000000007600000 0x0000000007600000  Allocating
 Small   0x0000000007600000 0x0000000007800000 0x0000000007800000  Allocating
 Small   0x0000000007800000 0x0000000007a00000 0x0000000007a00000  Allocating
 Small   0x0000000007a00000 0x0000000007bfffc8 0x0000000007c00000  Relocatable
 Small   0x0000000008000000 0x0000000008200000 0x0000000008200000  Relocatable
 Small   0x0000000008600000 0x00000000087fffb8 0x0000000008800000  Relocatable
 Small   0x0000000008800000 0x00000000089f1ba8 0x0000000008a00000  Relocatable
 Small   0x0000000008c00000 0x0000000008dfffe0 0x0000000008e00000  Relocatable
 Small   0x0000000009400000 0x00000000095ffff0 0x0000000009600000  Allocating
 Small   0x0000000009c00000 0x0000000009dfff58 0x0000000009e00000  Relocatable
 Small   0x000000000a200000 0x000000000a400000 0x000000000a400000  Allocating
 Small   0x000000000a600000 0x000000000a800000 0x000000000a800000  Allocating
 Small   0x000000000a800000 0x000000000a9fffe0 0x000000000aa00000  Relocatable
 Small   0x000000000b200000 0x000000000b400000 0x000000000b400000  Relocatable
 Small   0x000000000be00000 0x000000000bffeb08 0x000000000c000000  Relocatable
 Small   0x000000000d200000 0x000000000d3fffd8 0x000000000d400000  Relocatable
 Small   0x000000000d400000 0x000000000d5fffa0 0x000000000d600000  Relocatable
 Small   0x000000000d800000 0x000000000da00000 0x000000000da00000  Allocating
 Small   0x000000000da00000 0x000000000dbfffe0 0x000000000dc00000  Relocatable
 Small   0x000000000de00000 0x000000000dffd648 0x000000000e000000  Relocatable
 Small   0x000000000ee00000 0x000000000efffff8 0x000000000f000000  Relocatable
 Large   0x000000000f800000 0x000000000fe00000 0x000000000fe00000  Relocatable
 Small   0x0000000010200000 0x00000000103fffe8 0x0000000010400000  Relocatable
 Small   0x0000000011800000 0x00000000119fe3a8 0x0000000011a00000  Relocatable
 Large   0x0000000011e00000 0x0000000012400000 0x0000000012400000  Relocatable
 Small   0x0000000013000000 0x00000000131d7340 0x0000000013200000  Relocatable
 Small   0x0000000014200000 0x0000000014400000 0x0000000014400000  Allocating
 Small   0x0000000014400000 0x0000000014600000 0x0000000014600000  Allocating
 Small   0x0000000014800000 0x0000000014a00000 0x0000000014a00000  Allocating
 Small   0x0000000014a00000 0x0000000014bffe48 0x0000000014c00000  Relocatable
 Small   0x0000000014c00000 0x0000000014e00000 0x0000000014e00000  Allocating
 Small   0x0000000014e00000 0x0000000015000000 0x0000000015000000  Allocating
 Small   0x0000000015800000 0x0000000015a00000 0x0000000015a00000  Allocating
 Small   0x0000000015a00000 0x0000000015c00000 0x0000000015c00000  Allocating
 Small   0x0000000015c00000 0x0000000015dfffe0 0x0000000015e00000  Relocatable
 Small   0x0000000015e00000 0x0000000015ffac78 0x0000000016000000  Relocatable
 Small   0x0000000016200000 0x0000000016400000 0x0000000016400000  Allocating
 Small   0x0000000016400000 0x00000000165fff98 0x0000000016600000  Relocatable
 Small   0x0000000016600000 0x0000000016800000 0x0000000016800000  Allocating
 Small   0x0000000016800000 0x0000000016a00000 0x0000000016a00000  Allocating
 Small   0x0000000016c00000 0x0000000016dfffe8 0x0000000016e00000  Relocatable
 Small   0x0000000016e00000 0x0000000016fe8348 0x0000000017000000  Relocatable
 Small   0x0000000017000000 0x0000000017200000 0x0000000017200000  Relocatable
 Small   0x0000000017200000 0x00000000173ffff8 0x0000000017400000  Relocatable
 Small   0x0000000017400000 0x00000000175fffa8 0x0000000017600000  Relocatable
 Small   0x0000000017600000 0x0000000017800000 0x0000000017800000  Allocating
 Small   0x0000000017800000 0x0000000017a00000 0x0000000017a00000  Allocating
 Small   0x0000000017a00000 0x0000000017bffff8 0x0000000017c00000  Relocatable
 Small   0x0000000017c00000 0x0000000017e00000 0x0000000017e00000  Allocating
 Small   0x0000000017e00000 0x0000000017ffdf70 0x0000000018000000  Relocatable
 Small   0x0000000018000000 0x0000000018200000 0x0000000018200000  Relocatable
 Small   0x0000000018200000 0x0000000018400000 0x0000000018400000  Allocating
 Small   0x0000000018400000 0x0000000018600000 0x0000000018600000  Allocating
 Small   0x0000000018600000 0x0000000018800000 0x0000000018800000  Relocatable
 Small   0x0000000018a00000 0x0000000018c00000 0x0000000018c00000  Allocating
 Small   0x0000000018c00000 0x0000000018e00000 0x0000000018e00000  Allocating
 Small   0x0000000018e00000 0x0000000019000000 0x0000000019000000  Allocating
 Small   0x0000000019000000 0x0000000019200000 0x0000000019200000  Relocatable
 Small   0x0000000019200000 0x00000000193fc150 0x0000000019400000  Relocatable
 Small   0x0000000019400000 0x00000000195f7b88 0x0000000019600000  Relocatable
 Small   0x0000000019600000 0x00000000197fffe8 0x0000000019800000  Relocatable
 Small   0x0000000019a00000 0x0000000019c00000 0x0000000019c00000  Relocatable
 Small   0x0000000019e00000 0x0000000019fffff0 0x000000001a000000  Relocatable
 Small   0x000000001a200000 0x000000001a3fc6d0 0x000000001a400000  Relocatable
 Small   0x000000001a400000 0x000000001a5ffff0 0x000000001a600000  Relocatable
 Small   0x000000001a600000 0x000000001a7e2e90 0x000000001a800000  Relocatable
 Small   0x000000001a800000 0x000000001aa00000 0x000000001aa00000  Allocating
 Small   0x000000001aa00000 0x000000001abfff08 0x000000001ac00000  Relocatable
 Small   0x000000001ac00000 0x000000001adfffe8 0x000000001ae00000  Relocatable
 Small   0x000000001ae00000 0x000000001b000000 0x000000001b000000  Allocating
 Small   0x000000001b200000 0x000000001b400000 0x000000001b400000  Allocating
 Small   0x000000001b400000 0x000000001b5e6108 0x000000001b600000  Relocatable
 Small   0x000000001ba00000 0x000000001bc00000 0x000000001bc00000  Allocating
 Small   0x000000001c800000 0x000000001c9ffff8 0x000000001ca00000  Relocatable
 Small   0x000000001cc00000 0x000000001cdfffc0 0x000000001ce00000  Relocatable
 Small   0x000000001d000000 0x000000001d200000 0x000000001d200000  Allocating
 Small   0x000000001d200000 0x000000001d400000 0x000000001d400000  Allocating
 Small   0x000000001e000000 0x000000001e1fffe8 0x000000001e200000  Relocatable
 Small   0x000000001e600000 0x000000001e7fd1e8 0x000000001e800000  Relocatable
 Small   0x000000001ea00000 0x000000001eb88180 0x000000001ec00000  Relocatable
 Small   0x000000001f000000 0x000000001f1fffd0 0x000000001f200000  Relocatable
 Small   0x000000001f400000 0x000000001f596f98 0x000000001f600000  Relocatable
 Small   0x000000001f600000 0x000000001f800000 0x000000001f800000  Relocatable
 Small   0x0000000020000000 0x00000000201fffb0 0x0000000020200000  Relocatable
 Small   0x0000000020400000 0x0000000020600000 0x0000000020600000  Allocating
 Small   0x0000000021800000 0x0000000021a00000 0x0000000021a00000  Relocatable
 Small   0x0000000022e00000 0x0000000022fffff8 0x0000000023000000  Relocatable
 Small   0x0000000023000000 0x00000000231fffe8 0x0000000023200000  Relocatable
 Small   0x0000000023400000 0x00000000235f8188 0x0000000023600000  Relocatable
 Small   0x0000000023600000 0x00000000237f1dc8 0x0000000023800000  Relocatable
 Small   0x0000000023800000 0x00000000239fd548 0x0000000023a00000  Relocatable
 Small   0x0000000023e00000 0x0000000023fddfb8 0x0000000024000000  Relocatable
 Small   0x0000000024a00000 0x0000000024c00000 0x0000000024c00000  Allocating
 Small   0x0000000024c00000 0x0000000024e00000 0x0000000024e00000  Allocating
 Small   0x0000000024e00000 0x0000000025000000 0x0000000025000000  Allocating
 Small   0x0000000025400000 0x0000000025600000 0x0000000025600000  Allocating
 Small   0x0000000025c00000 0x0000000025dffff8 0x0000000025e00000  Relocatable
 Small   0x0000000025e00000 0x0000000025fba250 0x0000000026000000  Relocatable
 Large   0x0000000026a00000 0x0000000027a00000 0x0000000027a00000  Relocatable
 Small   0x0000000027e00000 0x0000000027fffff0 0x0000000028000000  Relocatable
 Small   0x0000000028800000 0x00000000289e70d8 0x0000000028a00000  Relocatable
 Large   0x0000000028a00000 0x0000000029a00000 0x0000000029a00000  Relocatable
 Small   0x0000000029c00000 0x0000000029dffff8 0x0000000029e00000  Relocatable
 Small   0x000000002a200000 0x000000002a3fffe8 0x000000002a400000  Relocatable
 Small   0x000000002ac00000 0x000000002adea6b0 0x000000002ae00000  Relocatable
 Small   0x000000002b000000 0x000000002b1ffff0 0x000000002b200000  Relocatable
 Small   0x000000002b200000 0x000000002b3ffff0 0x000000002b400000  Relocatable
 Small   0x000000002b800000 0x000000002b9ffff0 0x000000002ba00000  Relocatable
 Small   0x000000002be00000 0x000000002bffffc0 0x000000002c000000  Relocatable
 Small   0x000000002c800000 0x000000002ca00000 0x000000002ca00000  Allocating
 Small   0x000000002d600000 0x000000002d781000 0x000000002d800000  Relocatable
 Small   0x000000002dc00000 0x000000002ddc19e8 0x000000002de00000  Relocatable
 Small   0x000000002e400000 0x000000002e5fdd68 0x000000002e600000  Relocatable
 Small   0x000000002f400000 0x000000002f5fffe8 0x000000002f600000  Relocatable
 Small   0x000000002f600000 0x000000002f7fffd0 0x000000002f800000  Relocatable
 Small   0x0000000030000000 0x00000000301ffe30 0x0000000030200000  Relocatable
 Small   0x0000000031a00000 0x0000000031c00000 0x0000000031c00000  Allocating
 Small   0x0000000032800000 0x00000000329fffe0 0x0000000032a00000  Relocatable
 Small   0x0000000033200000 0x00000000333ffff8 0x0000000033400000  Relocatable
 Small   0x0000000033c00000 0x0000000033dda018 0x0000000033e00000  Relocatable
 Small   0x0000000034000000 0x00000000341fc160 0x0000000034200000  Relocatable
 Small   0x0000000035200000 0x00000000353fffd0 0x0000000035400000  Relocatable
 Small   0x0000000035a00000 0x0000000035c00000 0x0000000035c00000  Relocatable
 Small   0x0000000036000000 0x00000000361f8d88 0x0000000036200000  Relocatable
 Small   0x0000000036600000 0x00000000367ffff8 0x0000000036800000  Relocatable
 Small   0x0000000036a00000 0x0000000036bfffe0 0x0000000036c00000  Relocatable
 Small   0x0000000036c00000 0x0000000036dfffc0 0x0000000036e00000  Relocatable
 Small   0x0000000037a00000 0x0000000037c00000 0x0000000037c00000  Allocating
 Small   0x0000000038200000 0x00000000383ffff8 0x0000000038400000  Relocatable
 Small   0x0000000038a00000 0x0000000038bfffd8 0x0000000038c00000  Relocatable
 Large   0x0000000038c00000 0x000000003a600000 0x000000003a600000  Relocatable
 Small   0x000000003a600000 0x000000003a7ffc98 0x000000003a800000  Relocatable
 Small   0x000000003ae00000 0x000000003afffff8 0x000000003b000000  Relocatable
 Large   0x000000003c000000 0x000000003da00000 0x000000003da00000  Relocatable
 Small   0x000000003dc00000 0x000000003ddfffd0 0x000000003de00000  Relocatable
 Small   0x000000003ec00000 0x000000003edfffe0 0x000000003ee00000  Relocatable
 Small   0x000000003fa00000 0x000000003fbffff0 0x000000003fc00000  Relocatable
 Small   0x000000003fc00000 0x000000003fe00000 0x000000003fe00000  Allocating
 Small   0x0000000040200000 0x00000000403ffff0 0x0000000040400000  Relocatable
 Small   0x0000000040a00000 0x0000000040bffe28 0x0000000040c00000  Relocatable
 Small   0x0000000041000000 0x0000000041156258 0x0000000041200000  Allocating
 Small   0x0000000041600000 0x00000000417ffff8 0x0000000041800000  Relocatable
 Small   0x0000000041c00000 0x0000000041dffff0 0x0000000041e00000  Relocatable
 Small   0x0000000042c00000 0x0000000042e00000 0x0000000042e00000  Relocatable
 Small   0x0000000043800000 0x00000000439fe738 0x0000000043a00000  Relocatable
 Small   0x0000000043c00000 0x0000000043dfffe0 0x0000000043e00000  Relocatable
 Small   0x0000000043e00000 0x0000000044000000 0x0000000044000000  Relocatable
 Small   0x0000000044600000 0x0000000044800000 0x0000000044800000  Relocatable
 Small   0x0000000044c00000 0x0000000044dfffc0 0x0000000044e00000  Relocatable
 Small   0x0000000044e00000 0x0000000045000000 0x0000000045000000  Relocatable
 Small   0x0000000045000000 0x00000000451ffff0 0x0000000045200000  Relocatable
 Small   0x0000000045400000 0x0000000045600000 0x0000000045600000  Allocating
 Small   0x0000000045c00000 0x0000000045dfffc0 0x0000000045e00000  Relocatable
 Small   0x0000000045e00000 0x0000000046000000 0x0000000046000000  Relocatable
 Small   0x0000000046a00000 0x0000000046bfffc8 0x0000000046c00000  Relocatable
 Small   0x0000000046c00000 0x0000000046dfffa8 0x0000000046e00000  Relocatable
 Small   0x0000000048e00000 0x0000000048ffffe0 0x0000000049000000  Relocatable
 Small   0x0000000049a00000 0x0000000049c00000 0x0000000049c00000  Relocatable
 Small   0x0000000049c00000 0x0000000049dfffe0 0x0000000049e00000  Relocatable
 Small   0x000000004aa00000 0x000000004ac00000 0x000000004ac00000  Allocating
 Small   0x000000004b200000 0x000000004b3fffd8 0x000000004b400000  Relocatable
 Small   0x000000004b800000 0x000000004b9fffe8 0x000000004ba00000  Relocatable
 Small   0x000000004ba00000 0x000000004bbfffb8 0x000000004bc00000  Relocatable
 Small   0x000000004c200000 0x000000004c3ffe88 0x000000004c400000  Relocatable
 Small   0x000000004c800000 0x000000004c9ffff8 0x000000004ca00000  Relocatable
 Small   0x000000004d800000 0x000000004d9fffe0 0x000000004da00000  Relocatable
 Small   0x000000004de00000 0x000000004dfffff8 0x000000004e000000  Relocatable
 Small   0x000000004f200000 0x000000004f400000 0x000000004f400000  Allocating
 Small   0x000000004f600000 0x000000004f7fffd0 0x000000004f800000  Relocatable
 Small   0x000000004f800000 0x000000004f95bc40 0x000000004fa00000  Relocatable
 Small   0x0000000050400000 0x0000000050600000 0x0000000050600000  Relocatable
 Small   0x0000000050e00000 0x0000000050fffff0 0x0000000051000000  Relocatable
 Small   0x0000000052600000 0x00000000527fffe8 0x0000000052800000  Relocatable
 Small   0x0000000052a00000 0x0000000052bfffe0 0x0000000052c00000  Relocatable
 Small   0x0000000054400000 0x00000000545fffe0 0x0000000054600000  Relocatable
 Small   0x0000000054e00000 0x0000000055000000 0x0000000055000000  Relocatable
 Small   0x0000000055200000 0x0000000055400000 0x0000000055400000  Allocating
 Small   0x0000000055800000 0x00000000559fff50 0x0000000055a00000  Relocatable
 Small   0x0000000055c00000 0x0000000055de5cb8 0x0000000055e00000  Relocatable
 Small   0x0000000057000000 0x0000000057200000 0x0000000057200000  Allocating
 Small   0x0000000058200000 0x00000000583fffd8 0x0000000058400000  Relocatable
 Small   0x0000000058c00000 0x0000000058e00000 0x0000000058e00000  Relocatable
 Small   0x0000000059400000 0x0000000059600000 0x0000000059600000  Allocating
 Small   0x000000005aa00000 0x000000005ac00000 0x000000005ac00000  Allocating
 Small   0x000000005ae00000 0x000000005afffff0 0x000000005b000000  Relocatable
 Small   0x000000005b000000 0x000000005b200000 0x000000005b200000  Allocating
 Small   0x000000005b400000 0x000000005b600000 0x000000005b600000  Allocating
 Small   0x000000005b600000 0x000000005b800000 0x000000005b800000  Allocating
 Small   0x000000005ba00000 0x000000005bc00000 0x000000005bc00000  Allocating
 Small   0x000000005be00000 0x000000005c000000 0x000000005c000000  Allocating
 Small   0x000000005c200000 0x000000005c400000 0x000000005c400000  Allocating
 Small   0x000000005c600000 0x000000005c800000 0x000000005c800000  Allocating
 Small   0x000000005ca00000 0x000000005cc00000 0x000000005cc00000  Allocating
 Small   0x000000005ce00000 0x000000005d000000 0x000000005d000000  Relocatable
 Small   0x000000005d200000 0x000000005d400000 0x000000005d400000  Allocating
 Small   0x000000005d600000 0x000000005d800000 0x000000005d800000  Allocating
 Small   0x000000005da00000 0x000000005dc00000 0x000000005dc00000  Allocating
 Small   0x000000005e200000 0x000000005e3ffff8 0x000000005e400000  Relocatable
 Small   0x000000005e600000 0x000000005e7fffd0 0x000000005e800000  Relocatable
 Small   0x000000005ea00000 0x000000005eb8f9f0 0x000000005ec00000  Relocatable
 Small   0x000000005f000000 0x000000005f1ffff8 0x000000005f200000  Relocatable
 Small   0x000000005f600000 0x000000005f7fffe8 0x000000005f800000  Relocatable
 Small   0x000000005f800000 0x000000005f9fffe8 0x000000005fa00000  Relocatable
 Small   0x0000000060e00000 0x0000000060ffffc8 0x0000000061000000  Relocatable
 Small   0x0000000061e00000 0x0000000061ffffe0 0x0000000062000000  Relocatable
 Small   0x0000000062e00000 0x0000000062ffffd8 0x0000000063000000  Relocatable
 Small   0x0000000064600000 0x00000000647fffe8 0x0000000064800000  Relocatable
 Small   0x0000000064e00000 0x0000000065000000 0x0000000065000000  Relocatable
 Small   0x0000000065200000 0x00000000653fffd8 0x0000000065400000  Relocatable
 Small   0x0000000065e00000 0x0000000066000000 0x0000000066000000  Relocatable
 Small   0x0000000067c00000 0x0000000067dfffc8 0x0000000067e00000  Relocatable
 Small   0x0000000068e00000 0x0000000069000000 0x0000000069000000  Allocating
 Small   0x0000000069000000 0x0000000069200000 0x0000000069200000  Allocating
 Small   0x0000000069600000 0x0000000069800000 0x0000000069800000  Allocating
 Small   0x0000000069c00000 0x0000000069dfffe8 0x0000000069e00000  Relocatable
 Small   0x000000006a400000 0x000000006a600000 0x000000006a600000  Allocating
 Small   0x000000006a600000 0x000000006a7ffff8 0x000000006a800000  Relocatable
 Small   0x000000006ac00000 0x000000006ae00000 0x000000006ae00000  Allocating
 Small   0x000000006ae00000 0x000000006b000000 0x000000006b000000  Allocating
 Small   0x000000006b000000 0x000000006b200000 0x000000006b200000  Allocating
 Small   0x000000006b200000 0x000000006b400000 0x000000006b400000  Allocating
 Small   0x000000006b400000 0x000000006b5ffff0 0x000000006b600000  Relocatable
 Small   0x000000006b600000 0x000000006b7fffe8 0x000000006b800000  Relocatable
 Small   0x000000006b800000 0x000000006b9ffff0 0x000000006ba00000  Relocatable
 Small   0x000000006ba00000 0x000000006bc00000 0x000000006bc00000  Allocating
 Small   0x000000006bc00000 0x000000006be00000 0x000000006be00000  Allocating
 Small   0x000000006be00000 0x000000006c000000 0x000000006c000000  Allocating
 Small   0x000000006c000000 0x000000006c200000 0x000000006c200000  Allocating
 Small   0x000000006c600000 0x000000006c800000 0x000000006c800000  Allocating
 Small   0x000000006ca00000 0x000000006cc00000 0x000000006cc00000  Allocating
 Small   0x000000006ce00000 0x000000006d000000 0x000000006d000000  Allocating
 Small   0x000000006e600000 0x000000006e7fffd0 0x000000006e800000  Relocatable
 Small   0x000000006f400000 0x000000006f5fffe0 0x000000006f600000  Relocatable
 Small   0x000000006f800000 0x000000006fa00000 0x000000006fa00000  Allocating
 Small   0x0000000070000000 0x0000000070200000 0x0000000070200000  Allocating
 Small   0x0000000070200000 0x0000000070400000 0x0000000070400000  Allocating
 Small   0x0000000070e00000 0x0000000071000000 0x0000000071000000  Allocating
 Small   0x0000000071200000 0x0000000071400000 0x0000000071400000  Allocating
 Small   0x0000000071600000 0x0000000071800000 0x0000000071800000  Allocating
 Small   0x0000000071800000 0x0000000071a00000 0x0000000071a00000  Allocating
 Small   0x0000000071c00000 0x0000000071e00000 0x0000000071e00000  Relocatable
 Small   0x0000000071e00000 0x0000000071ffffe0 0x0000000072000000  Relocatable
 Small   0x0000000072000000 0x0000000072200000 0x0000000072200000  Allocating
 Small   0x0000000073000000 0x0000000073200000 0x0000000073200000  Allocating
 Small   0x0000000073a00000 0x0000000073b93228 0x0000000073c00000  Allocating
 Small   0x0000000073e00000 0x0000000074000000 0x0000000074000000  Relocatable
 Small   0x0000000074000000 0x0000000074200000 0x0000000074200000  Allocating
 Small   0x0000000074a00000 0x0000000074bfffd0 0x0000000074c00000  Relocatable
 Small   0x0000000074c00000 0x0000000074e00000 0x0000000074e00000  Relocatable
 Small   0x0000000074e00000 0x0000000074fffff0 0x0000000075000000  Relocatable
 Small   0x0000000079a00000 0x0000000079bfffe8 0x0000000079c00000  Relocatable
 Small   0x000000007a400000 0x000000007a600000 0x000000007a600000  Relocatable
 Small   0x000000007a800000 0x000000007a98f9b8 0x000000007aa00000  Relocatable
 Small   0x000000007ac00000 0x000000007ae00000 0x000000007ae00000  Relocatable
 Small   0x000000007b000000 0x000000007b200000 0x000000007b200000  Relocatable
 Small   0x000000007cc00000 0x000000007cdfffe8 0x000000007ce00000  Relocatable
 Small   0x000000007fe00000 0x000000007ffffff8 0x0000000080000000  Relocatable
 Small   0x0000000081e00000 0x0000000081fffff0 0x0000000082000000  Relocatable
 Small   0x0000000082e00000 0x0000000082fffff0 0x0000000083000000  Relocatable
 Small   0x0000000083a00000 0x0000000083bfff18 0x0000000083c00000  Relocatable
 Small   0x0000000084800000 0x0000000084a00000 0x0000000084a00000  Relocatable
 Small   0x0000000085600000 0x00000000857fffd8 0x0000000085800000  Relocatable
 Small   0x0000000085800000 0x00000000859fffb8 0x0000000085a00000  Relocatable
 Small   0x0000000085a00000 0x0000000085c00000 0x0000000085c00000  Relocatable
 Small   0x0000000086200000 0x00000000863fffc0 0x0000000086400000  Relocatable
 Small   0x0000000086a00000 0x0000000086bffff8 0x0000000086c00000  Relocatable
 Small   0x0000000087000000 0x00000000871b0b80 0x0000000087200000  Relocatable
 Small   0x0000000087800000 0x00000000879ffb88 0x0000000087a00000  Relocatable
 Small   0x0000000089a00000 0x0000000089bfffb8 0x0000000089c00000  Relocatable
 Small   0x000000008a400000 0x000000008a5fffe8 0x000000008a600000  Relocatable
 Small   0x000000008ba00000 0x000000008bbfffe0 0x000000008bc00000  Relocatable
 Small   0x000000008c400000 0x000000008c5fffe8 0x000000008c600000  Relocatable
 Small   0x000000008c600000 0x000000008c7ffff0 0x000000008c800000  Relocatable
 Small   0x000000008ca00000 0x000000008cbffff0 0x000000008cc00000  Relocatable
 Small   0x000000008cc00000 0x000000008cdfffa8 0x000000008ce00000  Relocatable
 Small   0x000000008d800000 0x000000008d9fffc8 0x000000008da00000  Relocatable
 Small   0x000000008e200000 0x000000008e3fffe0 0x000000008e400000  Relocatable
 Small   0x000000008e400000 0x000000008e600000 0x000000008e600000  Relocatable
 Small   0x000000008e600000 0x000000008e7fa610 0x000000008e800000  Relocatable
 Small   0x000000008ec00000 0x000000008edfffc0 0x000000008ee00000  Relocatable
 Small   0x000000008f600000 0x000000008f7ffff8 0x000000008f800000  Relocatable
 Small   0x000000008f800000 0x000000008fa00000 0x000000008fa00000  Allocating
 Small   0x000000008fc00000 0x000000008fe00000 0x000000008fe00000  Relocatable
 Small   0x000000008fe00000 0x0000000090000000 0x0000000090000000  Allocating
 Small   0x0000000090000000 0x0000000090189318 0x0000000090200000  Relocatable
 Small   0x0000000090a00000 0x0000000090c00000 0x0000000090c00000  Allocating
 Small   0x0000000090e00000 0x0000000090ffffe8 0x0000000091000000  Relocatable
 Small   0x0000000092000000 0x00000000921fffe8 0x0000000092200000  Relocatable
 Small   0x0000000092800000 0x0000000092a00000 0x0000000092a00000  Allocating
 Small   0x0000000092c00000 0x0000000092e00000 0x0000000092e00000  Allocating
 Small   0x0000000093200000 0x00000000933fe548 0x0000000093400000  Relocatable
 Small   0x0000000093800000 0x0000000093a00000 0x0000000093a00000  Allocating
 Small   0x0000000095600000 0x00000000957ffff8 0x0000000095800000  Relocatable
 Small   0x0000000095c00000 0x0000000095e00000 0x0000000095e00000  Allocating
 Small   0x0000000096200000 0x00000000963ffff0 0x0000000096400000  Relocatable
 Small   0x0000000096400000 0x00000000965ffff0 0x0000000096600000  Relocatable
 Small   0x0000000096800000 0x00000000969ff940 0x0000000096a00000  Relocatable
 Small   0x0000000096a00000 0x0000000096c00000 0x0000000096c00000  Relocatable
 Small   0x0000000096e00000 0x0000000096ff5cf8 0x0000000097000000  Relocatable
 Small   0x0000000097200000 0x0000000097400000 0x0000000097400000  Relocatable
 Small   0x0000000097800000 0x0000000097a00000 0x0000000097a00000  Allocating
 Small   0x0000000097e00000 0x0000000097ffffe0 0x0000000098000000  Relocatable
 Small   0x0000000098000000 0x00000000981c71a0 0x0000000098200000  Relocatable
 Small   0x0000000098600000 0x00000000987fffe8 0x0000000098800000  Relocatable
 Small   0x0000000098a00000 0x0000000098bfff68 0x0000000098c00000  Relocatable
 Small   0x0000000098c00000 0x0000000098dfffc8 0x0000000098e00000  Relocatable
 Small   0x0000000098e00000 0x0000000099000000 0x0000000099000000  Allocating
 Small   0x0000000099800000 0x0000000099a00000 0x0000000099a00000  Allocating
 Small   0x000000009b000000 0x000000009b1fffd8 0x000000009b200000  Relocatable
 Small   0x000000009b200000 0x000000009b400000 0x000000009b400000  Allocating
 Small   0x000000009bc00000 0x000000009bdfffe8 0x000000009be00000  Relocatable
 Small   0x000000009be00000 0x000000009c000000 0x000000009c000000  Allocating
 Small   0x000000009c800000 0x000000009ca00000 0x000000009ca00000  Allocating
 Small   0x000000009d800000 0x000000009d9fffd0 0x000000009da00000  Relocatable
 Small   0x000000009da00000 0x000000009dbffff8 0x000000009dc00000  Relocatable
 Small   0x000000009dc00000 0x000000009de00000 0x000000009de00000  Allocating
 Small   0x000000009e200000 0x000000009e400000 0x000000009e400000  Allocating
 Small   0x000000009e400000 0x000000009e600000 0x000000009e600000  Relocatable
 Small   0x000000009ec00000 0x000000009edfffa8 0x000000009ee00000  Relocatable
 Small   0x000000009f200000 0x000000009f400000 0x000000009f400000  Allocating
 Small   0x000000009f800000 0x000000009f9ffff8 0x000000009fa00000  Relocatable
 Small   0x000000009fe00000 0x000000009ffffe58 0x00000000a0000000  Relocatable
 Small   0x00000000a0000000 0x00000000a0200000 0x00000000a0200000  Allocating
 Small   0x00000000a0600000 0x00000000a07e2550 0x00000000a0800000  Relocatable
 Small   0x00000000a1800000 0x00000000a1a00000 0x00000000a1a00000  Allocating
 Small   0x00000000a1e00000 0x00000000a1ffb3b8 0x00000000a2000000  Relocatable
 Small   0x00000000a2000000 0x00000000a2200000 0x00000000a2200000  Allocating
 Small   0x00000000a2200000 0x00000000a23fff80 0x00000000a2400000  Relocatable
 Small   0x00000000a2800000 0x00000000a29fffe8 0x00000000a2a00000  Relocatable
 Small   0x00000000a3800000 0x00000000a3a00000 0x00000000a3a00000  Allocating
 Small   0x00000000a4000000 0x00000000a41ffff0 0x00000000a4200000  Relocatable
 Small   0x00000000a4600000 0x00000000a47fff88 0x00000000a4800000  Relocatable
 Small   0x00000000a4800000 0x00000000a4a00000 0x00000000a4a00000  Allocating
 Small   0x00000000a4a00000 0x00000000a4bfff98 0x00000000a4c00000  Relocatable
 Small   0x00000000a5200000 0x00000000a5400000 0x00000000a5400000  Allocating
 Small   0x00000000a5800000 0x00000000a59ffff0 0x00000000a5a00000  Relocatable
 Small   0x00000000a6400000 0x00000000a6600000 0x00000000a6600000  Relocatable
 Small   0x00000000a6800000 0x00000000a6a00000 0x00000000a6a00000  Allocating
 Small   0x00000000a6a00000 0x00000000a6c00000 0x00000000a6c00000  Relocatable
 Small   0x00000000a8200000 0x00000000a8400000 0x00000000a8400000  Relocatable
 Small   0x00000000a8600000 0x00000000a87fffe0 0x00000000a8800000  Relocatable
 Small   0x00000000a8c00000 0x00000000a8dfffe0 0x00000000a8e00000  Relocatable
 Small   0x00000000aa600000 0x00000000aa7fffe8 0x00000000aa800000  Relocatable
 Small   0x00000000aaa00000 0x00000000aabffff8 0x00000000aac00000  Relocatable
 Small   0x00000000ab400000 0x00000000ab5fee58 0x00000000ab600000  Relocatable
 Small   0x00000000abe00000 0x00000000ac000000 0x00000000ac000000  Relocatable
 Small   0x00000000adc00000 0x00000000addffff8 0x00000000ade00000  Relocatable
 Small   0x00000000ae000000 0x00000000ae1fffd8 0x00000000ae200000  Relocatable
 Small   0x00000000ae200000 0x00000000ae3ffff8 0x00000000ae400000  Relocatable
 Small   0x00000000b0400000 0x00000000b05ffff0 0x00000000b0600000  Relocatable
 Small   0x00000000b1400000 0x00000000b1600000 0x00000000b1600000  Relocatable
 Small   0x00000000b1600000 0x00000000b17ffb10 0x00000000b1800000  Relocatable
 Small   0x00000000b2400000 0x00000000b25fc340 0x00000000b2600000  Relocatable
 Small   0x00000000b2800000 0x00000000b2a00000 0x00000000b2a00000  Relocatable
 Small   0x00000000b2a00000 0x00000000b2c00000 0x00000000b2c00000  Relocatable
 Small   0x00000000b3200000 0x00000000b3400000 0x00000000b3400000  Relocatable
 Small   0x00000000b4e00000 0x00000000b4ffffe0 0x00000000b5000000  Relocatable
 Small   0x00000000b5000000 0x00000000b5200000 0x00000000b5200000  Relocatable
 Small   0x00000000b5400000 0x00000000b55fffe0 0x00000000b5600000  Relocatable
 Small   0x00000000b6400000 0x00000000b65cbea8 0x00000000b6600000  Relocatable
 Small   0x00000000b7800000 0x00000000b7a00000 0x00000000b7a00000  Relocatable
 Small   0x00000000ba400000 0x00000000ba5f9530 0x00000000ba600000  Relocatable
 Small   0x00000000bb200000 0x00000000bb400000 0x00000000bb400000  Relocatable
 Small   0x00000000bc200000 0x00000000bc3fffe0 0x00000000bc400000  Relocatable
 Small   0x00000000bcc00000 0x00000000bcdffff8 0x00000000bce00000  Relocatable
 Small   0x00000000bdc00000 0x00000000bdd00000 0x00000000bde00000  Allocating
 Small   0x00000000be800000 0x00000000be9fffe8 0x00000000bea00000  Relocatable
 Small   0x00000000bf000000 0x00000000bf1fffe0 0x00000000bf200000  Relocatable
 Small   0x00000000bfa00000 0x00000000bfbfff90 0x00000000bfc00000  Relocatable
 Small   0x00000000bfc00000 0x00000000bfdfff78 0x00000000bfe00000  Relocatable
 Small   0x00000000c0000000 0x00000000c01ffff0 0x00000000c0200000  Relocatable
 Small   0x00000000c1800000 0x00000000c19c0000 0x00000000c1a00000  Allocating
 Small   0x00000000c2000000 0x00000000c2200000 0x00000000c2200000  Relocatable
 Small   0x00000000c2c00000 0x00000000c2df83a8 0x00000000c2e00000  Relocatable
 Small   0x00000000c3200000 0x00000000c33ffff8 0x00000000c3400000  Relocatable
 Small   0x00000000c4e00000 0x00000000c4fffff0 0x00000000c5000000  Relocatable
 Small   0x00000000c5400000 0x00000000c55fffe8 0x00000000c5600000  Relocatable
 Small   0x00000000c5800000 0x00000000c59ffc90 0x00000000c5a00000  Relocatable
 Small   0x00000000c8600000 0x00000000c87fffe8 0x00000000c8800000  Relocatable
 Small   0x00000000c8c00000 0x00000000c8dffff0 0x00000000c8e00000  Relocatable
 Small   0x00000000cba00000 0x00000000cbc00000 0x00000000cbc00000  Allocating
 Small   0x00000000cd000000 0x00000000cd1fffc8 0x00000000cd200000  Relocatable
 Small   0x00000000ce000000 0x00000000ce1fffd8 0x00000000ce200000  Relocatable
 Small   0x00000000d0200000 0x00000000d03ffff8 0x00000000d0400000  Relocatable
 Small   0x00000000d0e00000 0x00000000d0ffff98 0x00000000d1000000  Relocatable
 Small   0x00000000d1000000 0x00000000d1200000 0x00000000d1200000  Allocating
 Small   0x00000000d3200000 0x00000000d33fffe0 0x00000000d3400000  Relocatable
 Small   0x00000000d4800000 0x00000000d4a00000 0x00000000d4a00000  Allocating
 Small   0x00000000d4e00000 0x00000000d4f71998 0x00000000d5000000  Relocatable
 Small   0x00000000d6000000 0x00000000d6200000 0x00000000d6200000  Allocating
 Small   0x00000000d6800000 0x00000000d69fffd0 0x00000000d6a00000  Relocatable
 Small   0x00000000d7000000 0x00000000d7080000 0x00000000d7200000  Allocating
 Small   0x00000000d8a00000 0x00000000d8bffff0 0x00000000d8c00000  Relocatable
 Small   0x00000000d9200000 0x00000000d9380000 0x00000000d9400000  Allocating
 Small   0x00000000d9c00000 0x00000000d9dfffe8 0x00000000d9e00000  Relocatable
 Small   0x00000000da800000 0x00000000daa00000 0x00000000daa00000  Relocatable
 Small   0x00000000db400000 0x00000000db5ff8f0 0x00000000db600000  Relocatable
 Small   0x00000000dba00000 0x00000000dbbfffe0 0x00000000dbc00000  Relocatable
 Small   0x00000000dc800000 0x00000000dc9fffe0 0x00000000dca00000  Relocatable
 Small   0x00000000dcc00000 0x00000000dcdfffc8 0x00000000dce00000  Relocatable
 Small   0x00000000dce00000 0x00000000dcff61b8 0x00000000dd000000  Relocatable
 Small   0x00000000dd400000 0x00000000dd5fff48 0x00000000dd600000  Relocatable
 Small   0x00000000dd800000 0x00000000dd9fffd8 0x00000000dda00000  Relocatable
 Small   0x00000000ddc00000 0x00000000dddffff0 0x00000000dde00000  Relocatable
 Small   0x00000000de800000 0x00000000de9fc338 0x00000000dea00000  Relocatable
 Small   0x00000000dee00000 0x00000000defffff0 0x00000000df000000  Relocatable
 Small   0x00000000e0400000 0x00000000e05ffff8 0x00000000e0600000  Relocatable
 Small   0x00000000e0a00000 0x00000000e0c00000 0x00000000e0c00000  Allocating
 Small   0x00000000e1600000 0x00000000e17fffd8 0x00000000e1800000  Relocatable
 Small   0x00000000e1800000 0x00000000e1a00000 0x00000000e1a00000  Relocatable
 Small   0x00000000e1c00000 0x00000000e1dfffc8 0x00000000e1e00000  Relocatable
 Small   0x00000000e4000000 0x00000000e4200000 0x00000000e4200000  Allocating
 Small   0x00000000e4e00000 0x00000000e5000000 0x00000000e5000000  Relocatable
 Small   0x00000000e6400000 0x00000000e65fffb8 0x00000000e6600000  Relocatable
 Small   0x00000000e6800000 0x00000000e69fffe8 0x00000000e6a00000  Relocatable
 Small   0x00000000e6a00000 0x00000000e6c00000 0x00000000e6c00000  Allocating
 Small   0x00000000e7200000 0x00000000e73fffe8 0x00000000e7400000  Relocatable
 Small   0x00000000e7c00000 0x00000000e7df55c8 0x00000000e7e00000  Relocatable
 Small   0x00000000e8200000 0x00000000e83fffe8 0x00000000e8400000  Relocatable
 Small   0x00000000ea000000 0x00000000ea1fffd8 0x00000000ea200000  Relocatable
 Small   0x00000000eac00000 0x00000000eadffff8 0x00000000eae00000  Relocatable
 Small   0x00000000ec600000 0x00000000ec7fffc8 0x00000000ec800000  Relocatable
 Small   0x00000000eca00000 0x00000000ecbfffe0 0x00000000ecc00000  Relocatable
 Small   0x00000000ed200000 0x00000000ed3fffa0 0x00000000ed400000  Relocatable
 Small   0x00000000ef600000 0x00000000ef800000 0x00000000ef800000  Allocating
 Small   0x00000000f0c00000 0x00000000f0dfffe0 0x00000000f0e00000  Relocatable
 Small   0x00000000f4200000 0x00000000f4400000 0x00000000f4400000  Allocating
 Small   0x00000000f5400000 0x00000000f55fff88 0x00000000f5600000  Relocatable
 Small   0x00000000f5c00000 0x00000000f5dffff8 0x00000000f5e00000  Relocatable
 Small   0x00000000f8600000 0x00000000f87ff8d8 0x00000000f8800000  Relocatable
 Small   0x00000000f8c00000 0x00000000f8dfffe8 0x00000000f8e00000  Relocatable
 Small   0x00000000f9000000 0x00000000f91fffc8 0x00000000f9200000  Relocatable
 Small   0x00000000fa800000 0x00000000fa9ffe28 0x00000000faa00000  Relocatable
 Small   0x00000000fac00000 0x00000000fae00000 0x00000000fae00000  Allocating
 Small   0x00000000fbc00000 0x00000000fbdfff68 0x00000000fbe00000  Relocatable
 Small   0x00000000fc000000 0x00000000fc1fffc8 0x00000000fc200000  Relocatable
 Small   0x00000000fce00000 0x00000000fcffffd8 0x00000000fd000000  Relocatable
 Small   0x00000000fda00000 0x00000000fdb80000 0x00000000fdc00000  Allocating
 Small   0x00000000fde00000 0x00000000fdffffd8 0x00000000fe000000  Relocatable
 Small   0x0000000101400000 0x0000000101600000 0x0000000101600000  Relocatable
 Small   0x0000000101a00000 0x0000000101c00000 0x0000000101c00000  Relocatable
 Small   0x0000000102200000 0x00000001023ffff8 0x0000000102400000  Relocatable
 Small   0x0000000102800000 0x0000000102a00000 0x0000000102a00000  Relocatable
 Small   0x0000000103e00000 0x0000000103ffffe0 0x0000000104000000  Relocatable
 Small   0x0000000105e00000 0x0000000105ffffd0 0x0000000106000000  Relocatable
 Small   0x000000010b200000 0x000000010b3ffff0 0x000000010b400000  Relocatable
 Small   0x000000010b400000 0x000000010b5ffff0 0x000000010b600000  Relocatable
 Small   0x000000010b600000 0x000000010b800000 0x000000010b800000  Relocatable
 Small   0x000000010c800000 0x000000010c9ffff0 0x000000010ca00000  Relocatable
 Small   0x000000010ce00000 0x000000010cfffff8 0x000000010d000000  Relocatable
 Small   0x000000010f200000 0x000000010f3ffff0 0x000000010f400000  Relocatable
 Small   0x0000000110400000 0x00000001105ffff0 0x0000000110600000  Relocatable
 Small   0x0000000111000000 0x00000001111ffff8 0x0000000111200000  Relocatable
 Small   0x0000000111c00000 0x0000000111dffff8 0x0000000111e00000  Relocatable
 Small   0x0000000113000000 0x0000000113200000 0x0000000113200000  Allocating
 Small   0x0000000113e00000 0x0000000113ffffd8 0x0000000114000000  Relocatable
 Small   0x0000000114000000 0x0000000114200000 0x0000000114200000  Allocating
 Small   0x0000000116a00000 0x0000000116bf9408 0x0000000116c00000  Relocatable
 Small   0x0000000117600000 0x00000001177fcf18 0x0000000117800000  Relocatable
 Small   0x0000000117e00000 0x0000000117fffff0 0x0000000118000000  Relocatable
 Small   0x0000000118c00000 0x0000000118dfe6e0 0x0000000118e00000  Relocatable
 Small   0x0000000119a00000 0x0000000119bffff8 0x0000000119c00000  Relocatable
 Small   0x0000000119c00000 0x0000000119dfffe0 0x0000000119e00000  Relocatable
 Small   0x000000011a400000 0x000000011a5ffff0 0x000000011a600000  Relocatable
 Small   0x000000011a600000 0x000000011a800000 0x000000011a800000  Relocatable
 Small   0x000000011a800000 0x000000011aa00000 0x000000011aa00000  Relocatable
 Small   0x000000011ae00000 0x000000011afffff0 0x000000011b000000  Relocatable
 Small   0x000000011b800000 0x000000011b9fffe0 0x000000011ba00000  Relocatable
 Small   0x000000011ba00000 0x000000011bc00000 0x000000011bc00000  Relocatable
 Small   0x000000011cc00000 0x000000011cdff7a0 0x000000011ce00000  Relocatable
 Small   0x000000011d200000 0x000000011d3fffb8 0x000000011d400000  Relocatable
 Small   0x000000011d400000 0x000000011d58d3d8 0x000000011d600000  Relocatable
 Small   0x000000011d600000 0x000000011d800000 0x000000011d800000  Allocating
 Small   0x000000011e800000 0x000000011ea00000 0x000000011ea00000  Allocating
 Small   0x000000011ea00000 0x000000011ec00000 0x000000011ec00000  Allocating
 Small   0x000000011ec00000 0x000000011ee00000 0x000000011ee00000  Allocating
 Small   0x0000000120e00000 0x0000000120fffff0 0x0000000121000000  Relocatable
 Small   0x0000000121800000 0x00000001219fffd0 0x0000000121a00000  Relocatable
 Small   0x0000000121a00000 0x0000000121c00000 0x0000000121c00000  Relocatable
 Small   0x0000000122600000 0x00000001227fe570 0x0000000122800000  Relocatable
 Small   0x0000000123400000 0x00000001235fffe0 0x0000000123600000  Relocatable
 Small   0x0000000123800000 0x00000001239fffb8 0x0000000123a00000  Relocatable
 Small   0x0000000124c00000 0x0000000124e00000 0x0000000124e00000  Allocating
 Small   0x0000000126e00000 0x0000000127000000 0x0000000127000000  Allocating
 Small   0x0000000127a00000 0x0000000127bffff0 0x0000000127c00000  Relocatable
 Small   0x0000000127e00000 0x0000000128000000 0x0000000128000000  Relocatable
 Small   0x0000000128400000 0x00000001285fffb0 0x0000000128600000  Relocatable
 Small   0x0000000129600000 0x0000000129800000 0x0000000129800000  Allocating
 Small   0x0000000129a00000 0x0000000129c00000 0x0000000129c00000  Allocating
 Small   0x0000000129c00000 0x0000000129dffff8 0x0000000129e00000  Relocatable
 Small   0x000000012a600000 0x000000012a7ffff0 0x000000012a800000  Relocatable
 Small   0x000000012a800000 0x000000012a9ffff0 0x000000012aa00000  Relocatable
 Small   0x000000012be00000 0x000000012bffffb0 0x000000012c000000  Relocatable
 Small   0x000000012c600000 0x000000012c7e1780 0x000000012c800000  Relocatable
 Small   0x000000012dc00000 0x000000012ddfffe8 0x000000012de00000  Relocatable
 Small   0x000000012ee00000 0x000000012efffff0 0x000000012f000000  Relocatable
 Small   0x000000012f200000 0x000000012f3ffff8 0x000000012f400000  Relocatable
 Small   0x000000012f400000 0x000000012f5fffe8 0x000000012f600000  Relocatable
 Small   0x000000012f600000 0x000000012f7fffe8 0x000000012f800000  Relocatable
 Small   0x000000012f800000 0x000000012f9cd2b8 0x000000012fa00000  Relocatable
 Small   0x0000000130200000 0x0000000130400000 0x0000000130400000  Relocatable
 Small   0x0000000131a00000 0x0000000131be9108 0x0000000131c00000  Relocatable
 Small   0x0000000132800000 0x00000001329fffb0 0x0000000132a00000  Relocatable
 Small   0x0000000133200000 0x00000001333fff68 0x0000000133400000  Relocatable
 Small   0x0000000134a00000 0x0000000134bfffe8 0x0000000134c00000  Relocatable
 Small   0x0000000136400000 0x00000001365fff40 0x0000000136600000  Relocatable
 Small   0x0000000137000000 0x00000001371ff900 0x0000000137200000  Relocatable
 Small   0x0000000137800000 0x00000001379ffff0 0x0000000137a00000  Relocatable
 Small   0x0000000137c00000 0x0000000137dfff80 0x0000000137e00000  Relocatable
 Small   0x0000000138400000 0x00000001385ffff8 0x0000000138600000  Relocatable
 Small   0x0000000139c00000 0x0000000139dfffe8 0x0000000139e00000  Relocatable
 Small   0x000000013ac00000 0x000000013adffff8 0x000000013ae00000  Relocatable
 Small   0x000000013b200000 0x000000013b3ffff8 0x000000013b400000  Relocatable
 Small   0x000000013cc00000 0x000000013ce00000 0x000000013ce00000  Allocating
 Small   0x000000013f000000 0x000000013f1ffff0 0x000000013f200000  Relocatable
 Small   0x0000000143c00000 0x0000000143e00000 0x0000000143e00000  Relocatable
 Small   0x0000000146600000 0x0000000146800000 0x0000000146800000  Allocating
 Small   0x0000000146a00000 0x0000000146bffff8 0x0000000146c00000  Relocatable
 Small   0x0000000146c00000 0x0000000146dffff0 0x0000000146e00000  Relocatable
 Small   0x0000000147000000 0x00000001471fffa8 0x0000000147200000  Relocatable
 Small   0x0000000147a00000 0x0000000147bfffe0 0x0000000147c00000  Relocatable
 Small   0x0000000147c00000 0x0000000147dfa298 0x0000000147e00000  Relocatable
 Small   0x0000000147e00000 0x0000000147fffff8 0x0000000148000000  Relocatable
 Small   0x0000000148000000 0x00000001481fffd8 0x0000000148200000  Relocatable
 Small   0x0000000149a00000 0x0000000149bffb50 0x0000000149c00000  Relocatable
 Small   0x0000000149c00000 0x0000000149dfffe8 0x0000000149e00000  Relocatable
 Small   0x000000014a400000 0x000000014a600000 0x000000014a600000  Allocating
 Small   0x000000014ae00000 0x000000014affffd8 0x000000014b000000  Relocatable
 Small   0x000000014b000000 0x000000014b1fffe0 0x000000014b200000  Relocatable
 Small   0x000000014b600000 0x000000014b7ffff8 0x000000014b800000  Relocatable
 Small   0x000000014c200000 0x000000014c3ffa90 0x000000014c400000  Relocatable
 Small   0x000000014c600000 0x000000014c800000 0x000000014c800000  Relocatable
 Small   0x000000014c800000 0x000000014c9ffff0 0x000000014ca00000  Relocatable
 Small   0x000000014ca00000 0x000000014cbfffb0 0x000000014cc00000  Relocatable
 Small   0x000000014cc00000 0x000000014cdfffc8 0x000000014ce00000  Relocatable
 Small   0x000000014e600000 0x000000014e7fb750 0x000000014e800000  Relocatable
 Small   0x000000014fe00000 0x000000014fffe690 0x0000000150000000  Relocatable
 Small   0x0000000152a00000 0x0000000152bfffd8 0x0000000152c00000  Relocatable
 Small   0x0000000152e00000 0x0000000153000000 0x0000000153000000  Allocating
 Small   0x0000000155c00000 0x0000000155e00000 0x0000000155e00000  Allocating
 Small   0x0000000156000000 0x00000001561fffe0 0x0000000156200000  Relocatable
 Small   0x0000000156c00000 0x0000000156e00000 0x0000000156e00000  Relocatable
 Small   0x0000000157a00000 0x0000000157c00000 0x0000000157c00000  Allocating
 Small   0x0000000158000000 0x0000000158200000 0x0000000158200000  Relocatable
 Small   0x0000000158e00000 0x0000000158fb2f10 0x0000000159000000  Relocatable
 Small   0x0000000159400000 0x0000000159600000 0x0000000159600000  Relocatable
 Small   0x0000000159600000 0x0000000159800000 0x0000000159800000  Relocatable
 Small   0x0000000159800000 0x00000001599ffd90 0x0000000159a00000  Relocatable
 Small   0x000000015a800000 0x000000015aa00000 0x000000015aa00000  Allocating
 Small   0x000000015aa00000 0x000000015abfff20 0x000000015ac00000  Relocatable
 Small   0x000000015ac00000 0x000000015ae00000 0x000000015ae00000  Allocating
 Small   0x000000015b600000 0x000000015b800000 0x000000015b800000  Relocatable
 Small   0x000000015bc00000 0x000000015be00000 0x000000015be00000  Allocating
 Small   0x000000015c400000 0x000000015c600000 0x000000015c600000  Allocating
 Small   0x000000015c600000 0x000000015c7fff40 0x000000015c800000  Relocatable
 Small   0x000000015cc00000 0x000000015ce00000 0x000000015ce00000  Allocating
 Small   0x000000015d000000 0x000000015d200000 0x000000015d200000  Allocating
 Small   0x000000015d400000 0x000000015d5fea70 0x000000015d600000  Relocatable
 Small   0x000000015d800000 0x000000015da00000 0x000000015da00000  Relocatable
 Small   0x000000015da00000 0x000000015dc00000 0x000000015dc00000  Allocating
 Small   0x000000015de00000 0x000000015e000000 0x000000015e000000  Allocating
 Small   0x000000015e000000 0x000000015e040000 0x000000015e200000  Allocating
 Small   0x0000000160a00000 0x0000000160c00000 0x0000000160c00000  Relocatable
 Small   0x0000000161c00000 0x0000000161dffff8 0x0000000161e00000  Relocatable
 Small   0x0000000162400000 0x00000001625fffe0 0x0000000162600000  Relocatable
 Small   0x0000000162a00000 0x0000000162bfffc8 0x0000000162c00000  Relocatable
 Small   0x0000000162e00000 0x0000000163000000 0x0000000163000000  Allocating
 Small   0x0000000163400000 0x0000000163600000 0x0000000163600000  Relocatable
 Small   0x0000000163c00000 0x0000000163e00000 0x0000000163e00000  Allocating
 Small   0x0000000166600000 0x00000001667ffff8 0x0000000166800000  Relocatable
 Small   0x0000000167a00000 0x0000000167bffff8 0x0000000167c00000  Relocatable
 Small   0x0000000167e00000 0x0000000167fff9a0 0x0000000168000000  Relocatable
 Small   0x0000000168600000 0x00000001687fffd0 0x0000000168800000  Relocatable
 Small   0x000000016b200000 0x000000016b400000 0x000000016b400000  Allocating
 Small   0x000000016b400000 0x000000016b5fffc8 0x000000016b600000  Relocatable
 Small   0x000000016de00000 0x000000016dff5e30 0x000000016e000000  Relocatable
 Small   0x000000016ec00000 0x000000016ee00000 0x000000016ee00000  Relocatable
 Small   0x000000016ee00000 0x000000016f000000 0x000000016f000000  Relocatable
 Small   0x000000016f200000 0x000000016f3ffff8 0x000000016f400000  Relocatable
 Small   0x0000000172200000 0x00000001723cffa8 0x0000000172400000  Relocatable
 Small   0x0000000172600000 0x0000000172800000 0x0000000172800000  Allocating
 Small   0x0000000172e00000 0x0000000173000000 0x0000000173000000  Allocating
 Small   0x0000000173200000 0x00000001733ff860 0x0000000173400000  Relocatable
 Small   0x0000000173400000 0x0000000173600000 0x0000000173600000  Allocating
 Small   0x0000000173c00000 0x0000000173e00000 0x0000000173e00000  Allocating
 Small   0x0000000174600000 0x0000000174800000 0x0000000174800000  Allocating
 Small   0x0000000174c00000 0x0000000174e00000 0x0000000174e00000  Allocating
 Small   0x0000000175800000 0x00000001759ffff8 0x0000000175a00000  Relocatable
 Small   0x0000000175c00000 0x0000000175e00000 0x0000000175e00000  Allocating
 Small   0x0000000176a00000 0x0000000176bffff0 0x0000000176c00000  Relocatable
 Small   0x0000000177800000 0x0000000177a00000 0x0000000177a00000  Relocatable
 Small   0x0000000177e00000 0x0000000178000000 0x0000000178000000  Allocating
 Small   0x0000000178800000 0x0000000178a00000 0x0000000178a00000  Allocating
 Small   0x0000000179200000 0x0000000179400000 0x0000000179400000  Allocating
 Small   0x0000000179400000 0x0000000179600000 0x0000000179600000  Allocating
 Small   0x0000000179800000 0x0000000179a00000 0x0000000179a00000  Allocating
 Small   0x0000000179e00000 0x0000000179fffff8 0x000000017a000000  Relocatable
 Small   0x000000017b600000 0x000000017b7fffa0 0x000000017b800000  Relocatable
 Small   0x000000017c600000 0x000000017c800000 0x000000017c800000  Relocatable
 Small   0x000000017e400000 0x000000017e5fff70 0x000000017e600000  Relocatable
 Small   0x000000017f000000 0x000000017f1fffe8 0x000000017f200000  Relocatable
 Small   0x000000017f200000 0x000000017f3fffe8 0x000000017f400000  Relocatable
 Small   0x0000000180400000 0x0000000180600000 0x0000000180600000  Allocating
 Small   0x0000000180800000 0x00000001809fffe8 0x0000000180a00000  Relocatable
 Small   0x0000000182a00000 0x0000000182bffff8 0x0000000182c00000  Relocatable
 Small   0x0000000182c00000 0x0000000182dfffb0 0x0000000182e00000  Relocatable
 Small   0x0000000183000000 0x00000001831ffd20 0x0000000183200000  Relocatable
 Small   0x0000000185c00000 0x0000000185dfffd8 0x0000000185e00000  Relocatable
 Small   0x0000000186a00000 0x0000000186c00000 0x0000000186c00000  Relocatable
 Small   0x0000000187200000 0x00000001873ffff0 0x0000000187400000  Relocatable
 Small   0x0000000188000000 0x00000001881ffff8 0x0000000188200000  Relocatable
 Small   0x0000000189600000 0x00000001897f9510 0x0000000189800000  Relocatable
 Small   0x000000018ba00000 0x000000018bbffff8 0x000000018bc00000  Relocatable
 Small   0x000000018c600000 0x000000018c800000 0x000000018c800000  Allocating
 Small   0x000000018ce00000 0x000000018cffffd8 0x000000018d000000  Relocatable
 Small   0x000000018d000000 0x000000018d200000 0x000000018d200000  Allocating
 Small   0x000000018d800000 0x000000018da00000 0x000000018da00000  Allocating
 Small   0x0000000190200000 0x0000000190400000 0x0000000190400000  Allocating
 Small   0x0000000192600000 0x0000000192800000 0x0000000192800000  Allocating
 Small   0x0000000192a00000 0x0000000192c00000 0x0000000192c00000  Allocating
 Small   0x0000000193200000 0x00000001933ffb40 0x0000000193400000  Relocatable
 Small   0x0000000193800000 0x0000000193a00000 0x0000000193a00000  Allocating
 Small   0x0000000194000000 0x0000000194200000 0x0000000194200000  Relocatable
 Small   0x0000000195600000 0x0000000195800000 0x0000000195800000  Allocating
 Small   0x0000000196a00000 0x0000000196bffff0 0x0000000196c00000  Relocatable
 Small   0x0000000196e00000 0x0000000196ffffd0 0x0000000197000000  Relocatable
 Small   0x0000000197800000 0x0000000197a00000 0x0000000197a00000  Relocatable
 Small   0x0000000197e00000 0x0000000197ffffe8 0x0000000198000000  Relocatable
 Small   0x0000000198000000 0x0000000198200000 0x0000000198200000  Relocatable
 Small   0x0000000199400000 0x0000000199600000 0x0000000199600000  Relocatable
 Small   0x000000019ae00000 0x000000019affffd8 0x000000019b000000  Relocatable
 Small   0x000000019ba00000 0x000000019bbfffd0 0x000000019bc00000  Relocatable
 Small   0x000000019c400000 0x000000019c5ffff8 0x000000019c600000  Relocatable
 Small   0x000000019ca00000 0x000000019cc00000 0x000000019cc00000  Allocating
 Small   0x00000001a0000000 0x00000001a0200000 0x00000001a0200000  Relocatable
 Small   0x00000001a0600000 0x00000001a0800000 0x00000001a0800000  Relocatable
 Small   0x00000001a3a00000 0x00000001a3c00000 0x00000001a3c00000  Allocating
 Small   0x00000001a4400000 0x00000001a45ffcc0 0x00000001a4600000  Relocatable
 Small   0x00000001a6200000 0x00000001a63fffe0 0x00000001a6400000  Relocatable
 Small   0x00000001a6600000 0x00000001a6800000 0x00000001a6800000  Allocating
 Small   0x00000001a7600000 0x00000001a77fffb8 0x00000001a7800000  Relocatable
 Small   0x00000001a7800000 0x00000001a79ffff8 0x00000001a7a00000  Relocatable
 Small   0x00000001a7a00000 0x00000001a7bfff88 0x00000001a7c00000  Relocatable
 Small   0x00000001a8600000 0x00000001a87ffff0 0x00000001a8800000  Relocatable
 Small   0x00000001a8a00000 0x00000001a8bfffd0 0x00000001a8c00000  Relocatable
 Small   0x00000001a9200000 0x00000001a93f1348 0x00000001a9400000  Relocatable
 Small   0x00000001ab600000 0x00000001ab7fffd0 0x00000001ab800000  Relocatable
 Small   0x00000001abe00000 0x00000001abffffc0 0x00000001ac000000  Relocatable
 Small   0x00000001ac200000 0x00000001ac3ffff0 0x00000001ac400000  Relocatable
 Small   0x00000001ac600000 0x00000001ac7fffe8 0x00000001ac800000  Relocatable
 Small   0x00000001aca00000 0x00000001acbffff8 0x00000001acc00000  Relocatable
 Small   0x00000001ade00000 0x00000001adfffff8 0x00000001ae000000  Relocatable
 Small   0x00000001ae200000 0x00000001ae400000 0x00000001ae400000  Allocating
 Small   0x00000001ae400000 0x00000001ae600000 0x00000001ae600000  Allocating
 Small   0x00000001ae600000 0x00000001ae800000 0x00000001ae800000  Allocating
 Small   0x00000001ae800000 0x00000001ae9fffd8 0x00000001aea00000  Relocatable
 Small   0x00000001aec00000 0x00000001aee00000 0x00000001aee00000  Allocating
 Small   0x00000001aee00000 0x00000001af000000 0x00000001af000000  Allocating
 Small   0x00000001af000000 0x00000001af200000 0x00000001af200000  Allocating
 Small   0x00000001af200000 0x00000001af400000 0x00000001af400000  Relocatable
 Small   0x00000001af600000 0x00000001af800000 0x00000001af800000  Allocating
 Small   0x00000001af800000 0x00000001afa00000 0x00000001afa00000  Allocating
 Small   0x00000001afa00000 0x00000001afc00000 0x00000001afc00000  Allocating
 Small   0x00000001afc00000 0x00000001afe00000 0x00000001afe00000  Allocating
 Small   0x00000001afe00000 0x00000001b0000000 0x00000001b0000000  Allocating
 Small   0x00000001b0000000 0x00000001b01ffff0 0x00000001b0200000  Relocatable
 Small   0x00000001b1200000 0x00000001b1400000 0x00000001b1400000  Allocating
 Small   0x00000001b1400000 0x00000001b1600000 0x00000001b1600000  Allocating
 Small   0x00000001b1600000 0x00000001b1800000 0x00000001b1800000  Allocating
 Small   0x00000001b1800000 0x00000001b19fffc0 0x00000001b1a00000  Relocatable
 Small   0x00000001b1a00000 0x00000001b1c00000 0x00000001b1c00000  Allocating
 Small   0x00000001b1c00000 0x00000001b1e00000 0x00000001b1e00000  Allocating
 Small   0x00000001b1e00000 0x00000001b2000000 0x00000001b2000000  Allocating
 Small   0x00000001b2000000 0x00000001b2200000 0x00000001b2200000  Allocating
 Small   0x00000001b2200000 0x00000001b2400000 0x00000001b2400000  Allocating
 Small   0x00000001b2400000 0x00000001b2600000 0x00000001b2600000  Allocating
 Small   0x00000001b2600000 0x00000001b2800000 0x00000001b2800000  Allocating
 Small   0x00000001b2800000 0x00000001b2a00000 0x00000001b2a00000  Allocating
 Small   0x00000001b2a00000 0x00000001b2c00000 0x00000001b2c00000  Allocating
 Small   0x00000001b2c00000 0x00000001b2e00000 0x00000001b2e00000  Allocating
 Small   0x00000001b2e00000 0x00000001b3000000 0x00000001b3000000  Allocating
 Small   0x00000001b3000000 0x00000001b3200000 0x00000001b3200000  Allocating
 Small   0x00000001b3200000 0x00000001b3400000 0x00000001b3400000  Allocating
 Small   0x00000001b3400000 0x00000001b35fffe8 0x00000001b3600000  Relocatable
 Small   0x00000001b3600000 0x00000001b3800000 0x00000001b3800000  Allocating
 Small   0x00000001b3800000 0x00000001b3a00000 0x00000001b3a00000  Allocating
 Small   0x00000001b3a00000 0x00000001b3c00000 0x00000001b3c00000  Allocating
 Small   0x00000001b3c00000 0x00000001b3e00000 0x00000001b3e00000  Allocating
 Small   0x00000001b3e00000 0x00000001b3fffff0 0x00000001b4000000  Relocatable
 Small   0x00000001b4000000 0x00000001b41fffd8 0x00000001b4200000  Relocatable
 Small   0x00000001b4200000 0x00000001b4400000 0x00000001b4400000  Relocatable
 Small   0x00000001b4600000 0x00000001b4800000 0x00000001b4800000  Allocating
 Small   0x00000001b4800000 0x00000001b49fffe8 0x00000001b4a00000  Relocatable
 Small   0x00000001b4c00000 0x00000001b4dfffa8 0x00000001b4e00000  Relocatable
 Small   0x00000001b4e00000 0x00000001b5000000 0x00000001b5000000  Relocatable
 Small   0x00000001b5000000 0x00000001b5200000 0x00000001b5200000  Relocatable
 Small   0x00000001b5200000 0x00000001b5400000 0x00000001b5400000  Allocating
 Small   0x00000001b5400000 0x00000001b5600000 0x00000001b5600000  Allocating
 Small   0x00000001b5600000 0x00000001b57fffe0 0x00000001b5800000  Relocatable
 Small   0x00000001b5a00000 0x00000001b5c00000 0x00000001b5c00000  Allocating
 Small   0x00000001b5c00000 0x00000001b5e00000 0x00000001b5e00000  Allocating
 Small   0x00000001b6000000 0x00000001b61fffb8 0x00000001b6200000  Relocatable
 Small   0x00000001b6200000 0x00000001b63fff00 0x00000001b6400000  Relocatable
 Small   0x00000001b6e00000 0x00000001b7000000 0x00000001b7000000  Allocating
 Small   0x00000001b7000000 0x00000001b71fffd8 0x00000001b7200000  Relocatable
 Small   0x00000001b7c00000 0x00000001b7e00000 0x00000001b7e00000  Allocating
 Small   0x00000001b8a00000 0x00000001b8bffff8 0x00000001b8c00000  Relocatable
 Small   0x00000001b8c00000 0x00000001b8dffb58 0x00000001b8e00000  Relocatable
 Small   0x00000001b9000000 0x00000001b91ffff0 0x00000001b9200000  Relocatable
 Small   0x00000001bae00000 0x00000001bafffff8 0x00000001bb000000  Relocatable
 Small   0x00000001bb200000 0x00000001bb400000 0x00000001bb400000  Relocatable
 Small   0x00000001bb600000 0x00000001bb800000 0x00000001bb800000  Relocatable
 Small   0x00000001bb800000 0x00000001bb9fffe8 0x00000001bba00000  Relocatable
 Small   0x00000001bbc00000 0x00000001bbd7b0b8 0x00000001bbe00000  Relocatable
 Small   0x00000001bc600000 0x00000001bc7fffd8 0x00000001bc800000  Relocatable
 Small   0x00000001bd200000 0x00000001bd3fffe8 0x00000001bd400000  Relocatable
 Small   0x00000001bd600000 0x00000001bd7fffc8 0x00000001bd800000  Relocatable
 Small   0x00000001bdc00000 0x00000001bddfe8e8 0x00000001bde00000  Relocatable
 Small   0x00000001be200000 0x00000001be400000 0x00000001be400000  Allocating
 Small   0x00000001bec00000 0x00000001bedf33c8 0x00000001bee00000  Relocatable
 Small   0x00000001bf400000 0x00000001bf5fffc0 0x00000001bf600000  Relocatable
 Small   0x00000001bf800000 0x00000001bf9fffb8 0x00000001bfa00000  Relocatable
 Small   0x00000001c0000000 0x00000001c01fffe8 0x00000001c0200000  Relocatable
 Small   0x00000001c0a00000 0x00000001c0bfffd8 0x00000001c0c00000  Relocatable
 Small   0x00000001c2400000 0x00000001c25ffff8 0x00000001c2600000  Relocatable
 Small   0x00000001c2a00000 0x00000001c2bffff8 0x00000001c2c00000  Relocatable
 Small   0x00000001c2e00000 0x00000001c2ffdcb0 0x00000001c3000000  Relocatable
 Small   0x00000001c4200000 0x00000001c43fffc0 0x00000001c4400000  Relocatable
 Small   0x00000001c5a00000 0x00000001c5bfffe0 0x00000001c5c00000  Relocatable
 Small   0x00000001c5e00000 0x00000001c6000000 0x00000001c6000000  Relocatable
 Small   0x00000001c6200000 0x00000001c63ffff0 0x00000001c6400000  Relocatable
 Small   0x00000001c6400000 0x00000001c6600000 0x00000001c6600000  Relocatable
 Small   0x00000001c6c00000 0x00000001c6dffff0 0x00000001c6e00000  Relocatable
 Small   0x00000001c7a00000 0x00000001c7c00000 0x00000001c7c00000  Relocatable
 Small   0x00000001c7c00000 0x00000001c7e00000 0x00000001c7e00000  Relocatable
 Small   0x00000001c8000000 0x00000001c81fffc0 0x00000001c8200000  Relocatable
 Small   0x00000001c8800000 0x00000001c89ffff8 0x00000001c8a00000  Relocatable
 Small   0x00000001c8c00000 0x00000001c8e00000 0x00000001c8e00000  Relocatable
 Small   0x00000001c8e00000 0x00000001c8ffffd0 0x00000001c9000000  Relocatable
 Small   0x00000001c9000000 0x00000001c9200000 0x00000001c9200000  Relocatable
 Small   0x00000001c9a00000 0x00000001c9c00000 0x00000001c9c00000  Relocatable
 Small   0x00000001ca000000 0x00000001ca200000 0x00000001ca200000  Relocatable
 Small   0x00000001cae00000 0x00000001cafff888 0x00000001cb000000  Relocatable
 Small   0x00000001cb000000 0x00000001cb1fffe8 0x00000001cb200000  Relocatable
 Small   0x00000001cb200000 0x00000001cb3ffff0 0x00000001cb400000  Relocatable
 Small   0x00000001cb800000 0x00000001cb9fe5f8 0x00000001cba00000  Relocatable
 Small   0x00000001cd000000 0x00000001cd1ffff0 0x00000001cd200000  Relocatable
 Small   0x00000001cd600000 0x00000001cd7fffd8 0x00000001cd800000  Relocatable
 Small   0x00000001cd800000 0x00000001cd9fffd0 0x00000001cda00000  Relocatable
 Small   0x00000001cde00000 0x00000001cdff53b0 0x00000001ce000000  Relocatable
 Small   0x00000001ce600000 0x00000001ce800000 0x00000001ce800000  Relocatable
 Small   0x00000001cea00000 0x00000001cec00000 0x00000001cec00000  Relocatable
 Small   0x00000001cee00000 0x00000001cf000000 0x00000001cf000000  Relocatable
 Small   0x00000001cf000000 0x00000001cf1fffe8 0x00000001cf200000  Relocatable
 Small   0x00000001cf200000 0x00000001cf3fffe8 0x00000001cf400000  Relocatable
 Small   0x00000001cf400000 0x00000001cf600000 0x00000001cf600000  Relocatable
 Small   0x00000001d0400000 0x00000001d05ffff8 0x00000001d0600000  Relocatable
 Small   0x00000001d0c00000 0x00000001d0dfffd0 0x00000001d0e00000  Relocatable
 Small   0x00000001d1600000 0x00000001d17ffff8 0x00000001d1800000  Relocatable
 Small   0x00000001d2e00000 0x00000001d3000000 0x00000001d3000000  Relocatable
 Small   0x00000001d3000000 0x00000001d31ffff8 0x00000001d3200000  Relocatable
 Small   0x00000001d3400000 0x00000001d3600000 0x00000001d3600000  Relocatable
 Small   0x00000001d5600000 0x00000001d57ffff0 0x00000001d5800000  Relocatable
 Small   0x00000001d7800000 0x00000001d7a00000 0x00000001d7a00000  Relocatable
 Small   0x00000001d7a00000 0x00000001d7c00000 0x00000001d7c00000  Relocatable
 Small   0x00000001d7c00000 0x00000001d7e00000 0x00000001d7e00000  Relocatable
 Small   0x00000001d7e00000 0x00000001d8000000 0x00000001d8000000  Relocatable
 Small   0x00000001d8000000 0x00000001d8200000 0x00000001d8200000  Relocatable
 Small   0x00000001d8600000 0x00000001d8800000 0x00000001d8800000  Relocatable
 Small   0x00000001d8a00000 0x00000001d8bfffe0 0x00000001d8c00000  Relocatable
 Small   0x00000001da800000 0x00000001da98e740 0x00000001daa00000  Relocatable
 Small   0x00000001daa00000 0x00000001dabfffe8 0x00000001dac00000  Relocatable
 Small   0x00000001dc000000 0x00000001dc1fffe0 0x00000001dc200000  Relocatable
 Small   0x00000001dc200000 0x00000001dc3fffd0 0x00000001dc400000  Relocatable
 Small   0x00000001dc400000 0x00000001dc600000 0x00000001dc600000  Allocating
 Small   0x00000001dde00000 0x00000001ddf7c140 0x00000001de000000  Relocatable
 Small   0x00000001de200000 0x00000001de3ffff8 0x00000001de400000  Relocatable
 Small   0x00000001de400000 0x00000001de600000 0x00000001de600000  Allocating
 Small   0x00000001de600000 0x00000001de800000 0x00000001de800000  Relocatable
 Small   0x00000001de800000 0x00000001dea00000 0x00000001dea00000  Relocatable
 Small   0x00000001dea00000 0x00000001dec00000 0x00000001dec00000  Relocatable
 Small   0x00000001dec00000 0x00000001dee00000 0x00000001dee00000  Relocatable
 Small   0x00000001dee00000 0x00000001df000000 0x00000001df000000  Relocatable
 Small   0x00000001df200000 0x00000001df400000 0x00000001df400000  Allocating
 Small   0x00000001df600000 0x00000001df800000 0x00000001df800000  Relocatable
 Small   0x00000001df800000 0x00000001dfa00000 0x00000001dfa00000  Relocatable
 Small   0x00000001dfa00000 0x00000001dfc00000 0x00000001dfc00000  Allocating
 Small   0x00000001dfe00000 0x00000001e0000000 0x00000001e0000000  Allocating
 Small   0x00000001e0000000 0x00000001e0200000 0x00000001e0200000  Relocatable
 Small   0x00000001e0200000 0x00000001e0400000 0x00000001e0400000  Allocating
 Small   0x00000001e0400000 0x00000001e0600000 0x00000001e0600000  Relocatable
 Small   0x00000001e0600000 0x00000001e0800000 0x00000001e0800000  Relocatable
 Small   0x00000001e0800000 0x00000001e0a00000 0x00000001e0a00000  Allocating
 Small   0x00000001e0e00000 0x00000001e0ffffd0 0x00000001e1000000  Relocatable
 Small   0x00000001e1000000 0x00000001e1200000 0x00000001e1200000  Relocatable
 Small   0x00000001e1600000 0x00000001e17fffc0 0x00000001e1800000  Relocatable
 Small   0x00000001e1800000 0x00000001e19fff28 0x00000001e1a00000  Relocatable
 Small   0x00000001e1a00000 0x00000001e1bfff98 0x00000001e1c00000  Relocatable
 Small   0x00000001e2000000 0x00000001e2200000 0x00000001e2200000  Allocating
 Small   0x00000001e2200000 0x00000001e2400000 0x00000001e2400000  Allocating
 Small   0x00000001e2400000 0x00000001e2600000 0x00000001e2600000  Allocating
 Small   0x00000001e2600000 0x00000001e27ba440 0x00000001e2800000  Relocatable
 Small   0x00000001e2800000 0x00000001e29fffb0 0x00000001e2a00000  Relocatable
 Small   0x00000001e2a00000 0x00000001e2c00000 0x00000001e2c00000  Allocating
 Small   0x00000001e2c00000 0x00000001e2e00000 0x00000001e2e00000  Allocating
 Small   0x00000001e2e00000 0x00000001e3000000 0x00000001e3000000  Allocating
 Small   0x00000001e3c00000 0x00000001e3e00000 0x00000001e3e00000  Allocating
 Small   0x00000001e3e00000 0x00000001e3ffffe8 0x00000001e4000000  Relocatable
 Small   0x00000001e4800000 0x00000001e4a00000 0x00000001e4a00000  Allocating
 Small   0x00000001e4a00000 0x00000001e4c00000 0x00000001e4c00000  Allocating
 Small   0x00000001e4e00000 0x00000001e5000000 0x00000001e5000000  Allocating
 Small   0x00000001e5200000 0x00000001e5400000 0x00000001e5400000  Allocating
 Small   0x00000001e5c00000 0x00000001e5dffff0 0x00000001e5e00000  Relocatable
 Small   0x00000001e6600000 0x00000001e6800000 0x00000001e6800000  Allocating
 Small   0x00000001e7c00000 0x00000001e7dffff0 0x00000001e7e00000  Relocatable
 Small   0x00000001e9400000 0x00000001e9600000 0x00000001e9600000  Relocatable
 Small   0x00000001e9600000 0x00000001e9800000 0x00000001e9800000  Relocatable
 Small   0x00000001e9800000 0x00000001e99ffff0 0x00000001e9a00000  Relocatable
 Small   0x00000001ed600000 0x00000001ed7ffff0 0x00000001ed800000  Relocatable
 Small   0x00000001ede00000 0x00000001edffffe0 0x00000001ee000000  Relocatable
 Small   0x00000001ee200000 0x00000001ee3ff9e8 0x00000001ee400000  Relocatable
 Small   0x00000001eec00000 0x00000001eee00000 0x00000001eee00000  Relocatable
 Small   0x00000001efc00000 0x00000001efdffff8 0x00000001efe00000  Relocatable
 Small   0x00000001f0000000 0x00000001f01ffff8 0x00000001f0200000  Relocatable
 Small   0x00000001f1600000 0x00000001f17fffe8 0x00000001f1800000  Relocatable
 Small   0x00000001f1e00000 0x00000001f2000000 0x00000001f2000000  Allocating
 Small   0x00000001f3a00000 0x00000001f3bffff8 0x00000001f3c00000  Relocatable
 Small   0x00000001f4200000 0x00000001f43ffff0 0x00000001f4400000  Relocatable
 Small   0x00000001f4800000 0x00000001f49ffff0 0x00000001f4a00000  Relocatable
 Small   0x00000001f5e00000 0x00000001f6000000 0x00000001f6000000  Allocating
 Small   0x00000001f6800000 0x00000001f6a00000 0x00000001f6a00000  Relocatable
 Small   0x00000001f8400000 0x00000001f85fffd0 0x00000001f8600000  Relocatable
 Small   0x00000001f8e00000 0x00000001f8ffffe0 0x00000001f9000000  Relocatable
 Small   0x00000001f9c00000 0x00000001f9dfffe8 0x00000001f9e00000  Relocatable
 Small   0x00000001fb400000 0x00000001fb600000 0x00000001fb600000  Relocatable
 Small   0x00000001fba00000 0x00000001fbbffff0 0x00000001fbc00000  Relocatable
 Small   0x00000001fbe00000 0x00000001fbfff8f0 0x00000001fc000000  Relocatable
 Small   0x00000001fde00000 0x00000001fdffffd0 0x00000001fe000000  Relocatable
 Small   0x00000001fe600000 0x00000001fe800000 0x00000001fe800000  Allocating
 Small   0x00000001fe800000 0x00000001fe9fffe8 0x00000001fea00000  Relocatable
 Small   0x00000001fea00000 0x00000001febffff0 0x00000001fec00000  Relocatable
 Small   0x0000000200600000 0x0000000200800000 0x0000000200800000  Relocatable
 Small   0x0000000201200000 0x00000002013ffff8 0x0000000201400000  Relocatable
 Small   0x0000000201800000 0x0000000201a00000 0x0000000201a00000  Allocating
 Small   0x0000000203c00000 0x0000000203e00000 0x0000000203e00000  Allocating
 Small   0x0000000204000000 0x0000000204200000 0x0000000204200000  Allocating
 Small   0x0000000204200000 0x00000002043fffd0 0x0000000204400000  Relocatable
 Small   0x0000000204600000 0x0000000204800000 0x0000000204800000  Allocating
 Small   0x0000000204800000 0x0000000204a00000 0x0000000204a00000  Allocating
 Small   0x0000000205600000 0x0000000205800000 0x0000000205800000  Allocating
 Small   0x0000000207c00000 0x0000000207e00000 0x0000000207e00000  Allocating
 Small   0x0000000208200000 0x0000000208400000 0x0000000208400000  Allocating
 Small   0x0000000208400000 0x0000000208600000 0x0000000208600000  Allocating
 Small   0x0000000208600000 0x0000000208800000 0x0000000208800000  Allocating
 Small   0x0000000208800000 0x0000000208a00000 0x0000000208a00000  Allocating
 Small   0x0000000208a00000 0x0000000208b00020 0x0000000208c00000  Allocating
 Small   0x0000000208c00000 0x0000000208e00000 0x0000000208e00000  Allocating
 Small   0x0000000208e00000 0x0000000209000000 0x0000000209000000  Allocating
 Small   0x0000000209000000 0x00000002091fffd0 0x0000000209200000  Relocatable
 Small   0x0000000209200000 0x0000000209400000 0x0000000209400000  Allocating
 Small   0x0000000209400000 0x0000000209600000 0x0000000209600000  Allocating
 Small   0x0000000209600000 0x0000000209800000 0x0000000209800000  Allocating
 Small   0x0000000209800000 0x0000000209a00000 0x0000000209a00000  Allocating
 Small   0x0000000209a00000 0x0000000209c00000 0x0000000209c00000  Allocating
 Small   0x0000000209c00000 0x0000000209e00000 0x0000000209e00000  Allocating
 Small   0x0000000209e00000 0x000000020a000000 0x000000020a000000  Allocating
 Small   0x000000020a000000 0x000000020a200000 0x000000020a200000  Allocating
 Small   0x000000020a200000 0x000000020a3ffec0 0x000000020a400000  Relocatable
 Small   0x000000020a400000 0x000000020a600000 0x000000020a600000  Allocating
 Small   0x000000020a600000 0x000000020a800000 0x000000020a800000  Allocating
 Small   0x000000020a800000 0x000000020aa00000 0x000000020aa00000  Allocating
 Small   0x000000020aa00000 0x000000020ac00000 0x000000020ac00000  Allocating
 Small   0x000000020ac00000 0x000000020adffff0 0x000000020ae00000  Relocatable
 Small   0x000000020ae00000 0x000000020ae40000 0x000000020b000000  Allocating
 Small   0x000000020b000000 0x000000020b200000 0x000000020b200000  Allocating
 Small   0x000000020b200000 0x000000020b400000 0x000000020b400000  Allocating
 Small   0x000000020b400000 0x000000020b600000 0x000000020b600000  Allocating
 Small   0x000000020b600000 0x000000020b800000 0x000000020b800000  Allocating
 Small   0x000000020b800000 0x000000020ba00000 0x000000020ba00000  Allocating
 Small   0x000000020ba00000 0x000000020bc00000 0x000000020bc00000  Allocating
 Small   0x000000020bc00000 0x000000020be00000 0x000000020be00000  Allocating
 Small   0x000000020be00000 0x000000020c000000 0x000000020c000000  Allocating
 Small   0x000000020c000000 0x000000020c200000 0x000000020c200000  Allocating
 Small   0x000000020c200000 0x000000020c400000 0x000000020c400000  Allocating
 Small   0x000000020c400000 0x000000020c600000 0x000000020c600000  Allocating
 Small   0x000000020c600000 0x000000020c800000 0x000000020c800000  Allocating
 Small   0x000000020c800000 0x000000020ca00000 0x000000020ca00000  Allocating
 Small   0x000000020ca00000 0x000000020cc00000 0x000000020cc00000  Allocating
 Small   0x000000020cc00000 0x000000020ce00000 0x000000020ce00000  Allocating
 Small   0x000000020ce00000 0x000000020d000000 0x000000020d000000  Allocating
 Small   0x000000020d000000 0x000000020d200000 0x000000020d200000  Allocating
 Small   0x000000020d200000 0x000000020d400000 0x000000020d400000  Allocating
 Small   0x000000020d400000 0x000000020d600000 0x000000020d600000  Allocating
 Small   0x000000020d600000 0x000000020d7fffd8 0x000000020d800000  Relocatable
 Small   0x000000020d800000 0x000000020d9fff90 0x000000020da00000  Relocatable
 Small   0x000000020da00000 0x000000020dc00000 0x000000020dc00000  Allocating
 Small   0x000000020dc00000 0x000000020de00000 0x000000020de00000  Allocating
 Small   0x000000020de00000 0x000000020e000000 0x000000020e000000  Allocating
 Small   0x000000020e000000 0x000000020e1ffff0 0x000000020e200000  Relocatable
 Small   0x000000020e200000 0x000000020e400000 0x000000020e400000  Allocating
 Small   0x000000020e400000 0x000000020e600000 0x000000020e600000  Allocating
 Small   0x000000020e600000 0x000000020e7fffd8 0x000000020e800000  Relocatable
 Small   0x000000020e800000 0x000000020ea00000 0x000000020ea00000  Allocating
 Small   0x000000020ea00000 0x000000020ec00000 0x000000020ec00000  Allocating
 Small   0x000000020ec00000 0x000000020ee00000 0x000000020ee00000  Allocating
 Small   0x000000020ee00000 0x000000020f000000 0x000000020f000000  Allocating
 Small   0x000000020f000000 0x000000020f200000 0x000000020f200000  Allocating
 Small   0x000000020f200000 0x000000020f400000 0x000000020f400000  Allocating
 Small   0x000000020f400000 0x000000020f600000 0x000000020f600000  Allocating
 Small   0x000000020f600000 0x000000020f800000 0x000000020f800000  Allocating
 Small   0x000000020f800000 0x000000020fa00000 0x000000020fa00000  Allocating
 Small   0x000000020fa00000 0x000000020fc00000 0x000000020fc00000  Allocating
 Small   0x000000020fc00000 0x000000020fdffff0 0x000000020fe00000  Relocatable
 Small   0x000000020fe00000 0x0000000210000000 0x0000000210000000  Allocating
 Small   0x0000000210000000 0x0000000210200000 0x0000000210200000  Allocating
 Small   0x0000000210200000 0x0000000210400000 0x0000000210400000  Allocating
 Small   0x0000000210400000 0x00000002105ffff0 0x0000000210600000  Relocatable
 Small   0x0000000210600000 0x0000000210800000 0x0000000210800000  Allocating
 Small   0x0000000210800000 0x0000000210a00000 0x0000000210a00000  Allocating
 Small   0x0000000210a00000 0x0000000210c00000 0x0000000210c00000  Allocating
 Small   0x0000000210c00000 0x0000000210e00000 0x0000000210e00000  Allocating
 Small   0x0000000210e00000 0x0000000211000000 0x0000000211000000  Allocating
 Small   0x0000000211000000 0x0000000211200000 0x0000000211200000  Allocating
 Small   0x0000000211200000 0x0000000211400000 0x0000000211400000  Relocatable
 Small   0x0000000211400000 0x0000000211600000 0x0000000211600000  Allocating
 Small   0x0000000211600000 0x0000000211800000 0x0000000211800000  Allocating
 Small   0x0000000211800000 0x0000000211a00000 0x0000000211a00000  Allocating
 Small   0x0000000211a00000 0x0000000211c00000 0x0000000211c00000  Allocating
 Small   0x0000000211c00000 0x0000000211e00000 0x0000000211e00000  Allocating
 Small   0x0000000211e00000 0x0000000212000000 0x0000000212000000  Allocating
 Small   0x0000000212000000 0x0000000212200000 0x0000000212200000  Allocating
 Small   0x0000000212200000 0x0000000212400000 0x0000000212400000  Allocating
 Small   0x0000000212400000 0x0000000212600000 0x0000000212600000  Allocating
 Small   0x0000000212600000 0x00000002127fffd8 0x0000000212800000  Relocatable
 Small   0x0000000212800000 0x0000000212a00000 0x0000000212a00000  Allocating
 Small   0x0000000212a00000 0x0000000212c00000 0x0000000212c00000  Allocating
 Small   0x0000000212c00000 0x0000000212e00000 0x0000000212e00000  Allocating
 Small   0x0000000212e00000 0x0000000213000000 0x0000000213000000  Allocating
 Small   0x0000000213000000 0x0000000213200000 0x0000000213200000  Allocating
 Small   0x0000000213200000 0x0000000213400000 0x0000000213400000  Relocatable
 Small   0x0000000213400000 0x0000000213600000 0x0000000213600000  Allocating
 Small   0x0000000213600000 0x0000000213800000 0x0000000213800000  Allocating
 Small   0x0000000213800000 0x0000000213a00000 0x0000000213a00000  Allocating
 Small   0x0000000213a00000 0x0000000213c00000 0x0000000213c00000  Relocatable
 Small   0x0000000213c00000 0x0000000213e00000 0x0000000213e00000  Allocating
 Small   0x0000000213e00000 0x0000000214000000 0x0000000214000000  Allocating
 Small   0x0000000214000000 0x0000000214200000 0x0000000214200000  Allocating
 Small   0x0000000214200000 0x0000000214400000 0x0000000214400000  Allocating
 Small   0x0000000214400000 0x0000000214600000 0x0000000214600000  Allocating
 Small   0x0000000214600000 0x0000000214800000 0x0000000214800000  Allocating
 Small   0x0000000214800000 0x0000000214880000 0x0000000214a00000  Allocating
 Small   0x0000000214a00000 0x0000000214c00000 0x0000000214c00000  Allocating
 Small   0x0000000214c00000 0x0000000214e00000 0x0000000214e00000  Allocating
 Small   0x0000000214e00000 0x0000000215000000 0x0000000215000000  Allocating
 Small   0x0000000215000000 0x0000000215200000 0x0000000215200000  Allocating
 Small   0x0000000215200000 0x0000000215400000 0x0000000215400000  Allocating
 Small   0x0000000215400000 0x0000000215600000 0x0000000215600000  Allocating
 Small   0x0000000215600000 0x0000000215800000 0x0000000215800000  Allocating
 Small   0x0000000215800000 0x0000000215840000 0x0000000215a00000  Allocating
 Small   0x0000000215a00000 0x0000000215c00000 0x0000000215c00000  Allocating
 Small   0x0000000215c00000 0x0000000215dff360 0x0000000215e00000  Relocatable
 Small   0x0000000215e00000 0x0000000215fffff0 0x0000000216000000  Relocatable
 Small   0x0000000216000000 0x0000000216200000 0x0000000216200000  Allocating
 Small   0x0000000216200000 0x0000000216400000 0x0000000216400000  Allocating
 Small   0x0000000216400000 0x0000000216600000 0x0000000216600000  Allocating
 Small   0x0000000216600000 0x0000000216800000 0x0000000216800000  Relocatable
 Small   0x0000000216800000 0x0000000216a00000 0x0000000216a00000  Allocating
 Small   0x0000000216a00000 0x0000000216c00000 0x0000000216c00000  Allocating
 Small   0x0000000216c00000 0x0000000216e00000 0x0000000216e00000  Allocating
 Small   0x0000000216e00000 0x0000000217000000 0x0000000217000000  Allocating
 Small   0x0000000217000000 0x00000002171fff80 0x0000000217200000  Relocatable
 Small   0x0000000217200000 0x0000000217400000 0x0000000217400000  Allocating
 Small   0x0000000217400000 0x0000000217600000 0x0000000217600000  Allocating
 Small   0x0000000217600000 0x00000002177e8b28 0x0000000217800000  Relocatable
 Small   0x0000000217800000 0x0000000217a00000 0x0000000217a00000  Allocating
 Small   0x0000000217a00000 0x0000000217c00000 0x0000000217c00000  Allocating
 Small   0x0000000217c00000 0x0000000217e00000 0x0000000217e00000  Allocating
 Small   0x0000000217e00000 0x0000000218000000 0x0000000218000000  Allocating
 Small   0x0000000218000000 0x00000002181fff88 0x0000000218200000  Relocatable
 Small   0x0000000218200000 0x0000000218400000 0x0000000218400000  Allocating
 Small   0x0000000218400000 0x0000000218600000 0x0000000218600000  Allocating
 Small   0x0000000218600000 0x0000000218800000 0x0000000218800000  Allocating
 Small   0x0000000218800000 0x0000000218a00000 0x0000000218a00000  Allocating
 Small   0x0000000218a00000 0x0000000218c00000 0x0000000218c00000  Allocating
 Small   0x0000000218c00000 0x0000000218e00000 0x0000000218e00000  Allocating
 Small   0x0000000218e00000 0x0000000219000000 0x0000000219000000  Allocating
 Small   0x0000000219000000 0x0000000219040000 0x0000000219200000  Allocating
 Small   0x0000000219200000 0x0000000219400000 0x0000000219400000  Allocating
 Small   0x0000000219400000 0x0000000219600000 0x0000000219600000  Allocating
 Small   0x0000000219600000 0x0000000219800000 0x0000000219800000  Allocating
 Small   0x0000000219800000 0x0000000219a00000 0x0000000219a00000  Allocating
 Small   0x0000000219a00000 0x0000000219c00000 0x0000000219c00000  Allocating
 Small   0x0000000219c00000 0x0000000219e00000 0x0000000219e00000  Allocating
 Small   0x0000000219e00000 0x000000021a000000 0x000000021a000000  Allocating
 Small   0x000000021a000000 0x000000021a0801b0 0x000000021a200000  Allocating
 Small   0x000000021a200000 0x000000021a3ffff0 0x000000021a400000  Relocatable
 Small   0x000000021a400000 0x000000021a600000 0x000000021a600000  Allocating
 Small   0x000000021a600000 0x000000021a6c0000 0x000000021a800000  Allocating
 Small   0x000000021a800000 0x000000021a9fff78 0x000000021aa00000  Relocatable
 Small   0x000000021aa00000 0x000000021abc0000 0x000000021ac00000  Allocating
 Small   0x000000021ac00000 0x000000021ae00000 0x000000021ae00000  Allocating
 Small   0x000000021ae00000 0x000000021b000000 0x000000021b000000  Allocating
 Small   0x000000021b000000 0x000000021b1ffff8 0x000000021b200000  Relocatable
 Small   0x000000021b200000 0x000000021b400000 0x000000021b400000  Allocating
 Small   0x000000021b400000 0x000000021b600000 0x000000021b600000  Relocatable
 Small   0x000000021b600000 0x000000021b7fec10 0x000000021b800000  Relocatable
 Small   0x000000021b800000 0x000000021ba00000 0x000000021ba00000  Allocating
 Small   0x000000021ba00000 0x000000021bc00000 0x000000021bc00000  Allocating
 Small   0x000000021bc00000 0x000000021be00000 0x000000021be00000  Allocating
 Small   0x000000021be00000 0x000000021c000000 0x000000021c000000  Allocating
 Small   0x000000021c000000 0x000000021c1ffff0 0x000000021c200000  Relocatable
 Small   0x000000021c200000 0x000000021c400000 0x000000021c400000  Allocating
 Small   0x000000021c400000 0x000000021c5febf8 0x000000021c600000  Relocatable
 Small   0x000000021c600000 0x000000021c800000 0x000000021c800000  Allocating
 Small   0x000000021c800000 0x000000021ca00000 0x000000021ca00000  Allocating
 Small   0x000000021ca00000 0x000000021cc00000 0x000000021cc00000  Allocating
 Small   0x000000021cc00000 0x000000021ce00000 0x000000021ce00000  Allocating
 Small   0x000000021ce00000 0x000000021d000000 0x000000021d000000  Allocating
 Small   0x000000021d000000 0x000000021d1e09c8 0x000000021d200000  Relocatable
 Small   0x000000021d200000 0x000000021d400000 0x000000021d400000  Allocating
 Small   0x000000021d400000 0x000000021d600000 0x000000021d600000  Allocating
 Small   0x000000021d600000 0x000000021d800000 0x000000021d800000  Allocating
 Small   0x000000021d800000 0x000000021da00000 0x000000021da00000  Allocating
 Small   0x000000021da00000 0x000000021dc00000 0x000000021dc00000  Allocating
 Small   0x000000021dc00000 0x000000021de00000 0x000000021de00000  Allocating
 Small   0x000000021de00000 0x000000021dffffd0 0x000000021e000000  Relocatable
 Small   0x000000021e000000 0x000000021e1fffe8 0x000000021e200000  Relocatable
 Small   0x000000021e200000 0x000000021e400000 0x000000021e400000  Allocating
 Small   0x000000021e400000 0x000000021e600000 0x000000021e600000  Allocating
 Small   0x000000021e600000 0x000000021e800000 0x000000021e800000  Allocating
 Small   0x000000021e800000 0x000000021ea00000 0x000000021ea00000  Allocating
 Small   0x000000021ea00000 0x000000021ec00000 0x000000021ec00000  Allocating
 Small   0x000000021ec00000 0x000000021ee00000 0x000000021ee00000  Allocating
 Small   0x000000021ee00000 0x000000021f000000 0x000000021f000000  Allocating
 Small   0x000000021f000000 0x000000021f200000 0x000000021f200000  Allocating
 Small   0x000000021f200000 0x000000021f400000 0x000000021f400000  Allocating
 Small   0x000000021f400000 0x000000021f600000 0x000000021f600000  Allocating
 Small   0x000000021f600000 0x000000021f800000 0x000000021f800000  Relocatable
 Small   0x000000021f800000 0x000000021fa00000 0x000000021fa00000  Allocating
 Small   0x000000021fa00000 0x000000021fc00000 0x000000021fc00000  Allocating
 Small   0x000000021fc00000 0x000000021fe00000 0x000000021fe00000  Allocating
 Small   0x000000021fe00000 0x0000000220000000 0x0000000220000000  Allocating
 Small   0x0000000220000000 0x0000000220200000 0x0000000220200000  Allocating
 Small   0x0000000220200000 0x00000002203fffe8 0x0000000220400000  Relocatable
 Small   0x0000000220400000 0x0000000220600000 0x0000000220600000  Allocating
 Small   0x0000000220600000 0x0000000220800000 0x0000000220800000  Allocating
 Small   0x0000000220800000 0x0000000220a00000 0x0000000220a00000  Allocating
 Small   0x0000000220a00000 0x0000000220c00000 0x0000000220c00000  Allocating
 Small   0x0000000220c00000 0x0000000220e00000 0x0000000220e00000  Allocating
 Small   0x0000000220e00000 0x0000000221000000 0x0000000221000000  Allocating
 Small   0x0000000221000000 0x0000000221200000 0x0000000221200000  Allocating
 Small   0x0000000221200000 0x0000000221400000 0x0000000221400000  Allocating
 Small   0x0000000221400000 0x0000000221600000 0x0000000221600000  Allocating
 Small   0x0000000221600000 0x0000000221800000 0x0000000221800000  Allocating
 Small   0x0000000221800000 0x0000000221a00000 0x0000000221a00000  Allocating
 Small   0x0000000221a00000 0x0000000221c00000 0x0000000221c00000  Allocating
 Small   0x0000000221c00000 0x0000000221e00000 0x0000000221e00000  Allocating
 Small   0x0000000221e00000 0x0000000222000000 0x0000000222000000  Allocating
 Small   0x0000000222000000 0x0000000222200000 0x0000000222200000  Allocating
 Small   0x0000000222200000 0x00000002223ffeb8 0x0000000222400000  Relocatable
 Small   0x0000000222400000 0x0000000222600000 0x0000000222600000  Allocating
 Small   0x0000000222600000 0x0000000222800000 0x0000000222800000  Allocating
 Small   0x0000000222800000 0x0000000222a00000 0x0000000222a00000  Allocating
 Small   0x0000000222a00000 0x0000000222c00000 0x0000000222c00000  Allocating
 Small   0x0000000222c00000 0x0000000222e00000 0x0000000222e00000  Allocating
 Small   0x0000000222e00000 0x0000000222ffffd0 0x0000000223000000  Relocatable
 Small   0x0000000223000000 0x0000000223200000 0x0000000223200000  Allocating
 Small   0x0000000223200000 0x0000000223400000 0x0000000223400000  Allocating
 Small   0x0000000223400000 0x0000000223600000 0x0000000223600000  Allocating
 Small   0x0000000223600000 0x0000000223800000 0x0000000223800000  Allocating
 Small   0x0000000223800000 0x0000000223a00000 0x0000000223a00000  Allocating
 Small   0x0000000223a00000 0x0000000223c00000 0x0000000223c00000  Allocating
 Small   0x0000000223c00000 0x0000000223e00000 0x0000000223e00000  Allocating
 Small   0x0000000223e00000 0x0000000224000000 0x0000000224000000  Allocating
 Small   0x0000000224000000 0x0000000224200000 0x0000000224200000  Allocating
 Small   0x0000000224200000 0x0000000224400000 0x0000000224400000  Allocating
 Small   0x0000000224400000 0x0000000224600000 0x0000000224600000  Allocating
 Small   0x0000000224600000 0x0000000224800000 0x0000000224800000  Allocating
 Small   0x0000000224800000 0x0000000224a00000 0x0000000224a00000  Allocating
 Small   0x0000000224a00000 0x0000000224c00000 0x0000000224c00000  Allocating
 Small   0x0000000224c00000 0x0000000224e00000 0x0000000224e00000  Allocating
 Small   0x0000000224e00000 0x0000000225000000 0x0000000225000000  Allocating
 Small   0x0000000225000000 0x0000000225200000 0x0000000225200000  Allocating
 Small   0x0000000225200000 0x0000000225400000 0x0000000225400000  Allocating
 Small   0x0000000225400000 0x0000000225600000 0x0000000225600000  Allocating
 Small   0x0000000225600000 0x0000000225800000 0x0000000225800000  Allocating
 Small   0x0000000225800000 0x0000000225a00000 0x0000000225a00000  Allocating
 Small   0x0000000225a00000 0x0000000225c00000 0x0000000225c00000  Allocating
 Small   0x0000000225c00000 0x0000000225e00000 0x0000000225e00000  Allocating
 Small   0x0000000225e00000 0x0000000226000000 0x0000000226000000  Relocatable
 Small   0x0000000226000000 0x0000000226200000 0x0000000226200000  Allocating
 Small   0x0000000226200000 0x0000000226400000 0x0000000226400000  Allocating
 Small   0x0000000226400000 0x0000000226600000 0x0000000226600000  Allocating
 Small   0x0000000226600000 0x0000000226800000 0x0000000226800000  Allocating
 Small   0x0000000226800000 0x0000000226a00000 0x0000000226a00000  Allocating
 Small   0x0000000226a00000 0x0000000226c00000 0x0000000226c00000  Allocating
 Small   0x0000000226c00000 0x0000000226e00000 0x0000000226e00000  Allocating
 Small   0x0000000226e00000 0x0000000227000000 0x0000000227000000  Allocating
 Small   0x0000000227000000 0x0000000227200000 0x0000000227200000  Allocating
 Small   0x0000000227200000 0x0000000227400000 0x0000000227400000  Allocating
 Small   0x0000000227400000 0x0000000227600000 0x0000000227600000  Allocating
 Small   0x0000000227600000 0x0000000227800000 0x0000000227800000  Allocating
 Small   0x0000000227800000 0x0000000227a00000 0x0000000227a00000  Allocating
 Small   0x0000000227a00000 0x0000000227c00000 0x0000000227c00000  Allocating
 Small   0x0000000227c00000 0x0000000227e00000 0x0000000227e00000  Allocating
 Small   0x0000000227e00000 0x0000000228000000 0x0000000228000000  Allocating
 Small   0x0000000228000000 0x0000000228200000 0x0000000228200000  Allocating
 Small   0x0000000228200000 0x0000000228400000 0x0000000228400000  Allocating
 Small   0x0000000228400000 0x0000000228600000 0x0000000228600000  Allocating
 Small   0x0000000228600000 0x0000000228800000 0x0000000228800000  Allocating
 Small   0x0000000228800000 0x0000000228a00000 0x0000000228a00000  Allocating
 Small   0x0000000228a00000 0x0000000228c00000 0x0000000228c00000  Allocating
 Small   0x0000000228c00000 0x0000000228e00000 0x0000000228e00000  Allocating
 Small   0x0000000228e00000 0x0000000229000000 0x0000000229000000  Allocating
 Small   0x0000000229000000 0x0000000229200000 0x0000000229200000  Allocating
 Small   0x0000000229200000 0x0000000229400000 0x0000000229400000  Allocating
 Small   0x0000000229400000 0x0000000229600000 0x0000000229600000  Allocating
 Small   0x0000000229600000 0x0000000229800000 0x0000000229800000  Allocating
 Small   0x0000000229800000 0x0000000229a00000 0x0000000229a00000  Allocating
 Small   0x0000000229a00000 0x0000000229c00000 0x0000000229c00000  Allocating
 Small   0x0000000229c00000 0x0000000229e00000 0x0000000229e00000  Allocating
 Small   0x0000000229e00000 0x000000022a000000 0x000000022a000000  Allocating
 Small   0x000000022a000000 0x000000022a200000 0x000000022a200000  Allocating
 Small   0x000000022a200000 0x000000022a400000 0x000000022a400000  Allocating
 Small   0x000000022a400000 0x000000022a600000 0x000000022a600000  Allocating
 Small   0x000000022a600000 0x000000022a800000 0x000000022a800000  Allocating
 Small   0x000000022a800000 0x000000022aa00000 0x000000022aa00000  Allocating
 Small   0x000000022aa00000 0x000000022ac00000 0x000000022ac00000  Allocating
 Small   0x000000022ac00000 0x000000022ae00000 0x000000022ae00000  Allocating
 Small   0x000000022ae00000 0x000000022b000000 0x000000022b000000  Allocating
 Small   0x000000022b000000 0x000000022b200000 0x000000022b200000  Allocating
 Small   0x000000022b200000 0x000000022b400000 0x000000022b400000  Allocating
 Small   0x000000022b400000 0x000000022b600000 0x000000022b600000  Allocating
 Small   0x000000022b600000 0x000000022b800000 0x000000022b800000  Allocating
 Small   0x000000022b800000 0x000000022ba00000 0x000000022ba00000  Allocating
 Small   0x000000022ba00000 0x000000022bc00000 0x000000022bc00000  Allocating
 Small   0x000000022bc00000 0x000000022bdfffa0 0x000000022be00000  Relocatable
 Small   0x000000022be00000 0x000000022c000000 0x000000022c000000  Allocating
 Small   0x000000022c000000 0x000000022c200000 0x000000022c200000  Allocating
 Small   0x000000022c200000 0x000000022c400000 0x000000022c400000  Allocating
 Small   0x000000022c400000 0x000000022c600000 0x000000022c600000  Allocating
 Small   0x000000022c600000 0x000000022c800000 0x000000022c800000  Allocating
 Small   0x000000022c800000 0x000000022ca00000 0x000000022ca00000  Allocating
 Small   0x000000022ca00000 0x000000022cc00000 0x000000022cc00000  Allocating
 Small   0x000000022cc00000 0x000000022ce00000 0x000000022ce00000  Relocatable
 Small   0x000000022ce00000 0x000000022d000000 0x000000022d000000  Allocating
 Small   0x000000022d000000 0x000000022d200000 0x000000022d200000  Allocating
 Small   0x000000022d200000 0x000000022d400000 0x000000022d400000  Allocating
 Small   0x000000022d400000 0x000000022d600000 0x000000022d600000  Allocating
 Small   0x000000022d600000 0x000000022d800000 0x000000022d800000  Allocating
 Small   0x000000022d800000 0x000000022da00000 0x000000022da00000  Allocating
 Small   0x000000022da00000 0x000000022dc00000 0x000000022dc00000  Allocating
 Small   0x000000022dc00000 0x000000022de00000 0x000000022de00000  Allocating
 Small   0x000000022de00000 0x000000022dfffff8 0x000000022e000000  Relocatable
 Small   0x000000022e000000 0x000000022e200000 0x000000022e200000  Allocating
 Small   0x000000022e200000 0x000000022e400000 0x000000022e400000  Allocating
 Small   0x000000022e400000 0x000000022e600000 0x000000022e600000  Allocating
 Small   0x000000022e600000 0x000000022e800000 0x000000022e800000  Allocating
 Small   0x000000022e800000 0x000000022ea00000 0x000000022ea00000  Allocating
 Small   0x000000022ea00000 0x000000022ec00000 0x000000022ec00000  Allocating
 Small   0x000000022ec00000 0x000000022ee00000 0x000000022ee00000  Allocating
 Small   0x000000022ee00000 0x000000022f000000 0x000000022f000000  Allocating
 Small   0x000000022f000000 0x000000022f200000 0x000000022f200000  Allocating
 Small   0x000000022f200000 0x000000022f3fffe8 0x000000022f400000  Relocatable
 Small   0x000000022f400000 0x000000022f600000 0x000000022f600000  Allocating
 Small   0x000000022f600000 0x000000022f800000 0x000000022f800000  Allocating
 Small   0x000000022f800000 0x000000022fa00000 0x000000022fa00000  Allocating
 Small   0x000000022fa00000 0x000000022fc00000 0x000000022fc00000  Allocating
 Small   0x000000022fc00000 0x000000022fe00000 0x000000022fe00000  Allocating
 Small   0x000000022fe00000 0x0000000230000000 0x0000000230000000  Allocating
 Small   0x0000000230000000 0x0000000230200000 0x0000000230200000  Allocating
 Small   0x0000000230200000 0x0000000230400000 0x0000000230400000  Allocating
 Small   0x0000000230400000 0x0000000230600000 0x0000000230600000  Allocating
 Small   0x0000000230600000 0x0000000230800000 0x0000000230800000  Allocating
 Small   0x0000000230800000 0x0000000230a00000 0x0000000230a00000  Allocating
 Small   0x0000000230a00000 0x0000000230c00000 0x0000000230c00000  Allocating
 Small   0x0000000230c00000 0x0000000230e00000 0x0000000230e00000  Allocating
 Small   0x0000000230e00000 0x0000000231000000 0x0000000231000000  Allocating
 Small   0x0000000231000000 0x0000000231200000 0x0000000231200000  Allocating
 Small   0x0000000231200000 0x0000000231400000 0x0000000231400000  Allocating
 Small   0x0000000231400000 0x0000000231600000 0x0000000231600000  Allocating
 Small   0x0000000231600000 0x00000002317fffd8 0x0000000231800000  Relocatable
 Small   0x0000000231800000 0x0000000231a00000 0x0000000231a00000  Allocating
 Small   0x0000000231a00000 0x0000000231c00000 0x0000000231c00000  Allocating
 Small   0x0000000231c00000 0x0000000231e00000 0x0000000231e00000  Allocating
 Small   0x0000000231e00000 0x0000000232000000 0x0000000232000000  Allocating
 Small   0x0000000232000000 0x0000000232200000 0x0000000232200000  Allocating
 Small   0x0000000232200000 0x0000000232400000 0x0000000232400000  Allocating
 Small   0x0000000232400000 0x0000000232600000 0x0000000232600000  Allocating
 Small   0x0000000232600000 0x0000000232800000 0x0000000232800000  Allocating
 Small   0x0000000232800000 0x0000000232a00000 0x0000000232a00000  Allocating
 Small   0x0000000232a00000 0x0000000232c00000 0x0000000232c00000  Allocating
 Small   0x0000000232c00000 0x0000000232e00000 0x0000000232e00000  Allocating
 Small   0x0000000232e00000 0x0000000233000000 0x0000000233000000  Allocating
 Small   0x0000000233000000 0x00000002331ffff8 0x0000000233200000  Relocatable
 Small   0x0000000233200000 0x0000000233400000 0x0000000233400000  Allocating
 Small   0x0000000233400000 0x0000000233600000 0x0000000233600000  Allocating
 Small   0x0000000233600000 0x0000000233800000 0x0000000233800000  Allocating
 Small   0x0000000233800000 0x0000000233a00000 0x0000000233a00000  Allocating
 Small   0x0000000233a00000 0x0000000233c00000 0x0000000233c00000  Allocating
 Small   0x0000000233c00000 0x0000000233cc0000 0x0000000233e00000  Allocating
 Small   0x0000000233e00000 0x0000000234000000 0x0000000234000000  Allocating
 Small   0x0000000234000000 0x0000000234200000 0x0000000234200000  Allocating
 Small   0x0000000234200000 0x0000000234400000 0x0000000234400000  Allocating
 Small   0x0000000234400000 0x0000000234600000 0x0000000234600000  Allocating
 Small   0x0000000234600000 0x0000000234800000 0x0000000234800000  Allocating
 Small   0x0000000234800000 0x00000002349fffe0 0x0000000234a00000  Relocatable
 Small   0x0000000234a00000 0x0000000234c00000 0x0000000234c00000  Allocating
 Small   0x0000000234c00000 0x0000000234e00000 0x0000000234e00000  Allocating
 Small   0x0000000234e00000 0x0000000235000000 0x0000000235000000  Allocating
 Small   0x0000000235000000 0x0000000235200000 0x0000000235200000  Allocating
 Small   0x0000000235200000 0x0000000235400000 0x0000000235400000  Allocating
 Small   0x0000000235400000 0x0000000235600000 0x0000000235600000  Allocating
 Small   0x0000000235600000 0x00000002357fffe0 0x0000000235800000  Relocatable
 Small   0x0000000235800000 0x0000000235a00000 0x0000000235a00000  Allocating
 Small   0x0000000235a00000 0x0000000235c00000 0x0000000235c00000  Allocating
 Small   0x0000000235c00000 0x0000000235e00000 0x0000000235e00000  Allocating
 Small   0x0000000235e00000 0x0000000235f64388 0x0000000236000000  Relocatable
 Small   0x0000000236000000 0x0000000236200000 0x0000000236200000  Allocating
 Small   0x0000000236200000 0x0000000236400000 0x0000000236400000  Allocating
 Small   0x0000000236400000 0x0000000236600000 0x0000000236600000  Allocating
 Small   0x0000000236600000 0x0000000236800000 0x0000000236800000  Allocating
 Small   0x0000000236800000 0x0000000236a00000 0x0000000236a00000  Allocating
 Small   0x0000000236a00000 0x0000000236c00000 0x0000000236c00000  Allocating
 Small   0x0000000236c00000 0x0000000236dfffe8 0x0000000236e00000  Relocatable
 Small   0x0000000236e00000 0x0000000237000000 0x0000000237000000  Allocating
 Small   0x0000000237000000 0x0000000237200000 0x0000000237200000  Allocating
 Small   0x0000000237200000 0x0000000237400000 0x0000000237400000  Allocating
 Small   0x0000000237400000 0x0000000237600000 0x0000000237600000  Allocating
 Small   0x0000000237600000 0x00000002377fff80 0x0000000237800000  Relocatable
 Small   0x0000000237800000 0x00000002379ffff0 0x0000000237a00000  Relocatable
 Small   0x0000000237a00000 0x0000000237bfffe0 0x0000000237c00000  Relocatable
 Small   0x0000000237c00000 0x0000000237e00000 0x0000000237e00000  Allocating
 Small   0x0000000237e00000 0x0000000238000000 0x0000000238000000  Allocating
 Small   0x0000000238000000 0x0000000238200000 0x0000000238200000  Allocating
 Small   0x0000000238200000 0x00000002383ffd90 0x0000000238400000  Relocatable
 Small   0x0000000238400000 0x0000000238600000 0x0000000238600000  Allocating
 Small   0x0000000238600000 0x0000000238800000 0x0000000238800000  Allocating
 Small   0x0000000238800000 0x0000000238a00000 0x0000000238a00000  Allocating
 Small   0x0000000238a00000 0x0000000238c00000 0x0000000238c00000  Allocating
 Small   0x0000000238c00000 0x0000000238e00000 0x0000000238e00000  Allocating
 Small   0x0000000238e00000 0x0000000239000000 0x0000000239000000  Allocating
 Small   0x0000000239000000 0x0000000239200000 0x0000000239200000  Allocating
 Small   0x0000000239200000 0x0000000239400000 0x0000000239400000  Allocating
 Small   0x0000000239400000 0x0000000239600000 0x0000000239600000  Allocating
 Small   0x0000000239600000 0x0000000239800000 0x0000000239800000  Allocating
 Small   0x0000000239800000 0x0000000239a00000 0x0000000239a00000  Allocating
 Small   0x0000000239a00000 0x0000000239c00000 0x0000000239c00000  Allocating
 Small   0x0000000239c00000 0x0000000239e00000 0x0000000239e00000  Allocating
 Small   0x0000000239e00000 0x000000023a000000 0x000000023a000000  Allocating
 Small   0x000000023a000000 0x000000023a200000 0x000000023a200000  Allocating
 Small   0x000000023a200000 0x000000023a400000 0x000000023a400000  Allocating
 Small   0x000000023a400000 0x000000023a600000 0x000000023a600000  Allocating
 Small   0x000000023a600000 0x000000023a800000 0x000000023a800000  Allocating
 Small   0x000000023a800000 0x000000023aa00000 0x000000023aa00000  Allocating
 Small   0x000000023aa00000 0x000000023ac00000 0x000000023ac00000  Allocating
 Small   0x000000023ac00000 0x000000023ae00000 0x000000023ae00000  Allocating
 Small   0x000000023ae00000 0x000000023b000000 0x000000023b000000  Relocatable
 Small   0x000000023b000000 0x000000023b200000 0x000000023b200000  Allocating
 Small   0x000000023b200000 0x000000023b400000 0x000000023b400000  Allocating
 Small   0x000000023b400000 0x000000023b600000 0x000000023b600000  Allocating
 Small   0x000000023b600000 0x000000023b800000 0x000000023b800000  Allocating
 Small   0x000000023b800000 0x000000023ba00000 0x000000023ba00000  Allocating
 Small   0x000000023ba00000 0x000000023bc00000 0x000000023bc00000  Allocating
 Small   0x000000023bc00000 0x000000023be00000 0x000000023be00000  Allocating
 Small   0x000000023be00000 0x000000023c000000 0x000000023c000000  Allocating
 Small   0x000000023c000000 0x000000023c1ffb10 0x000000023c200000  Relocatable
 Small   0x000000023c200000 0x000000023c3fddf0 0x000000023c400000  Relocatable
 Small   0x000000023c400000 0x000000023c600000 0x000000023c600000  Allocating
 Small   0x000000023c600000 0x000000023c800000 0x000000023c800000  Allocating
 Small   0x000000023cc00000 0x000000023ce00000 0x000000023ce00000  Allocating
 Small   0x000000023ce00000 0x000000023d000000 0x000000023d000000  Allocating
 Small   0x000000023d000000 0x000000023d200000 0x000000023d200000  Allocating
 Small   0x000000023d200000 0x000000023d400000 0x000000023d400000  Allocating
 Small   0x000000023d400000 0x000000023d600000 0x000000023d600000  Allocating
 Small   0x000000023d600000 0x000000023d800000 0x000000023d800000  Allocating
 Small   0x000000023d800000 0x000000023da00000 0x000000023da00000  Allocating
 Small   0x000000023da00000 0x000000023dc00000 0x000000023dc00000  Allocating
 Small   0x000000023dc00000 0x000000023de00000 0x000000023de00000  Allocating
 Small   0x000000023de00000 0x000000023e000000 0x000000023e000000  Allocating
 Small   0x000000023e000000 0x000000023e200000 0x000000023e200000  Allocating
 Small   0x000000023e200000 0x000000023e3fffe8 0x000000023e400000  Relocatable
 Small   0x000000023e400000 0x000000023e600000 0x000000023e600000  Allocating
 Small   0x000000023e600000 0x000000023e800000 0x000000023e800000  Allocating
 Small   0x000000023e800000 0x000000023ea00000 0x000000023ea00000  Allocating
 Small   0x000000023ea00000 0x000000023ec00000 0x000000023ec00000  Allocating
 Small   0x000000023ec00000 0x000000023edfffc8 0x000000023ee00000  Relocatable
 Small   0x000000023ee00000 0x000000023f000000 0x000000023f000000  Allocating
 Small   0x000000023f000000 0x000000023f1ffff8 0x000000023f200000  Relocatable
 Small   0x000000023f200000 0x000000023f3f4350 0x000000023f400000  Relocatable
 Small   0x000000023f400000 0x000000023f600000 0x000000023f600000  Allocating
 Small   0x000000023f600000 0x000000023f7fffd8 0x000000023f800000  Relocatable
 Small   0x000000023f800000 0x000000023f9ffff0 0x000000023fa00000  Relocatable
 Small   0x000000023fa00000 0x000000023fc00000 0x000000023fc00000  Allocating
 Small   0x000000023fc00000 0x000000023fe00000 0x000000023fe00000  Allocating
 Small   0x000000023fe00000 0x0000000240000000 0x0000000240000000  Allocating
 Small   0x0000000240000000 0x0000000240200000 0x0000000240200000  Allocating
 Small   0x0000000240200000 0x0000000240400000 0x0000000240400000  Allocating
 Small   0x0000000240400000 0x0000000240600000 0x0000000240600000  Allocating
 Small   0x0000000240600000 0x0000000240800000 0x0000000240800000  Allocating
 Small   0x0000000240800000 0x0000000240a00000 0x0000000240a00000  Allocating
 Small   0x0000000240a00000 0x0000000240c00000 0x0000000240c00000  Allocating
 Small   0x0000000240c00000 0x0000000240e00000 0x0000000240e00000  Allocating
 Small   0x0000000240e00000 0x0000000241000000 0x0000000241000000  Allocating
 Small   0x0000000241000000 0x0000000241200000 0x0000000241200000  Allocating
 Small   0x0000000241200000 0x0000000241400000 0x0000000241400000  Allocating
 Small   0x0000000241400000 0x0000000241600000 0x0000000241600000  Allocating
 Small   0x0000000241600000 0x0000000241800000 0x0000000241800000  Allocating
 Small   0x0000000241800000 0x0000000241a00000 0x0000000241a00000  Allocating
 Small   0x0000000241a00000 0x0000000241c00000 0x0000000241c00000  Allocating
 Small   0x0000000241c00000 0x0000000241e00000 0x0000000241e00000  Allocating
 Small   0x0000000241e00000 0x0000000242000000 0x0000000242000000  Allocating
 Small   0x0000000242000000 0x0000000242200000 0x0000000242200000  Allocating
 Small   0x0000000242200000 0x0000000242400000 0x0000000242400000  Allocating
 Small   0x0000000242400000 0x0000000242600000 0x0000000242600000  Allocating
 Small   0x0000000242600000 0x0000000242800000 0x0000000242800000  Allocating
 Small   0x0000000242800000 0x0000000242a00000 0x0000000242a00000  Allocating
 Small   0x0000000242a00000 0x0000000242c00000 0x0000000242c00000  Allocating
 Small   0x0000000242c00000 0x0000000242e00000 0x0000000242e00000  Allocating
 Small   0x0000000242e00000 0x0000000243000000 0x0000000243000000  Allocating
 Small   0x0000000243000000 0x0000000243200000 0x0000000243200000  Allocating
 Small   0x0000000243200000 0x0000000243400000 0x0000000243400000  Allocating
 Small   0x0000000243400000 0x0000000243600000 0x0000000243600000  Allocating
 Small   0x0000000243600000 0x0000000243800000 0x0000000243800000  Relocatable
 Small   0x0000000243800000 0x0000000243a00000 0x0000000243a00000  Allocating
 Small   0x0000000243a00000 0x0000000243c00000 0x0000000243c00000  Allocating
 Small   0x0000000243c00000 0x0000000243e00000 0x0000000243e00000  Allocating
 Small   0x0000000243e00000 0x0000000244000000 0x0000000244000000  Allocating
 Small   0x0000000244000000 0x0000000244200000 0x0000000244200000  Allocating
 Small   0x0000000244200000 0x0000000244400000 0x0000000244400000  Allocating
 Small   0x0000000244400000 0x0000000244600000 0x0000000244600000  Allocating
 Small   0x0000000244600000 0x0000000244800000 0x0000000244800000  Allocating
 Small   0x0000000244800000 0x0000000244a00000 0x0000000244a00000  Allocating
 Small   0x0000000244a00000 0x0000000244c00000 0x0000000244c00000  Allocating
 Small   0x0000000244c00000 0x0000000244e00000 0x0000000244e00000  Allocating
 Small   0x0000000244e00000 0x0000000244ffffe8 0x0000000245000000  Relocatable
 Small   0x0000000245000000 0x0000000245200000 0x0000000245200000  Allocating
 Small   0x0000000245200000 0x0000000245400000 0x0000000245400000  Allocating
 Small   0x0000000245400000 0x0000000245600000 0x0000000245600000  Allocating
 Small   0x0000000245600000 0x0000000245800000 0x0000000245800000  Allocating
 Small   0x0000000245800000 0x0000000245a00000 0x0000000245a00000  Allocating
 Small   0x0000000245a00000 0x0000000245c00000 0x0000000245c00000  Allocating
 Small   0x0000000245c00000 0x0000000245e00000 0x0000000245e00000  Allocating
 Small   0x0000000245e00000 0x0000000246000000 0x0000000246000000  Allocating
 Small   0x0000000246000000 0x0000000246200000 0x0000000246200000  Allocating
 Small   0x0000000246200000 0x0000000246400000 0x0000000246400000  Allocating
 Small   0x0000000246400000 0x0000000246600000 0x0000000246600000  Allocating
 Small   0x0000000246600000 0x0000000246800000 0x0000000246800000  Allocating
 Small   0x0000000246800000 0x0000000246a00000 0x0000000246a00000  Allocating
 Small   0x0000000246a00000 0x0000000246c00000 0x0000000246c00000  Allocating
 Small   0x0000000246c00000 0x0000000246e00000 0x0000000246e00000  Allocating
 Small   0x0000000246e00000 0x0000000247000000 0x0000000247000000  Allocating
 Small   0x0000000247000000 0x0000000247200000 0x0000000247200000  Allocating
 Small   0x0000000247200000 0x0000000247400000 0x0000000247400000  Allocating
 Small   0x0000000247400000 0x0000000247600000 0x0000000247600000  Allocating
 Small   0x0000000247600000 0x0000000247800000 0x0000000247800000  Allocating
 Small   0x0000000247800000 0x0000000247a00000 0x0000000247a00000  Allocating
 Small   0x0000000247a00000 0x0000000247c00000 0x0000000247c00000  Allocating
 Small   0x0000000247c00000 0x0000000247e00000 0x0000000247e00000  Allocating
 Small   0x0000000247e00000 0x0000000248000000 0x0000000248000000  Allocating
 Small   0x0000000248000000 0x0000000248200000 0x0000000248200000  Allocating
 Small   0x0000000248200000 0x0000000248400000 0x0000000248400000  Allocating
 Small   0x0000000248400000 0x0000000248600000 0x0000000248600000  Allocating
 Small   0x0000000248600000 0x0000000248800000 0x0000000248800000  Allocating
 Small   0x0000000248800000 0x0000000248a00000 0x0000000248a00000  Allocating
 Small   0x0000000248a00000 0x0000000248c00000 0x0000000248c00000  Allocating
 Small   0x0000000248c00000 0x0000000248dffa40 0x0000000248e00000  Relocatable
 Small   0x0000000248e00000 0x0000000249000000 0x0000000249000000  Allocating
 Small   0x0000000249000000 0x0000000249200000 0x0000000249200000  Allocating
 Small   0x0000000249200000 0x0000000249400000 0x0000000249400000  Allocating
 Small   0x0000000249400000 0x0000000249600000 0x0000000249600000  Allocating
 Small   0x0000000249600000 0x0000000249800000 0x0000000249800000  Allocating
 Small   0x0000000249800000 0x0000000249a00000 0x0000000249a00000  Allocating
 Small   0x0000000249a00000 0x0000000249c00000 0x0000000249c00000  Allocating
 Small   0x0000000249c00000 0x0000000249e00000 0x0000000249e00000  Allocating
 Small   0x0000000249e00000 0x000000024a000000 0x000000024a000000  Allocating
 Small   0x000000024a000000 0x000000024a1fffa0 0x000000024a200000  Relocatable
 Small   0x000000024a200000 0x000000024a400000 0x000000024a400000  Allocating
 Small   0x000000024a400000 0x000000024a600000 0x000000024a600000  Allocating
 Small   0x000000024a600000 0x000000024a800000 0x000000024a800000  Allocating
 Small   0x000000024a800000 0x000000024aa00000 0x000000024aa00000  Allocating
 Small   0x000000024aa00000 0x000000024ac00000 0x000000024ac00000  Allocating
 Small   0x000000024ac00000 0x000000024ae00000 0x000000024ae00000  Allocating
 Small   0x000000024ae00000 0x000000024b000000 0x000000024b000000  Allocating
 Small   0x000000024b000000 0x000000024b200000 0x000000024b200000  Allocating
 Small   0x000000024b200000 0x000000024b400000 0x000000024b400000  Allocating
 Small   0x000000024b400000 0x000000024b600000 0x000000024b600000  Allocating
 Small   0x000000024b600000 0x000000024b800000 0x000000024b800000  Allocating
 Small   0x000000024b800000 0x000000024ba00000 0x000000024ba00000  Allocating
 Small   0x000000024ba00000 0x000000024bc00000 0x000000024bc00000  Allocating
 Small   0x000000024bc00000 0x000000024be00000 0x000000024be00000  Relocatable
 Small   0x000000024be00000 0x000000024c000000 0x000000024c000000  Allocating
 Small   0x000000024c000000 0x000000024c200000 0x000000024c200000  Allocating
 Small   0x000000024c200000 0x000000024c400000 0x000000024c400000  Allocating
 Small   0x000000024c400000 0x000000024c600000 0x000000024c600000  Allocating
 Small   0x000000024c600000 0x000000024c800000 0x000000024c800000  Allocating
 Small   0x000000024c800000 0x000000024ca00000 0x000000024ca00000  Allocating
 Small   0x000000024ca00000 0x000000024cbff8c8 0x000000024cc00000  Relocatable
 Small   0x000000024cc00000 0x000000024ce00000 0x000000024ce00000  Allocating
 Small   0x000000024ce00000 0x000000024d000000 0x000000024d000000  Allocating
 Small   0x000000024d000000 0x000000024d200000 0x000000024d200000  Allocating
 Small   0x000000024d200000 0x000000024d3ffff0 0x000000024d400000  Relocatable
 Small   0x000000024d400000 0x000000024d600000 0x000000024d600000  Allocating
 Small   0x000000024d600000 0x000000024d800000 0x000000024d800000  Allocating
 Small   0x000000024d800000 0x000000024da00000 0x000000024da00000  Allocating
 Small   0x000000024da00000 0x000000024dc00000 0x000000024dc00000  Allocating
 Small   0x000000024dc00000 0x000000024de00000 0x000000024de00000  Allocating
 Small   0x000000024de00000 0x000000024e000000 0x000000024e000000  Allocating
 Small   0x000000024e000000 0x000000024e200000 0x000000024e200000  Allocating
 Small   0x000000024e200000 0x000000024e400000 0x000000024e400000  Allocating
 Small   0x000000024e400000 0x000000024e600000 0x000000024e600000  Allocating
 Small   0x000000024e600000 0x000000024e800000 0x000000024e800000  Allocating
 Small   0x000000024e800000 0x000000024ea00000 0x000000024ea00000  Allocating
 Small   0x000000024ea00000 0x000000024ec00000 0x000000024ec00000  Allocating
 Small   0x000000024ec00000 0x000000024ee00000 0x000000024ee00000  Allocating
 Small   0x000000024ee00000 0x000000024f000000 0x000000024f000000  Allocating
 Small   0x000000024f000000 0x000000024f200000 0x000000024f200000  Allocating
 Small   0x000000024f200000 0x000000024f400000 0x000000024f400000  Allocating
 Small   0x000000024f400000 0x000000024f600000 0x000000024f600000  Allocating
 Small   0x000000024f600000 0x000000024f800000 0x000000024f800000  Allocating
 Small   0x000000024f800000 0x000000024fa00000 0x000000024fa00000  Allocating
 Small   0x000000024fa00000 0x000000024fc00000 0x000000024fc00000  Allocating
 Small   0x000000024fc00000 0x000000024fe00000 0x000000024fe00000  Allocating
 Small   0x000000024fe00000 0x000000024ffffff0 0x0000000250000000  Relocatable
 Small   0x0000000250000000 0x0000000250200000 0x0000000250200000  Allocating
 Small   0x0000000250200000 0x0000000250400000 0x0000000250400000  Allocating
 Small   0x0000000250400000 0x0000000250600000 0x0000000250600000  Allocating
 Small   0x0000000250600000 0x0000000250800000 0x0000000250800000  Allocating
 Small   0x0000000250800000 0x000000025098b448 0x0000000250a00000  Relocatable
 Small   0x0000000250a00000 0x0000000250c00000 0x0000000250c00000  Allocating
 Small   0x0000000250c00000 0x0000000250e00000 0x0000000250e00000  Allocating
 Small   0x0000000250e00000 0x0000000251000000 0x0000000251000000  Allocating
 Small   0x0000000251000000 0x0000000251200000 0x0000000251200000  Allocating
 Small   0x0000000251200000 0x0000000251400000 0x0000000251400000  Allocating
 Small   0x0000000251400000 0x0000000251600000 0x0000000251600000  Allocating
 Small   0x0000000251600000 0x0000000251800000 0x0000000251800000  Allocating
 Small   0x0000000251800000 0x0000000251a00000 0x0000000251a00000  Allocating
 Small   0x0000000251a00000 0x0000000251c00000 0x0000000251c00000  Allocating
 Small   0x0000000251c00000 0x0000000251e00000 0x0000000251e00000  Allocating
 Small   0x0000000251e00000 0x0000000252000000 0x0000000252000000  Allocating
 Small   0x0000000252000000 0x0000000252200000 0x0000000252200000  Allocating
 Small   0x0000000252200000 0x0000000252400000 0x0000000252400000  Allocating
 Small   0x0000000252400000 0x0000000252600000 0x0000000252600000  Allocating
 Small   0x0000000252600000 0x0000000252800000 0x0000000252800000  Allocating
 Small   0x0000000252800000 0x0000000252a00000 0x0000000252a00000  Allocating
 Small   0x0000000252a00000 0x0000000252bffec8 0x0000000252c00000  Relocatable
 Small   0x0000000252c00000 0x0000000252e00000 0x0000000252e00000  Allocating
 Small   0x0000000252e00000 0x0000000253000000 0x0000000253000000  Allocating
 Small   0x0000000253000000 0x0000000253200000 0x0000000253200000  Allocating
 Small   0x0000000253200000 0x00000002533ffff0 0x0000000253400000  Relocatable
 Small   0x0000000253400000 0x0000000253600000 0x0000000253600000  Allocating
 Small   0x0000000253600000 0x0000000253800000 0x0000000253800000  Allocating
 Small   0x0000000253800000 0x0000000253a00000 0x0000000253a00000  Allocating
 Small   0x0000000253a00000 0x0000000253c00000 0x0000000253c00000  Allocating
 Small   0x0000000253c00000 0x0000000253e00000 0x0000000253e00000  Allocating
 Small   0x0000000253e00000 0x0000000254000000 0x0000000254000000  Allocating
 Small   0x0000000254000000 0x0000000254200000 0x0000000254200000  Allocating
 Small   0x0000000254200000 0x0000000254400000 0x0000000254400000  Allocating
 Small   0x0000000254400000 0x0000000254600000 0x0000000254600000  Allocating
 Small   0x0000000254600000 0x0000000254800000 0x0000000254800000  Allocating
 Small   0x0000000254800000 0x0000000254a00000 0x0000000254a00000  Allocating
 Small   0x0000000254a00000 0x0000000254c00000 0x0000000254c00000  Allocating
 Small   0x0000000254c00000 0x0000000254dfffd0 0x0000000254e00000  Relocatable
 Small   0x0000000254e00000 0x0000000255000000 0x0000000255000000  Allocating
 Small   0x0000000255000000 0x0000000255200000 0x0000000255200000  Allocating
 Small   0x0000000255200000 0x0000000255400000 0x0000000255400000  Allocating
 Small   0x0000000255400000 0x0000000255600000 0x0000000255600000  Allocating
 Small   0x0000000255600000 0x0000000255800000 0x0000000255800000  Allocating
 Small   0x0000000255800000 0x00000002559ffff0 0x0000000255a00000  Relocatable
 Small   0x0000000255a00000 0x0000000255c00000 0x0000000255c00000  Allocating
 Small   0x0000000255c00000 0x0000000255e00000 0x0000000255e00000  Allocating
 Small   0x0000000255e00000 0x0000000256000000 0x0000000256000000  Allocating
 Small   0x0000000256000000 0x0000000256200000 0x0000000256200000  Allocating
 Small   0x0000000256200000 0x00000002563fffe8 0x0000000256400000  Relocatable
 Small   0x0000000256400000 0x0000000256600000 0x0000000256600000  Allocating
 Small   0x0000000256600000 0x0000000256800000 0x0000000256800000  Allocating
 Small   0x0000000256800000 0x0000000256a00000 0x0000000256a00000  Allocating
 Small   0x0000000256a00000 0x0000000256c00000 0x0000000256c00000  Allocating
 Small   0x0000000256c00000 0x0000000256dfe240 0x0000000256e00000  Relocatable
 Small   0x0000000256e00000 0x0000000257000000 0x0000000257000000  Allocating
 Small   0x0000000257000000 0x0000000257200000 0x0000000257200000  Allocating
 Small   0x0000000257200000 0x0000000257400000 0x0000000257400000  Allocating
 Small   0x0000000257400000 0x0000000257600000 0x0000000257600000  Allocating
 Small   0x0000000257600000 0x0000000257800000 0x0000000257800000  Allocating
 Small   0x0000000257800000 0x0000000257a00000 0x0000000257a00000  Allocating
 Small   0x0000000257a00000 0x0000000257bfff30 0x0000000257c00000  Relocatable
 Small   0x0000000257c00000 0x0000000257dfffb8 0x0000000257e00000  Relocatable
 Small   0x0000000257e00000 0x0000000258000000 0x0000000258000000  Allocating
 Small   0x0000000258000000 0x0000000258200000 0x0000000258200000  Allocating
 Small   0x0000000258200000 0x0000000258400000 0x0000000258400000  Allocating
 Small   0x0000000258400000 0x0000000258600000 0x0000000258600000  Allocating
 Small   0x0000000258600000 0x0000000258800000 0x0000000258800000  Allocating
 Small   0x0000000258800000 0x0000000258a00000 0x0000000258a00000  Allocating
 Small   0x0000000258a00000 0x0000000258c00000 0x0000000258c00000  Allocating
 Small   0x0000000258c00000 0x0000000258e00000 0x0000000258e00000  Allocating
 Small   0x0000000258e00000 0x0000000259000000 0x0000000259000000  Allocating
 Small   0x0000000259000000 0x0000000259200000 0x0000000259200000  Allocating
 Small   0x0000000259200000 0x0000000259400000 0x0000000259400000  Allocating
 Small   0x0000000259400000 0x0000000259600000 0x0000000259600000  Allocating
 Small   0x0000000259600000 0x0000000259800000 0x0000000259800000  Allocating
 Small   0x0000000259800000 0x0000000259a00000 0x0000000259a00000  Allocating
 Small   0x0000000259a00000 0x0000000259c00000 0x0000000259c00000  Allocating
 Small   0x0000000259c00000 0x0000000259e00000 0x0000000259e00000  Allocating
 Small   0x0000000259e00000 0x000000025a000000 0x000000025a000000  Allocating
 Small   0x000000025a000000 0x000000025a200000 0x000000025a200000  Allocating
 Small   0x000000025a200000 0x000000025a400000 0x000000025a400000  Allocating
 Small   0x000000025a400000 0x000000025a600000 0x000000025a600000  Allocating
 Small   0x000000025a600000 0x000000025a800000 0x000000025a800000  Allocating
 Small   0x000000025a800000 0x000000025aa00000 0x000000025aa00000  Allocating
 Small   0x000000025aa00000 0x000000025ac00000 0x000000025ac00000  Allocating
 Small   0x000000025ac00000 0x000000025ae00000 0x000000025ae00000  Allocating
 Small   0x000000025ae00000 0x000000025b000000 0x000000025b000000  Allocating
 Small   0x000000025b000000 0x000000025b200000 0x000000025b200000  Allocating
 Small   0x000000025b200000 0x000000025b400000 0x000000025b400000  Allocating
 Small   0x000000025b400000 0x000000025b600000 0x000000025b600000  Allocating
 Small   0x000000025b600000 0x000000025b800000 0x000000025b800000  Allocating
 Small   0x000000025b800000 0x000000025ba00000 0x000000025ba00000  Allocating
 Small   0x000000025ba00000 0x000000025bc00000 0x000000025bc00000  Allocating
 Small   0x000000025bc00000 0x000000025be00000 0x000000025be00000  Allocating
 Small   0x000000025be00000 0x000000025c000000 0x000000025c000000  Relocatable
 Small   0x000000025c000000 0x000000025c200000 0x000000025c200000  Allocating
 Small   0x000000025c200000 0x000000025c400000 0x000000025c400000  Allocating
 Small   0x000000025c400000 0x000000025c600000 0x000000025c600000  Allocating
 Small   0x000000025c600000 0x000000025c800000 0x000000025c800000  Relocatable
 Small   0x000000025c800000 0x000000025c9fffd0 0x000000025ca00000  Relocatable
 Small   0x000000025ca00000 0x000000025cc00000 0x000000025cc00000  Allocating
 Small   0x000000025cc00000 0x000000025cdffff8 0x000000025ce00000  Relocatable
 Small   0x000000025ce00000 0x000000025d000000 0x000000025d000000  Allocating
 Small   0x000000025d000000 0x000000025d200000 0x000000025d200000  Allocating
 Small   0x000000025d200000 0x000000025d400000 0x000000025d400000  Allocating
 Small   0x000000025d400000 0x000000025d600000 0x000000025d600000  Allocating
 Small   0x000000025d600000 0x000000025d800000 0x000000025d800000  Allocating
 Small   0x000000025d800000 0x000000025d9e4e08 0x000000025da00000  Relocatable
 Small   0x000000025da00000 0x000000025dbffff8 0x000000025dc00000  Relocatable
 Small   0x000000025dc00000 0x000000025de00000 0x000000025de00000  Allocating
 Small   0x000000025de00000 0x000000025e000000 0x000000025e000000  Allocating
 Small   0x000000025e000000 0x000000025e200000 0x000000025e200000  Allocating
 Small   0x000000025e200000 0x000000025e400000 0x000000025e400000  Allocating
 Small   0x000000025e400000 0x000000025e600000 0x000000025e600000  Allocating
 Small   0x000000025e600000 0x000000025e800000 0x000000025e800000  Allocating
 Small   0x000000025e800000 0x000000025ea00000 0x000000025ea00000  Allocating
 Small   0x000000025ea00000 0x000000025ec00000 0x000000025ec00000  Allocating
 Small   0x000000025ec00000 0x000000025ee00000 0x000000025ee00000  Allocating
 Small   0x000000025ee00000 0x000000025efffa78 0x000000025f000000  Relocatable
 Small   0x000000025f000000 0x000000025f200000 0x000000025f200000  Allocating
 Small   0x000000025f200000 0x000000025f400000 0x000000025f400000  Allocating
 Small   0x000000025f400000 0x000000025f600000 0x000000025f600000  Allocating
 Small   0x000000025f600000 0x000000025f800000 0x000000025f800000  Allocating
 Small   0x000000025f800000 0x000000025fa00000 0x000000025fa00000  Allocating
 Small   0x000000025fa00000 0x000000025fc00000 0x000000025fc00000  Allocating
 Small   0x000000025fc00000 0x000000025fe00000 0x000000025fe00000  Allocating
 Small   0x000000025fe00000 0x0000000260000000 0x0000000260000000  Allocating
 Small   0x0000000260000000 0x0000000260200000 0x0000000260200000  Allocating
 Small   0x0000000260200000 0x0000000260400000 0x0000000260400000  Allocating
 Small   0x0000000260400000 0x0000000260600000 0x0000000260600000  Allocating
 Small   0x0000000260600000 0x0000000260800000 0x0000000260800000  Allocating
 Small   0x0000000260800000 0x0000000260a00000 0x0000000260a00000  Allocating
 Small   0x0000000260a00000 0x0000000260b6c0f0 0x0000000260c00000  Relocatable
 Small   0x0000000260c00000 0x0000000260e00000 0x0000000260e00000  Allocating
 Small   0x0000000260e00000 0x0000000261000000 0x0000000261000000  Allocating
 Small   0x0000000261000000 0x0000000261200000 0x0000000261200000  Allocating
 Small   0x0000000261200000 0x0000000261400000 0x0000000261400000  Allocating
 Small   0x0000000261400000 0x0000000261600000 0x0000000261600000  Allocating
 Small   0x0000000261600000 0x0000000261800000 0x0000000261800000  Allocating
 Small   0x0000000261800000 0x0000000261a00000 0x0000000261a00000  Allocating
 Small   0x0000000261a00000 0x0000000261c00000 0x0000000261c00000  Allocating
 Small   0x0000000261c00000 0x0000000261dfff20 0x0000000261e00000  Relocatable
 Small   0x0000000261e00000 0x0000000262000000 0x0000000262000000  Allocating
 Small   0x0000000262000000 0x00000002621fffe8 0x0000000262200000  Relocatable
 Small   0x0000000262200000 0x0000000262400000 0x0000000262400000  Allocating
 Small   0x0000000262400000 0x0000000262600000 0x0000000262600000  Allocating
 Small   0x0000000262600000 0x0000000262800000 0x0000000262800000  Allocating
 Small   0x0000000262800000 0x0000000262a00000 0x0000000262a00000  Allocating
 Small   0x0000000262a00000 0x0000000262c00000 0x0000000262c00000  Allocating
 Small   0x0000000262c00000 0x0000000262e00000 0x0000000262e00000  Allocating
 Small   0x0000000262e00000 0x0000000263000000 0x0000000263000000  Allocating
 Small   0x0000000263000000 0x0000000263200000 0x0000000263200000  Allocating
 Small   0x0000000263200000 0x0000000263400000 0x0000000263400000  Allocating
 Small   0x0000000263400000 0x0000000263600000 0x0000000263600000  Allocating
 Small   0x0000000263600000 0x0000000263800000 0x0000000263800000  Allocating
 Small   0x0000000263800000 0x0000000263a00000 0x0000000263a00000  Allocating
 Small   0x0000000263a00000 0x0000000263c00000 0x0000000263c00000  Allocating
 Small   0x0000000263c00000 0x0000000263e00000 0x0000000263e00000  Allocating
 Small   0x0000000263e00000 0x0000000264000000 0x0000000264000000  Allocating
 Small   0x0000000264000000 0x0000000264200000 0x0000000264200000  Allocating
 Small   0x0000000264200000 0x0000000264400000 0x0000000264400000  Allocating
 Small   0x0000000264400000 0x0000000264600000 0x0000000264600000  Allocating
 Small   0x0000000264600000 0x0000000264800000 0x0000000264800000  Allocating
 Small   0x0000000264800000 0x0000000264a00000 0x0000000264a00000  Allocating
 Small   0x0000000264a00000 0x0000000264c00000 0x0000000264c00000  Allocating
 Small   0x0000000264c00000 0x0000000264dfff98 0x0000000264e00000  Relocatable
 Small   0x0000000264e00000 0x0000000265000000 0x0000000265000000  Allocating
 Small   0x0000000265000000 0x0000000265200000 0x0000000265200000  Allocating
 Small   0x0000000265200000 0x0000000265400000 0x0000000265400000  Allocating
 Small   0x0000000265400000 0x0000000265600000 0x0000000265600000  Allocating
 Small   0x0000000265600000 0x0000000265800000 0x0000000265800000  Allocating
 Small   0x0000000265800000 0x00000002659ffff8 0x0000000265a00000  Relocatable
 Small   0x0000000265a00000 0x0000000265c00000 0x0000000265c00000  Allocating
 Small   0x0000000265c00000 0x0000000265e00000 0x0000000265e00000  Allocating
 Small   0x0000000265e00000 0x0000000266000000 0x0000000266000000  Allocating
 Small   0x0000000266000000 0x00000002661ffff8 0x0000000266200000  Relocatable
 Small   0x0000000266200000 0x0000000266400000 0x0000000266400000  Allocating
 Small   0x0000000266400000 0x0000000266600000 0x0000000266600000  Allocating
 Small   0x0000000266600000 0x00000002667fff68 0x0000000266800000  Relocatable
 Small   0x0000000266800000 0x0000000266a00000 0x0000000266a00000  Allocating
 Small   0x0000000266a00000 0x0000000266c00000 0x0000000266c00000  Allocating
 Small   0x0000000266c00000 0x0000000266dffff0 0x0000000266e00000  Relocatable
 Small   0x0000000266e00000 0x0000000267000000 0x0000000267000000  Allocating
 Small   0x0000000267000000 0x0000000267200000 0x0000000267200000  Allocating
 Small   0x0000000267200000 0x0000000267400000 0x0000000267400000  Allocating
 Small   0x0000000267400000 0x0000000267600000 0x0000000267600000  Allocating
 Small   0x0000000267600000 0x0000000267800000 0x0000000267800000  Allocating
 Small   0x0000000267800000 0x0000000267a00000 0x0000000267a00000  Allocating
 Small   0x0000000267a00000 0x0000000267c00000 0x0000000267c00000  Allocating
 Small   0x0000000267c00000 0x0000000267e00000 0x0000000267e00000  Allocating
 Small   0x0000000267e00000 0x0000000268000000 0x0000000268000000  Allocating
 Small   0x0000000268000000 0x0000000268200000 0x0000000268200000  Allocating
 Small   0x0000000268200000 0x0000000268400000 0x0000000268400000  Allocating
 Small   0x0000000268400000 0x0000000268600000 0x0000000268600000  Allocating
 Small   0x0000000268600000 0x0000000268800000 0x0000000268800000  Allocating
 Small   0x0000000268800000 0x0000000268a00000 0x0000000268a00000  Allocating
 Small   0x0000000268a00000 0x0000000268bfffd8 0x0000000268c00000  Relocatable
 Small   0x0000000268c00000 0x0000000268e00000 0x0000000268e00000  Allocating
 Small   0x0000000268e00000 0x0000000269000000 0x0000000269000000  Allocating
 Small   0x0000000269000000 0x0000000269200000 0x0000000269200000  Allocating
 Small   0x0000000269200000 0x0000000269400000 0x0000000269400000  Allocating
 Small   0x0000000269400000 0x0000000269600000 0x0000000269600000  Allocating
 Small   0x0000000269600000 0x00000002697edab0 0x0000000269800000  Relocatable
 Small   0x0000000269800000 0x0000000269a00000 0x0000000269a00000  Allocating
 Small   0x0000000269a00000 0x0000000269badc58 0x0000000269c00000  Relocatable
 Small   0x0000000269c00000 0x0000000269e00000 0x0000000269e00000  Allocating
 Small   0x0000000269e00000 0x000000026a000000 0x000000026a000000  Allocating
 Small   0x000000026a000000 0x000000026a200000 0x000000026a200000  Allocating
 Small   0x000000026a200000 0x000000026a400000 0x000000026a400000  Allocating
 Small   0x000000026a400000 0x000000026a600000 0x000000026a600000  Allocating
 Small   0x000000026a600000 0x000000026a800000 0x000000026a800000  Allocating
 Small   0x000000026a800000 0x000000026aa00000 0x000000026aa00000  Allocating
 Small   0x000000026aa00000 0x000000026ac00000 0x000000026ac00000  Allocating
 Small   0x000000026ac00000 0x000000026ae00000 0x000000026ae00000  Allocating
 Small   0x000000026ae00000 0x000000026afffff8 0x000000026b000000  Relocatable
 Small   0x000000026b000000 0x000000026b200000 0x000000026b200000  Allocating
 Small   0x000000026b200000 0x000000026b400000 0x000000026b400000  Allocating
 Small   0x000000026b400000 0x000000026b600000 0x000000026b600000  Allocating
 Small   0x000000026b600000 0x000000026b800000 0x000000026b800000  Allocating
 Small   0x000000026b800000 0x000000026ba00000 0x000000026ba00000  Allocating
 Small   0x000000026ba00000 0x000000026bc00000 0x000000026bc00000  Allocating
 Small   0x000000026bc00000 0x000000026be00000 0x000000026be00000  Allocating
 Small   0x000000026be00000 0x000000026c000000 0x000000026c000000  Allocating
 Small   0x000000026c000000 0x000000026c200000 0x000000026c200000  Allocating
 Small   0x000000026c200000 0x000000026c400000 0x000000026c400000  Allocating
 Small   0x000000026c400000 0x000000026c600000 0x000000026c600000  Allocating
 Small   0x000000026c600000 0x000000026c800000 0x000000026c800000  Allocating
 Small   0x000000026c800000 0x000000026ca00000 0x000000026ca00000  Allocating
 Small   0x000000026ca00000 0x000000026cc00000 0x000000026cc00000  Allocating
 Small   0x000000026cc00000 0x000000026ce00000 0x000000026ce00000  Allocating
 Small   0x000000026ce00000 0x000000026d000000 0x000000026d000000  Allocating
 Small   0x000000026d000000 0x000000026d200000 0x000000026d200000  Allocating
 Small   0x000000026d200000 0x000000026d400000 0x000000026d400000  Allocating
 Small   0x000000026d400000 0x000000026d600000 0x000000026d600000  Allocating
 Small   0x000000026d600000 0x000000026d800000 0x000000026d800000  Allocating
 Small   0x000000026d800000 0x000000026da00000 0x000000026da00000  Allocating
 Small   0x000000026da00000 0x000000026dc00000 0x000000026dc00000  Allocating
 Small   0x000000026dc00000 0x000000026de00000 0x000000026de00000  Allocating
 Small   0x000000026de00000 0x000000026e000000 0x000000026e000000  Allocating
 Small   0x000000026e000000 0x000000026e200000 0x000000026e200000  Allocating
 Small   0x000000026e200000 0x000000026e400000 0x000000026e400000  Allocating
 Small   0x000000026e400000 0x000000026e600000 0x000000026e600000  Allocating
 Small   0x000000026e600000 0x000000026e800000 0x000000026e800000  Allocating
 Small   0x000000026e800000 0x000000026ea00000 0x000000026ea00000  Allocating
 Small   0x000000026ea00000 0x000000026ec00000 0x000000026ec00000  Allocating
 Small   0x000000026ec00000 0x000000026ee00000 0x000000026ee00000  Allocating
 Small   0x000000026ee00000 0x000000026f000000 0x000000026f000000  Allocating
 Small   0x000000026f000000 0x000000026f200000 0x000000026f200000  Allocating
 Small   0x000000026f200000 0x000000026f400000 0x000000026f400000  Allocating
 Small   0x000000026f400000 0x000000026f600000 0x000000026f600000  Allocating
 Small   0x000000026f600000 0x000000026f800000 0x000000026f800000  Allocating
 Small   0x000000026f800000 0x000000026fa00000 0x000000026fa00000  Allocating
 Small   0x000000026fa00000 0x000000026fc00000 0x000000026fc00000  Allocating
 Small   0x000000026fc00000 0x000000026fe00000 0x000000026fe00000  Allocating
 Small   0x000000026fe00000 0x0000000270000000 0x0000000270000000  Allocating
 Small   0x0000000270000000 0x0000000270200000 0x0000000270200000  Allocating
 Small   0x0000000270200000 0x0000000270400000 0x0000000270400000  Allocating
 Small   0x0000000270400000 0x0000000270600000 0x0000000270600000  Allocating
 Small   0x0000000270600000 0x0000000270800000 0x0000000270800000  Allocating
 Small   0x0000000270800000 0x0000000270a00000 0x0000000270a00000  Allocating
 Small   0x0000000270a00000 0x0000000270c00000 0x0000000270c00000  Allocating
 Small   0x0000000270c00000 0x0000000270dfffe8 0x0000000270e00000  Relocatable
 Small   0x0000000270e00000 0x0000000271000000 0x0000000271000000  Allocating
 Small   0x0000000271000000 0x0000000271200000 0x0000000271200000  Allocating
 Small   0x0000000271200000 0x0000000271400000 0x0000000271400000  Allocating
 Small   0x0000000271400000 0x0000000271600000 0x0000000271600000  Allocating
 Small   0x0000000271600000 0x0000000271800000 0x0000000271800000  Allocating
 Small   0x0000000271800000 0x00000002719f69a8 0x0000000271a00000  Relocatable
 Small   0x0000000271a00000 0x0000000271c00000 0x0000000271c00000  Allocating
 Small   0x0000000271c00000 0x0000000271e00000 0x0000000271e00000  Allocating
 Small   0x0000000271e00000 0x0000000272000000 0x0000000272000000  Allocating
 Small   0x0000000272000000 0x0000000272200000 0x0000000272200000  Allocating
 Small   0x0000000272200000 0x0000000272400000 0x0000000272400000  Allocating
 Small   0x0000000272400000 0x0000000272600000 0x0000000272600000  Allocating
 Small   0x0000000272600000 0x0000000272800000 0x0000000272800000  Allocating
 Small   0x0000000272800000 0x00000002729fbc18 0x0000000272a00000  Relocatable
 Small   0x0000000272a00000 0x0000000272c00000 0x0000000272c00000  Allocating
 Small   0x0000000272c00000 0x0000000272e00000 0x0000000272e00000  Allocating
 Small   0x0000000272e00000 0x0000000272ec0000 0x0000000273000000  Allocating
 Small   0x0000000273000000 0x0000000273200000 0x0000000273200000  Allocating
 Small   0x0000000273200000 0x00000002733fffe0 0x0000000273400000  Relocatable
 Small   0x0000000273400000 0x0000000273600000 0x0000000273600000  Allocating
 Small   0x0000000273600000 0x0000000273800000 0x0000000273800000  Allocating
 Small   0x0000000273800000 0x0000000273a00000 0x0000000273a00000  Relocatable
 Small   0x0000000273a00000 0x0000000273c00000 0x0000000273c00000  Allocating
 Small   0x0000000273c00000 0x0000000273e00000 0x0000000273e00000  Allocating
 Small   0x0000000273e00000 0x0000000274000000 0x0000000274000000  Allocating
 Small   0x0000000274000000 0x0000000274200000 0x0000000274200000  Allocating
 Small   0x0000000274200000 0x0000000274400000 0x0000000274400000  Allocating
 Small   0x0000000274400000 0x0000000274600000 0x0000000274600000  Allocating
 Small   0x0000000274600000 0x0000000274800000 0x0000000274800000  Allocating
 Small   0x0000000274800000 0x0000000274a00000 0x0000000274a00000  Allocating
 Small   0x0000000274a00000 0x0000000274bfff88 0x0000000274c00000  Relocatable
 Small   0x0000000274c00000 0x0000000274e00000 0x0000000274e00000  Allocating
 Small   0x0000000274e00000 0x0000000275000000 0x0000000275000000  Allocating
 Small   0x0000000275000000 0x00000002751ffd28 0x0000000275200000  Relocatable
 Small   0x0000000275200000 0x0000000275400000 0x0000000275400000  Allocating
 Small   0x0000000275400000 0x0000000275600000 0x0000000275600000  Allocating
 Small   0x0000000275600000 0x0000000275800000 0x0000000275800000  Allocating
 Small   0x0000000275800000 0x0000000275a00000 0x0000000275a00000  Allocating
 Small   0x0000000275a00000 0x0000000275c00000 0x0000000275c00000  Allocating
 Small   0x0000000275c00000 0x0000000275e00000 0x0000000275e00000  Allocating
 Small   0x0000000275e00000 0x0000000276000000 0x0000000276000000  Allocating
 Small   0x0000000276000000 0x0000000276200000 0x0000000276200000  Allocating
 Small   0x0000000276200000 0x0000000276400000 0x0000000276400000  Allocating
 Small   0x0000000276400000 0x0000000276600000 0x0000000276600000  Allocating
 Small   0x0000000276600000 0x0000000276800000 0x0000000276800000  Allocating
 Small   0x0000000276800000 0x00000002769fffe8 0x0000000276a00000  Relocatable
 Small   0x0000000276a00000 0x0000000276c00000 0x0000000276c00000  Allocating
 Small   0x0000000276c00000 0x0000000276dffff0 0x0000000276e00000  Relocatable
 Small   0x0000000276e00000 0x0000000277000000 0x0000000277000000  Allocating
 Small   0x0000000277000000 0x0000000277200000 0x0000000277200000  Allocating
 Small   0x0000000277200000 0x0000000277400000 0x0000000277400000  Allocating
 Small   0x0000000277400000 0x0000000277600000 0x0000000277600000  Allocating
 Small   0x0000000277600000 0x0000000277800000 0x0000000277800000  Allocating
 Small   0x0000000277800000 0x00000002779ffff0 0x0000000277a00000  Relocatable
 Small   0x0000000277a00000 0x0000000277bfffe0 0x0000000277c00000  Relocatable
 Small   0x0000000277c00000 0x0000000277e00000 0x0000000277e00000  Allocating
 Small   0x0000000277e00000 0x0000000278000000 0x0000000278000000  Allocating
 Small   0x0000000278000000 0x0000000278200000 0x0000000278200000  Allocating
 Small   0x0000000278200000 0x0000000278400000 0x0000000278400000  Relocatable
 Small   0x0000000278400000 0x0000000278600000 0x0000000278600000  Allocating
 Small   0x0000000278600000 0x0000000278800000 0x0000000278800000  Allocating
 Small   0x0000000278800000 0x0000000278a00000 0x0000000278a00000  Allocating
 Small   0x0000000278a00000 0x0000000278b76bd0 0x0000000278c00000  Relocatable
 Small   0x0000000278c00000 0x0000000278e00000 0x0000000278e00000  Allocating
 Small   0x0000000278e00000 0x0000000278fffff8 0x0000000279000000  Relocatable
 Small   0x0000000279000000 0x0000000279200000 0x0000000279200000  Allocating
 Small   0x0000000279200000 0x0000000279400000 0x0000000279400000  Allocating
 Small   0x0000000279400000 0x0000000279600000 0x0000000279600000  Allocating
 Small   0x0000000279600000 0x0000000279800000 0x0000000279800000  Allocating
 Small   0x0000000279800000 0x0000000279a00000 0x0000000279a00000  Allocating
 Small   0x0000000279a00000 0x0000000279c00000 0x0000000279c00000  Allocating
 Small   0x0000000279c00000 0x0000000279e00000 0x0000000279e00000  Allocating
 Small   0x0000000279e00000 0x000000027a000000 0x000000027a000000  Allocating
 Small   0x000000027a000000 0x000000027a200000 0x000000027a200000  Allocating
 Small   0x000000027a200000 0x000000027a400000 0x000000027a400000  Allocating
 Small   0x000000027a400000 0x000000027a5ffff8 0x000000027a600000  Relocatable
 Small   0x000000027a600000 0x000000027a800000 0x000000027a800000  Allocating
 Small   0x000000027a800000 0x000000027aa00000 0x000000027aa00000  Allocating
 Small   0x000000027aa00000 0x000000027ac00000 0x000000027ac00000  Allocating
 Small   0x000000027ac00000 0x000000027ae00000 0x000000027ae00000  Allocating
 Small   0x000000027ae00000 0x000000027b000000 0x000000027b000000  Allocating
 Small   0x000000027b000000 0x000000027b1ffff0 0x000000027b200000  Relocatable
 Small   0x000000027b200000 0x000000027b400000 0x000000027b400000  Relocatable
 Small   0x000000027b400000 0x000000027b5ffff8 0x000000027b600000  Relocatable
 Small   0x000000027b600000 0x000000027b800000 0x000000027b800000  Allocating
 Small   0x000000027b800000 0x000000027ba00000 0x000000027ba00000  Allocating
 Small   0x000000027ba00000 0x000000027bc00000 0x000000027bc00000  Allocating
 Small   0x000000027bc00000 0x000000027be00000 0x000000027be00000  Allocating
 Small   0x000000027be00000 0x000000027c000000 0x000000027c000000  Allocating
 Small   0x000000027c000000 0x000000027c200000 0x000000027c200000  Allocating
 Small   0x000000027c200000 0x000000027c400000 0x000000027c400000  Allocating
 Small   0x000000027c400000 0x000000027c5fffe0 0x000000027c600000  Relocatable
 Small   0x000000027c600000 0x000000027c800000 0x000000027c800000  Allocating
 Small   0x000000027c800000 0x000000027c9ffff8 0x000000027ca00000  Relocatable
 Small   0x000000027ca00000 0x000000027cbffff8 0x000000027cc00000  Relocatable
 Small   0x000000027cc00000 0x000000027ce00000 0x000000027ce00000  Allocating
 Small   0x000000027ce00000 0x000000027d000000 0x000000027d000000  Allocating
 Small   0x000000027d000000 0x000000027d200000 0x000000027d200000  Allocating
 Small   0x000000027d200000 0x000000027d400000 0x000000027d400000  Allocating
 Small   0x000000027d400000 0x000000027d600000 0x000000027d600000  Allocating
 Small   0x000000027d600000 0x000000027d800000 0x000000027d800000  Allocating
 Small   0x000000027d800000 0x000000027d9ffff8 0x000000027da00000  Relocatable
 Small   0x000000027da00000 0x000000027dc00000 0x000000027dc00000  Allocating
 Small   0x000000027dc00000 0x000000027de00000 0x000000027de00000  Allocating
 Small   0x000000027de00000 0x000000027e000000 0x000000027e000000  Allocating
 Small   0x000000027e000000 0x000000027e1ffc48 0x000000027e200000  Relocatable
 Small   0x000000027e200000 0x000000027e400000 0x000000027e400000  Allocating
 Small   0x000000027e400000 0x000000027e600000 0x000000027e600000  Allocating
 Small   0x000000027e600000 0x000000027e800000 0x000000027e800000  Allocating
 Small   0x000000027e800000 0x000000027ea00000 0x000000027ea00000  Allocating
 Small   0x000000027ea00000 0x000000027ec00000 0x000000027ec00000  Allocating
 Small   0x000000027ec00000 0x000000027edfffa0 0x000000027ee00000  Relocatable
 Small   0x000000027ee00000 0x000000027efffd38 0x000000027f000000  Relocatable
 Small   0x000000027f000000 0x000000027f200000 0x000000027f200000  Allocating
 Small   0x000000027f200000 0x000000027f400000 0x000000027f400000  Allocating
 Small   0x000000027f400000 0x000000027f600000 0x000000027f600000  Allocating
 Small   0x000000027f600000 0x000000027f800000 0x000000027f800000  Allocating
 Small   0x000000027f800000 0x000000027f9fffe8 0x000000027fa00000  Relocatable
 Small   0x000000027fa00000 0x000000027fc00000 0x000000027fc00000  Relocatable
 Small   0x000000027fc00000 0x000000027fe00000 0x000000027fe00000  Allocating
 Small   0x000000027fe00000 0x0000000280000000 0x0000000280000000  Allocating
 Small   0x0000000280000000 0x0000000280200000 0x0000000280200000  Allocating
 Small   0x0000000280200000 0x0000000280400000 0x0000000280400000  Allocating
 Small   0x0000000280400000 0x0000000280600000 0x0000000280600000  Allocating
 Small   0x0000000280600000 0x0000000280800000 0x0000000280800000  Allocating
 Small   0x0000000280800000 0x0000000280a00000 0x0000000280a00000  Allocating
 Small   0x0000000280a00000 0x0000000280c00000 0x0000000280c00000  Allocating
 Small   0x0000000280c00000 0x0000000280e00000 0x0000000280e00000  Allocating
 Small   0x0000000280e00000 0x0000000281000000 0x0000000281000000  Allocating
 Small   0x0000000281000000 0x0000000281200000 0x0000000281200000  Allocating
 Small   0x0000000281200000 0x0000000281400000 0x0000000281400000  Allocating
 Small   0x0000000281400000 0x0000000281600000 0x0000000281600000  Allocating
 Small   0x0000000281600000 0x0000000281800000 0x0000000281800000  Allocating
 Small   0x0000000281800000 0x0000000281a00000 0x0000000281a00000  Allocating
 Small   0x0000000281a00000 0x0000000281c00000 0x0000000281c00000  Allocating
 Small   0x0000000281c00000 0x0000000281e00000 0x0000000281e00000  Allocating
 Small   0x0000000281e00000 0x0000000282000000 0x0000000282000000  Allocating
 Small   0x0000000282000000 0x0000000282200000 0x0000000282200000  Allocating
 Small   0x0000000282200000 0x00000002823fff60 0x0000000282400000  Relocatable
 Small   0x0000000282400000 0x0000000282600000 0x0000000282600000  Allocating
 Small   0x0000000282600000 0x0000000282800000 0x0000000282800000  Allocating
 Small   0x0000000282800000 0x0000000282a00000 0x0000000282a00000  Allocating
 Small   0x0000000282a00000 0x0000000282be8d18 0x0000000282c00000  Relocatable
 Small   0x0000000282c00000 0x0000000282dffff8 0x0000000282e00000  Relocatable
 Small   0x0000000282e00000 0x0000000283000000 0x0000000283000000  Allocating
 Small   0x0000000283000000 0x00000002831fffe8 0x0000000283200000  Relocatable
 Small   0x0000000283200000 0x00000002833fffc8 0x0000000283400000  Relocatable
 Small   0x0000000283400000 0x0000000283600000 0x0000000283600000  Allocating
 Small   0x0000000283600000 0x0000000283800000 0x0000000283800000  Allocating
 Small   0x0000000283800000 0x0000000283a00000 0x0000000283a00000  Allocating
 Small   0x0000000283a00000 0x0000000283c00000 0x0000000283c00000  Allocating
 Small   0x0000000283c00000 0x0000000283e00000 0x0000000283e00000  Allocating
 Small   0x0000000283e00000 0x0000000284000000 0x0000000284000000  Allocating
 Small   0x0000000284000000 0x0000000284200000 0x0000000284200000  Allocating
 Small   0x0000000284200000 0x0000000284400000 0x0000000284400000  Allocating
 Small   0x0000000284400000 0x0000000284600000 0x0000000284600000  Allocating
 Small   0x0000000284600000 0x0000000284800000 0x0000000284800000  Allocating
 Small   0x0000000284800000 0x0000000284a00000 0x0000000284a00000  Allocating
 Small   0x0000000284a00000 0x0000000284c00000 0x0000000284c00000  Allocating
 Small   0x0000000284c00000 0x0000000284e00000 0x0000000284e00000  Allocating
 Small   0x0000000284e00000 0x0000000285000000 0x0000000285000000  Allocating
 Small   0x0000000285000000 0x00000002851fff98 0x0000000285200000  Relocatable
 Small   0x0000000285200000 0x0000000285400000 0x0000000285400000  Allocating
 Small   0x0000000285400000 0x0000000285600000 0x0000000285600000  Allocating
 Small   0x0000000285600000 0x0000000285800000 0x0000000285800000  Allocating
 Small   0x0000000285800000 0x0000000285a00000 0x0000000285a00000  Allocating
 Small   0x0000000285a00000 0x0000000285bfffe8 0x0000000285c00000  Relocatable
 Small   0x0000000285c00000 0x0000000285e00000 0x0000000285e00000  Allocating
 Small   0x0000000285e00000 0x0000000286000000 0x0000000286000000  Allocating
 Small   0x0000000286000000 0x0000000286200000 0x0000000286200000  Allocating
 Small   0x0000000286200000 0x0000000286400000 0x0000000286400000  Allocating
 Small   0x0000000286400000 0x0000000286600000 0x0000000286600000  Allocating
 Small   0x0000000286600000 0x0000000286800000 0x0000000286800000  Allocating
 Small   0x0000000286800000 0x0000000286a00000 0x0000000286a00000  Allocating
 Small   0x0000000286a00000 0x0000000286c00000 0x0000000286c00000  Allocating
 Small   0x0000000286c00000 0x0000000286e00000 0x0000000286e00000  Allocating
 Small   0x0000000286e00000 0x0000000287000000 0x0000000287000000  Allocating
 Small   0x0000000287000000 0x0000000287200000 0x0000000287200000  Allocating
 Small   0x0000000287200000 0x0000000287400000 0x0000000287400000  Allocating
 Small   0x0000000287400000 0x0000000287600000 0x0000000287600000  Allocating
 Small   0x0000000287600000 0x0000000287800000 0x0000000287800000  Allocating
 Small   0x0000000287800000 0x0000000287a00000 0x0000000287a00000  Allocating
 Small   0x0000000287a00000 0x0000000287c00000 0x0000000287c00000  Allocating
 Small   0x0000000287c00000 0x0000000287e00000 0x0000000287e00000  Allocating
 Small   0x0000000287e00000 0x0000000288000000 0x0000000288000000  Allocating
 Small   0x0000000288000000 0x0000000288200000 0x0000000288200000  Allocating
 Small   0x0000000288200000 0x0000000288400000 0x0000000288400000  Allocating
 Small   0x0000000288400000 0x0000000288600000 0x0000000288600000  Allocating
 Small   0x0000000288600000 0x0000000288800000 0x0000000288800000  Allocating
 Small   0x0000000288800000 0x0000000288a00000 0x0000000288a00000  Allocating
 Small   0x0000000288a00000 0x0000000288c00000 0x0000000288c00000  Allocating
 Small   0x0000000288c00000 0x0000000288e00000 0x0000000288e00000  Allocating
 Small   0x0000000288e00000 0x0000000289000000 0x0000000289000000  Allocating
 Small   0x0000000289000000 0x0000000289200000 0x0000000289200000  Allocating
 Small   0x0000000289200000 0x0000000289400000 0x0000000289400000  Allocating
 Small   0x0000000289400000 0x0000000289600000 0x0000000289600000  Allocating
 Small   0x0000000289600000 0x0000000289800000 0x0000000289800000  Allocating
 Small   0x0000000289800000 0x00000002899fffe8 0x0000000289a00000  Relocatable
 Small   0x0000000289a00000 0x0000000289c00000 0x0000000289c00000  Allocating
 Small   0x0000000289c00000 0x0000000289e00000 0x0000000289e00000  Allocating
 Small   0x0000000289e00000 0x000000028a000000 0x000000028a000000  Allocating
 Small   0x000000028a000000 0x000000028a200000 0x000000028a200000  Allocating
 Small   0x000000028a200000 0x000000028a400000 0x000000028a400000  Allocating
 Small   0x000000028a400000 0x000000028a5ffff0 0x000000028a600000  Relocatable
 Small   0x000000028a600000 0x000000028a800000 0x000000028a800000  Allocating
 Small   0x000000028a800000 0x000000028aa00000 0x000000028aa00000  Allocating
 Small   0x000000028aa00000 0x000000028ac00000 0x000000028ac00000  Allocating
 Small   0x000000028ac00000 0x000000028ae00000 0x000000028ae00000  Allocating
 Small   0x000000028ae00000 0x000000028b000000 0x000000028b000000  Allocating
 Small   0x000000028b000000 0x000000028b200000 0x000000028b200000  Allocating
 Small   0x000000028b200000 0x000000028b400000 0x000000028b400000  Allocating
 Small   0x000000028b400000 0x000000028b600000 0x000000028b600000  Allocating
 Small   0x000000028b600000 0x000000028b800000 0x000000028b800000  Allocating
 Small   0x000000028b800000 0x000000028ba00000 0x000000028ba00000  Allocating
 Small   0x000000028ba00000 0x000000028bc00000 0x000000028bc00000  Allocating
 Small   0x000000028bc00000 0x000000028be00000 0x000000028be00000  Allocating
 Small   0x000000028be00000 0x000000028c000000 0x000000028c000000  Allocating
 Small   0x000000028c000000 0x000000028c200000 0x000000028c200000  Allocating
 Small   0x000000028c200000 0x000000028c400000 0x000000028c400000  Allocating
 Small   0x000000028c400000 0x000000028c600000 0x000000028c600000  Allocating
 Small   0x000000028c600000 0x000000028c7fffa0 0x000000028c800000  Relocatable
 Small   0x000000028c800000 0x000000028ca00000 0x000000028ca00000  Allocating
 Small   0x000000028ca00000 0x000000028cc00000 0x000000028cc00000  Allocating
 Small   0x000000028cc00000 0x000000028ce00000 0x000000028ce00000  Allocating
 Small   0x000000028ce00000 0x000000028cfffa48 0x000000028d000000  Relocatable
 Small   0x000000028d000000 0x000000028d200000 0x000000028d200000  Allocating
 Small   0x000000028d200000 0x000000028d400000 0x000000028d400000  Allocating
 Small   0x000000028d400000 0x000000028d600000 0x000000028d600000  Allocating
 Small   0x000000028d600000 0x000000028d800000 0x000000028d800000  Allocating
 Small   0x000000028d800000 0x000000028da00000 0x000000028da00000  Allocating
 Small   0x000000028da00000 0x000000028dc00000 0x000000028dc00000  Allocating
 Small   0x000000028dc00000 0x000000028de00000 0x000000028de00000  Allocating
 Small   0x000000028de00000 0x000000028dfffff8 0x000000028e000000  Relocatable
 Small   0x000000028e000000 0x000000028e200000 0x000000028e200000  Allocating
 Small   0x000000028e200000 0x000000028e400000 0x000000028e400000  Allocating
 Small   0x000000028e400000 0x000000028e600000 0x000000028e600000  Allocating
 Small   0x000000028e600000 0x000000028e800000 0x000000028e800000  Allocating
 Small   0x000000028e800000 0x000000028ea00000 0x000000028ea00000  Allocating
 Small   0x000000028ea00000 0x000000028ec00000 0x000000028ec00000  Allocating
 Small   0x000000028ec00000 0x000000028ee00000 0x000000028ee00000  Allocating
 Small   0x000000028ee00000 0x000000028f000000 0x000000028f000000  Allocating
 Small   0x000000028f000000 0x000000028f200000 0x000000028f200000  Allocating
 Small   0x000000028f200000 0x000000028f400000 0x000000028f400000  Allocating
 Small   0x000000028f400000 0x000000028f600000 0x000000028f600000  Allocating
 Small   0x000000028f600000 0x000000028f7e16c8 0x000000028f800000  Relocatable
 Small   0x000000028f800000 0x000000028fa00000 0x000000028fa00000  Allocating
 Small   0x000000028fa00000 0x000000028fc00000 0x000000028fc00000  Allocating
 Small   0x000000028fc00000 0x000000028fdfffe0 0x000000028fe00000  Relocatable
 Small   0x000000028fe00000 0x0000000290000000 0x0000000290000000  Allocating
 Small   0x0000000290000000 0x0000000290200000 0x0000000290200000  Allocating
 Small   0x0000000290200000 0x0000000290400000 0x0000000290400000  Allocating
 Small   0x0000000290400000 0x00000002905fffe0 0x0000000290600000  Relocatable
 Small   0x0000000290600000 0x0000000290800000 0x0000000290800000  Allocating
 Small   0x0000000290800000 0x0000000290a00000 0x0000000290a00000  Allocating
 Small   0x0000000290a00000 0x0000000290c00000 0x0000000290c00000  Allocating
 Small   0x0000000290c00000 0x0000000290e00000 0x0000000290e00000  Allocating
 Small   0x0000000290e00000 0x0000000291000000 0x0000000291000000  Allocating
 Small   0x0000000291000000 0x0000000291200000 0x0000000291200000  Allocating
 Small   0x0000000291200000 0x0000000291400000 0x0000000291400000  Allocating
 Small   0x0000000291400000 0x0000000291600000 0x0000000291600000  Allocating
 Small   0x0000000291600000 0x0000000291800000 0x0000000291800000  Allocating
 Small   0x0000000291800000 0x0000000291a00000 0x0000000291a00000  Allocating
 Small   0x0000000291a00000 0x0000000291c00000 0x0000000291c00000  Allocating
 Small   0x0000000291c00000 0x0000000291e00000 0x0000000291e00000  Allocating
 Small   0x0000000292200000 0x0000000292400000 0x0000000292400000  Allocating
 Small   0x0000000292400000 0x0000000292600000 0x0000000292600000  Allocating
 Small   0x0000000292600000 0x0000000292800000 0x0000000292800000  Allocating
 Small   0x0000000292800000 0x0000000292a00000 0x0000000292a00000  Allocating
 Small   0x0000000292a00000 0x0000000292c00000 0x0000000292c00000  Allocating
 Small   0x0000000292c00000 0x0000000292e00000 0x0000000292e00000  Allocating
 Small   0x0000000292e00000 0x0000000293000000 0x0000000293000000  Allocating
 Small   0x0000000293000000 0x0000000293200000 0x0000000293200000  Allocating
 Small   0x0000000293200000 0x0000000293400000 0x0000000293400000  Allocating
 Small   0x0000000293400000 0x0000000293600000 0x0000000293600000  Allocating
 Small   0x0000000293600000 0x0000000293800000 0x0000000293800000  Allocating
 Small   0x0000000293800000 0x0000000293a00000 0x0000000293a00000  Allocating
 Small   0x0000000293a00000 0x0000000293c00000 0x0000000293c00000  Allocating
 Small   0x0000000293c00000 0x0000000293e00000 0x0000000293e00000  Allocating
 Small   0x0000000293e00000 0x0000000294000000 0x0000000294000000  Allocating
 Small   0x0000000294000000 0x0000000294200000 0x0000000294200000  Allocating
 Small   0x0000000294200000 0x0000000294400000 0x0000000294400000  Allocating
 Small   0x0000000294400000 0x0000000294600000 0x0000000294600000  Allocating
 Small   0x0000000294600000 0x0000000294800000 0x0000000294800000  Allocating
 Small   0x0000000294800000 0x0000000294a00000 0x0000000294a00000  Allocating
 Small   0x0000000294a00000 0x0000000294bfffe8 0x0000000294c00000  Relocatable
 Small   0x0000000294c00000 0x0000000294e00000 0x0000000294e00000  Allocating
 Small   0x0000000294e00000 0x0000000295000000 0x0000000295000000  Allocating
 Small   0x0000000295000000 0x0000000295200000 0x0000000295200000  Allocating
 Small   0x0000000295200000 0x00000002953fffe8 0x0000000295400000  Relocatable
 Small   0x0000000295400000 0x0000000295600000 0x0000000295600000  Allocating
 Small   0x0000000295600000 0x0000000295800000 0x0000000295800000  Allocating
 Small   0x0000000295800000 0x0000000295a00000 0x0000000295a00000  Allocating
 Small   0x0000000295a00000 0x0000000295c00000 0x0000000295c00000  Allocating
 Small   0x0000000295c00000 0x0000000295e00000 0x0000000295e00000  Allocating
 Small   0x0000000295e00000 0x0000000296000000 0x0000000296000000  Allocating
 Small   0x0000000296000000 0x0000000296200000 0x0000000296200000  Allocating
 Small   0x0000000296200000 0x00000002963fffe8 0x0000000296400000  Relocatable
 Small   0x0000000296400000 0x0000000296600000 0x0000000296600000  Relocatable
 Small   0x0000000296600000 0x0000000296800000 0x0000000296800000  Allocating
 Small   0x0000000296800000 0x0000000296a00000 0x0000000296a00000  Allocating
 Small   0x0000000296a00000 0x0000000296c00000 0x0000000296c00000  Allocating
 Small   0x0000000296c00000 0x0000000296e00000 0x0000000296e00000  Allocating
 Small   0x0000000296e00000 0x0000000297000000 0x0000000297000000  Relocatable
 Small   0x0000000297000000 0x0000000297200000 0x0000000297200000  Relocatable
 Small   0x0000000297200000 0x0000000297400000 0x0000000297400000  Allocating
 Small   0x0000000297400000 0x0000000297600000 0x0000000297600000  Allocating
 Small   0x0000000297600000 0x0000000297800000 0x0000000297800000  Relocatable
 Small   0x0000000297800000 0x0000000297a00000 0x0000000297a00000  Relocatable
 Small   0x0000000297a00000 0x0000000297c00000 0x0000000297c00000  Relocatable
 Small   0x0000000297c00000 0x0000000297e00000 0x0000000297e00000  Relocatable
 Small   0x0000000297e00000 0x0000000298000000 0x0000000298000000  Allocating
 Small   0x0000000298000000 0x0000000298200000 0x0000000298200000  Relocatable
 Small   0x0000000298200000 0x0000000298400000 0x0000000298400000  Relocatable
 Small   0x0000000298400000 0x0000000298600000 0x0000000298600000  Allocating
 Small   0x0000000298600000 0x0000000298800000 0x0000000298800000  Allocating
 Small   0x0000000298800000 0x0000000298a00000 0x0000000298a00000  Allocating
 Small   0x0000000298a00000 0x0000000298c00000 0x0000000298c00000  Allocating
 Small   0x0000000298c00000 0x0000000298e00000 0x0000000298e00000  Allocating
 Small   0x0000000298e00000 0x0000000299000000 0x0000000299000000  Allocating
 Small   0x0000000299000000 0x0000000299200000 0x0000000299200000  Allocating
 Small   0x0000000299200000 0x0000000299400000 0x0000000299400000  Allocating
 Small   0x0000000299400000 0x00000002995ee098 0x0000000299600000  Relocatable
 Small   0x0000000299600000 0x0000000299800000 0x0000000299800000  Allocating
 Small   0x0000000299800000 0x0000000299a00000 0x0000000299a00000  Allocating
 Small   0x0000000299a00000 0x0000000299bfff10 0x0000000299c00000  Relocatable
 Small   0x0000000299c00000 0x0000000299e00000 0x0000000299e00000  Allocating
 Small   0x0000000299e00000 0x000000029a000000 0x000000029a000000  Allocating
 Small   0x000000029a000000 0x000000029a200000 0x000000029a200000  Allocating
 Small   0x000000029a200000 0x000000029a400000 0x000000029a400000  Allocating
 Small   0x000000029a400000 0x000000029a5f2878 0x000000029a600000  Relocatable
 Small   0x000000029a600000 0x000000029a800000 0x000000029a800000  Allocating
 Small   0x000000029a800000 0x000000029aa00000 0x000000029aa00000  Allocating
 Small   0x000000029aa00000 0x000000029ac00000 0x000000029ac00000  Allocating
 Small   0x000000029ac00000 0x000000029ae00000 0x000000029ae00000  Allocating
 Small   0x000000029ae00000 0x000000029b000000 0x000000029b000000  Relocatable
 Small   0x000000029b000000 0x000000029b200000 0x000000029b200000  Allocating
 Small   0x000000029b200000 0x000000029b400000 0x000000029b400000  Allocating
 Small   0x000000029b400000 0x000000029b5fffe0 0x000000029b600000  Relocatable
 Small   0x000000029b600000 0x000000029b800000 0x000000029b800000  Allocating
 Small   0x000000029b800000 0x000000029ba00000 0x000000029ba00000  Allocating
 Small   0x000000029ba00000 0x000000029bc00000 0x000000029bc00000  Allocating
 Small   0x000000029bc00000 0x000000029be00000 0x000000029be00000  Allocating
 Small   0x000000029be00000 0x000000029c000000 0x000000029c000000  Allocating
 Small   0x000000029c000000 0x000000029c200000 0x000000029c200000  Allocating
 Small   0x000000029c200000 0x000000029c400000 0x000000029c400000  Allocating
 Small   0x000000029c400000 0x000000029c600000 0x000000029c600000  Allocating
 Small   0x000000029c600000 0x000000029c800000 0x000000029c800000  Allocating
 Small   0x000000029c800000 0x000000029ca00000 0x000000029ca00000  Allocating
 Small   0x000000029ca00000 0x000000029cc00000 0x000000029cc00000  Allocating
 Small   0x000000029cc00000 0x000000029ce00000 0x000000029ce00000  Allocating
 Small   0x000000029ce00000 0x000000029d000000 0x000000029d000000  Allocating
 Small   0x000000029d000000 0x000000029d200000 0x000000029d200000  Allocating
 Small   0x000000029d200000 0x000000029d400000 0x000000029d400000  Allocating
 Small   0x000000029d400000 0x000000029d600000 0x000000029d600000  Relocatable
 Small   0x000000029d600000 0x000000029d800000 0x000000029d800000  Allocating
 Small   0x000000029d800000 0x000000029da00000 0x000000029da00000  Allocating
 Small   0x000000029da00000 0x000000029dc00000 0x000000029dc00000  Allocating
 Small   0x000000029dc00000 0x000000029de00000 0x000000029de00000  Allocating
 Small   0x000000029de00000 0x000000029e000000 0x000000029e000000  Allocating
 Small   0x000000029e000000 0x000000029e200000 0x000000029e200000  Allocating
 Small   0x000000029e200000 0x000000029e400000 0x000000029e400000  Allocating
 Small   0x000000029e400000 0x000000029e600000 0x000000029e600000  Allocating
 Small   0x000000029e600000 0x000000029e800000 0x000000029e800000  Allocating
 Small   0x000000029e800000 0x000000029ea00000 0x000000029ea00000  Allocating
 Small   0x000000029ea00000 0x000000029ec00000 0x000000029ec00000  Allocating
 Small   0x000000029ec00000 0x000000029ee00000 0x000000029ee00000  Allocating
 Small   0x000000029ee00000 0x000000029f000000 0x000000029f000000  Allocating
 Small   0x000000029f000000 0x000000029f200000 0x000000029f200000  Allocating
 Small   0x000000029f200000 0x000000029f400000 0x000000029f400000  Allocating
 Small   0x000000029f400000 0x000000029f600000 0x000000029f600000  Allocating
 Small   0x000000029f600000 0x000000029f800000 0x000000029f800000  Allocating
 Small   0x000000029f800000 0x000000029fa00000 0x000000029fa00000  Allocating
 Small   0x000000029fa00000 0x000000029fc00000 0x000000029fc00000  Allocating
 Small   0x000000029fc00000 0x000000029fe00000 0x000000029fe00000  Allocating
 Small   0x000000029fe00000 0x00000002a0000000 0x00000002a0000000  Allocating
 Small   0x00000002a0000000 0x00000002a0200000 0x00000002a0200000  Allocating
 Small   0x00000002a0200000 0x00000002a0400000 0x00000002a0400000  Allocating
 Small   0x00000002a0400000 0x00000002a05fff88 0x00000002a0600000  Relocatable
 Small   0x00000002a0600000 0x00000002a0800000 0x00000002a0800000  Allocating
 Small   0x00000002a0800000 0x00000002a0a00000 0x00000002a0a00000  Allocating
 Small   0x00000002a0a00000 0x00000002a0c00000 0x00000002a0c00000  Allocating
 Small   0x00000002a0c00000 0x00000002a0e00000 0x00000002a0e00000  Allocating
 Small   0x00000002a0e00000 0x00000002a1000000 0x00000002a1000000  Allocating
 Small   0x00000002a1000000 0x00000002a1200000 0x00000002a1200000  Allocating
 Small   0x00000002a1200000 0x00000002a1400000 0x00000002a1400000  Allocating
 Small   0x00000002a1400000 0x00000002a1600000 0x00000002a1600000  Allocating
 Small   0x00000002a1600000 0x00000002a1800000 0x00000002a1800000  Allocating
 Small   0x00000002a1800000 0x00000002a1a00000 0x00000002a1a00000  Allocating
 Small   0x00000002a1a00000 0x00000002a1c00000 0x00000002a1c00000  Allocating
 Small   0x00000002a1c00000 0x00000002a1e00000 0x00000002a1e00000  Allocating
 Small   0x00000002a1e00000 0x00000002a2000000 0x00000002a2000000  Allocating
 Small   0x00000002a2000000 0x00000002a2200000 0x00000002a2200000  Allocating
 Small   0x00000002a2200000 0x00000002a23fffe8 0x00000002a2400000  Relocatable
 Small   0x00000002a2400000 0x00000002a25f9338 0x00000002a2600000  Relocatable
 Small   0x00000002a2600000 0x00000002a2800000 0x00000002a2800000  Allocating
 Small   0x00000002a2800000 0x00000002a2a00000 0x00000002a2a00000  Allocating
 Small   0x00000002a2a00000 0x00000002a2bfffe0 0x00000002a2c00000  Relocatable
 Small   0x00000002a2c00000 0x00000002a2e00000 0x00000002a2e00000  Allocating
 Small   0x00000002a2e00000 0x00000002a3000000 0x00000002a3000000  Allocating
 Small   0x00000002a3000000 0x00000002a3200000 0x00000002a3200000  Allocating
 Small   0x00000002a3200000 0x00000002a3400000 0x00000002a3400000  Allocating
 Small   0x00000002a3400000 0x00000002a3600000 0x00000002a3600000  Allocating
 Small   0x00000002a3600000 0x00000002a3800000 0x00000002a3800000  Allocating
 Small   0x00000002a3800000 0x00000002a39ffff0 0x00000002a3a00000  Relocatable
 Small   0x00000002a3a00000 0x00000002a3c00000 0x00000002a3c00000  Allocating
 Small   0x00000002a3c00000 0x00000002a3e00000 0x00000002a3e00000  Allocating
 Small   0x00000002a3e00000 0x00000002a4000000 0x00000002a4000000  Allocating
 Small   0x00000002a4000000 0x00000002a4200000 0x00000002a4200000  Allocating
 Small   0x00000002a4200000 0x00000002a43fffd8 0x00000002a4400000  Relocatable
 Small   0x00000002a4400000 0x00000002a4600000 0x00000002a4600000  Allocating
 Small   0x00000002a4600000 0x00000002a4800000 0x00000002a4800000  Allocating
 Small   0x00000002a4800000 0x00000002a49fc0d0 0x00000002a4a00000  Relocatable
 Small   0x00000002a4a00000 0x00000002a4c00000 0x00000002a4c00000  Allocating
 Small   0x00000002a4c00000 0x00000002a4e00000 0x00000002a4e00000  Allocating
 Small   0x00000002a4e00000 0x00000002a5000000 0x00000002a5000000  Allocating
 Small   0x00000002a5000000 0x00000002a5200000 0x00000002a5200000  Allocating
 Small   0x00000002a5200000 0x00000002a5400000 0x00000002a5400000  Allocating
 Small   0x00000002a5400000 0x00000002a5600000 0x00000002a5600000  Allocating
 Small   0x00000002a5600000 0x00000002a5800000 0x00000002a5800000  Allocating
 Small   0x00000002a5800000 0x00000002a5a00000 0x00000002a5a00000  Allocating
 Small   0x00000002a5a00000 0x00000002a5c00000 0x00000002a5c00000  Allocating
 Small   0x00000002a5c00000 0x00000002a5dfffc8 0x00000002a5e00000  Relocatable
 Small   0x00000002a5e00000 0x00000002a6000000 0x00000002a6000000  Allocating
 Small   0x00000002a6000000 0x00000002a6200000 0x00000002a6200000  Allocating
 Small   0x00000002a6200000 0x00000002a6400000 0x00000002a6400000  Allocating
 Small   0x00000002a6400000 0x00000002a6600000 0x00000002a6600000  Allocating
 Small   0x00000002a6600000 0x00000002a6800000 0x00000002a6800000  Allocating
 Small   0x00000002a6800000 0x00000002a6a00000 0x00000002a6a00000  Allocating
 Small   0x00000002a6a00000 0x00000002a6c00000 0x00000002a6c00000  Allocating
 Small   0x00000002a6c00000 0x00000002a6e00000 0x00000002a6e00000  Allocating
 Small   0x00000002a6e00000 0x00000002a7000000 0x00000002a7000000  Allocating
 Small   0x00000002a7000000 0x00000002a7200000 0x00000002a7200000  Allocating
 Small   0x00000002a7200000 0x00000002a7400000 0x00000002a7400000  Allocating
 Small   0x00000002a7400000 0x00000002a7600000 0x00000002a7600000  Allocating
 Small   0x00000002a7600000 0x00000002a7800000 0x00000002a7800000  Allocating
 Small   0x00000002a7800000 0x00000002a7a00000 0x00000002a7a00000  Allocating
 Small   0x00000002a7a00000 0x00000002a7c00000 0x00000002a7c00000  Allocating
 Small   0x00000002a7c00000 0x00000002a7e00000 0x00000002a7e00000  Allocating
 Small   0x00000002a7e00000 0x00000002a8000000 0x00000002a8000000  Allocating
 Small   0x00000002a8000000 0x00000002a8200000 0x00000002a8200000  Allocating
 Small   0x00000002a8200000 0x00000002a8400000 0x00000002a8400000  Allocating
 Small   0x00000002a8400000 0x00000002a8600000 0x00000002a8600000  Allocating
 Small   0x00000002a8600000 0x00000002a8800000 0x00000002a8800000  Allocating
 Small   0x00000002a8800000 0x00000002a89fffb0 0x00000002a8a00000  Relocatable
 Small   0x00000002a8a00000 0x00000002a8c00000 0x00000002a8c00000  Allocating
 Small   0x00000002a8c00000 0x00000002a8e00000 0x00000002a8e00000  Allocating
 Small   0x00000002a8e00000 0x00000002a9000000 0x00000002a9000000  Allocating
 Small   0x00000002a9000000 0x00000002a91fffd8 0x00000002a9200000  Relocatable
 Small   0x00000002a9200000 0x00000002a9400000 0x00000002a9400000  Allocating
 Small   0x00000002a9400000 0x00000002a9600000 0x00000002a9600000  Relocatable
 Small   0x00000002a9600000 0x00000002a9800000 0x00000002a9800000  Allocating
 Small   0x00000002a9800000 0x00000002a99fffe8 0x00000002a9a00000  Relocatable
 Small   0x00000002a9a00000 0x00000002a9c00000 0x00000002a9c00000  Allocating
 Small   0x00000002a9c00000 0x00000002a9e00000 0x00000002a9e00000  Allocating
 Small   0x00000002a9e00000 0x00000002aa000000 0x00000002aa000000  Allocating
 Small   0x00000002aa000000 0x00000002aa1ffff8 0x00000002aa200000  Relocatable
 Small   0x00000002aa200000 0x00000002aa400000 0x00000002aa400000  Allocating
 Small   0x00000002aa400000 0x00000002aa600000 0x00000002aa600000  Allocating
 Small   0x00000002aa600000 0x00000002aa800000 0x00000002aa800000  Allocating
 Small   0x00000002aa800000 0x00000002aa9ffff0 0x00000002aaa00000  Relocatable
 Small   0x00000002aaa00000 0x00000002aac00000 0x00000002aac00000  Allocating
 Small   0x00000002aac00000 0x00000002aae00000 0x00000002aae00000  Allocating
 Small   0x00000002aae00000 0x00000002ab000000 0x00000002ab000000  Allocating
 Small   0x00000002ab000000 0x00000002ab200000 0x00000002ab200000  Allocating
 Small   0x00000002ab200000 0x00000002ab400000 0x00000002ab400000  Allocating
 Small   0x00000002ab400000 0x00000002ab600000 0x00000002ab600000  Relocatable
 Small   0x00000002ab600000 0x00000002ab800000 0x00000002ab800000  Allocating
 Small   0x00000002ab800000 0x00000002aba00000 0x00000002aba00000  Allocating
 Small   0x00000002aba00000 0x00000002abbfbbb8 0x00000002abc00000  Relocatable
 Small   0x00000002abc00000 0x00000002abe00000 0x00000002abe00000  Allocating
 Small   0x00000002abe00000 0x00000002ac000000 0x00000002ac000000  Allocating
 Small   0x00000002ac000000 0x00000002ac200000 0x00000002ac200000  Allocating
 Small   0x00000002ac200000 0x00000002ac400000 0x00000002ac400000  Allocating
 Small   0x00000002ac400000 0x00000002ac600000 0x00000002ac600000  Allocating
 Small   0x00000002ac600000 0x00000002ac800000 0x00000002ac800000  Allocating
 Small   0x00000002ac800000 0x00000002aca00000 0x00000002aca00000  Relocatable
 Small   0x00000002aca00000 0x00000002acbffff0 0x00000002acc00000  Relocatable
 Small   0x00000002acc00000 0x00000002acdffc20 0x00000002ace00000  Relocatable
 Small   0x00000002ace00000 0x00000002ad000000 0x00000002ad000000  Allocating
 Small   0x00000002ad000000 0x00000002ad200000 0x00000002ad200000  Allocating
 Small   0x00000002ad200000 0x00000002ad400000 0x00000002ad400000  Allocating
 Small   0x00000002ad400000 0x00000002ad600000 0x00000002ad600000  Allocating
 Small   0x00000002ad600000 0x00000002ad800000 0x00000002ad800000  Allocating
 Small   0x00000002ad800000 0x00000002ada00000 0x00000002ada00000  Allocating
 Small   0x00000002ada00000 0x00000002adc00000 0x00000002adc00000  Allocating
 Small   0x00000002adc00000 0x00000002ade00000 0x00000002ade00000  Allocating
 Small   0x00000002ade00000 0x00000002ae000000 0x00000002ae000000  Allocating
 Small   0x00000002ae000000 0x00000002ae200000 0x00000002ae200000  Relocatable
 Small   0x00000002ae200000 0x00000002ae3fffe0 0x00000002ae400000  Relocatable
 Small   0x00000002ae400000 0x00000002ae600000 0x00000002ae600000  Allocating
 Small   0x00000002ae600000 0x00000002ae800000 0x00000002ae800000  Allocating
 Small   0x00000002ae800000 0x00000002aea00000 0x00000002aea00000  Allocating
 Small   0x00000002aea00000 0x00000002aec00000 0x00000002aec00000  Allocating
 Small   0x00000002aec00000 0x00000002aee00000 0x00000002aee00000  Allocating
 Small   0x00000002aee00000 0x00000002aeff2ce8 0x00000002af000000  Relocatable
 Small   0x00000002af000000 0x00000002af200000 0x00000002af200000  Relocatable
 Small   0x00000002af200000 0x00000002af400000 0x00000002af400000  Allocating
 Small   0x00000002af400000 0x00000002af600000 0x00000002af600000  Allocating
 Small   0x00000002af600000 0x00000002af800000 0x00000002af800000  Allocating
 Small   0x00000002af800000 0x00000002afa00000 0x00000002afa00000  Allocating
 Small   0x00000002afa00000 0x00000002afc00000 0x00000002afc00000  Relocatable
 Small   0x00000002afc00000 0x00000002afe00000 0x00000002afe00000  Allocating
 Small   0x00000002afe00000 0x00000002b0000000 0x00000002b0000000  Relocatable
 Small   0x00000002b0000000 0x00000002b0200000 0x00000002b0200000  Allocating
 Small   0x00000002b0200000 0x00000002b03fffd8 0x00000002b0400000  Relocatable
 Small   0x00000002b0400000 0x00000002b0600000 0x00000002b0600000  Allocating
 Small   0x00000002b0600000 0x00000002b0800000 0x00000002b0800000  Allocating
 Small   0x00000002b0800000 0x00000002b0995618 0x00000002b0a00000  Relocatable
 Small   0x00000002b0a00000 0x00000002b0c00000 0x00000002b0c00000  Allocating
 Small   0x00000002b0c00000 0x00000002b0e00000 0x00000002b0e00000  Relocatable
 Small   0x00000002b0e00000 0x00000002b1000000 0x00000002b1000000  Allocating
 Small   0x00000002b1000000 0x00000002b1200000 0x00000002b1200000  Allocating
 Small   0x00000002b1200000 0x00000002b1400000 0x00000002b1400000  Allocating
 Small   0x00000002b1400000 0x00000002b1600000 0x00000002b1600000  Allocating
 Small   0x00000002b1600000 0x00000002b17fff90 0x00000002b1800000  Relocatable
 Small   0x00000002b1800000 0x00000002b19e8d30 0x00000002b1a00000  Relocatable
 Small   0x00000002b1a00000 0x00000002b1c00000 0x00000002b1c00000  Allocating
 Small   0x00000002b1c00000 0x00000002b1e00000 0x00000002b1e00000  Allocating
 Small   0x00000002b1e00000 0x00000002b1ffffc0 0x00000002b2000000  Relocatable
 Small   0x00000002b2000000 0x00000002b2200000 0x00000002b2200000  Allocating
 Small   0x00000002b2200000 0x00000002b2400000 0x00000002b2400000  Allocating
 Small   0x00000002b2400000 0x00000002b2600000 0x00000002b2600000  Allocating
 Small   0x00000002b2600000 0x00000002b2800000 0x00000002b2800000  Relocatable
 Small   0x00000002b2800000 0x00000002b2a00000 0x00000002b2a00000  Allocating
 Small   0x00000002b2a00000 0x00000002b2c00000 0x00000002b2c00000  Allocating
 Small   0x00000002b2c00000 0x00000002b2e00000 0x00000002b2e00000  Allocating
 Small   0x00000002b2e00000 0x00000002b3000000 0x00000002b3000000  Relocatable
 Small   0x00000002b3000000 0x00000002b3200000 0x00000002b3200000  Relocatable
 Small   0x00000002b3200000 0x00000002b3375160 0x00000002b3400000  Relocatable
 Small   0x00000002b3400000 0x00000002b3573f48 0x00000002b3600000  Relocatable
 Small   0x00000002b3600000 0x00000002b3800000 0x00000002b3800000  Relocatable
 Small   0x00000002b3800000 0x00000002b3a00000 0x00000002b3a00000  Allocating
 Small   0x00000002b3a00000 0x00000002b3c00000 0x00000002b3c00000  Allocating
 Small   0x00000002b3c00000 0x00000002b3e00000 0x00000002b3e00000  Allocating
 Small   0x00000002b3e00000 0x00000002b4000000 0x00000002b4000000  Allocating
 Small   0x00000002b4000000 0x00000002b41fffd8 0x00000002b4200000  Relocatable
 Small   0x00000002b4200000 0x00000002b4400000 0x00000002b4400000  Allocating
 Small   0x00000002b4400000 0x00000002b4600000 0x00000002b4600000  Allocating
 Small   0x00000002b4600000 0x00000002b4800000 0x00000002b4800000  Allocating
 Small   0x00000002b4800000 0x00000002b4a00000 0x00000002b4a00000  Allocating
 Small   0x00000002b4a00000 0x00000002b4c00000 0x00000002b4c00000  Allocating
 Small   0x00000002b4c00000 0x00000002b4e00000 0x00000002b4e00000  Allocating
 Small   0x00000002b4e00000 0x00000002b5000000 0x00000002b5000000  Relocatable
 Small   0x00000002b5000000 0x00000002b5200000 0x00000002b5200000  Relocatable
 Small   0x00000002b5200000 0x00000002b53fffe8 0x00000002b5400000  Relocatable
 Small   0x00000002b5400000 0x00000002b55ffff8 0x00000002b5600000  Relocatable
 Small   0x00000002b5600000 0x00000002b57ffff0 0x00000002b5800000  Relocatable
 Small   0x00000002b5800000 0x00000002b5a00000 0x00000002b5a00000  Relocatable
 Small   0x00000002b5a00000 0x00000002b5c00000 0x00000002b5c00000  Allocating
 Small   0x00000002b5c00000 0x00000002b5e00000 0x00000002b5e00000  Relocatable
 Small   0x00000002b5e00000 0x00000002b5fffe80 0x00000002b6000000  Relocatable
 Small   0x00000002b6000000 0x00000002b6200000 0x00000002b6200000  Allocating
 Small   0x00000002b6200000 0x00000002b6400000 0x00000002b6400000  Relocatable
 Small   0x00000002b6400000 0x00000002b6600000 0x00000002b6600000  Relocatable
 Small   0x00000002b6600000 0x00000002b6800000 0x00000002b6800000  Allocating
 Small   0x00000002b6800000 0x00000002b6a00000 0x00000002b6a00000  Allocating
 Small   0x00000002b6a00000 0x00000002b6c00000 0x00000002b6c00000  Allocating
 Small   0x00000002b6c00000 0x00000002b6e00000 0x00000002b6e00000  Allocating
 Small   0x00000002b6e00000 0x00000002b7000000 0x00000002b7000000  Allocating
 Small   0x00000002b7000000 0x00000002b71ffff0 0x00000002b7200000  Relocatable
 Small   0x00000002b7200000 0x00000002b73ffff0 0x00000002b7400000  Relocatable
 Small   0x00000002b7400000 0x00000002b7600000 0x00000002b7600000  Allocating
 Small   0x00000002b7600000 0x00000002b7800000 0x00000002b7800000  Allocating
 Small   0x00000002b7800000 0x00000002b7a00000 0x00000002b7a00000  Relocatable
 Small   0x00000002b7a00000 0x00000002b7bf7098 0x00000002b7c00000  Relocatable
 Small   0x00000002b7c00000 0x00000002b7e00000 0x00000002b7e00000  Allocating
 Small   0x00000002b7e00000 0x00000002b8000000 0x00000002b8000000  Allocating
 Small   0x00000002b8000000 0x00000002b8200000 0x00000002b8200000  Allocating
 Small   0x00000002b8200000 0x00000002b8400000 0x00000002b8400000  Allocating
 Small   0x00000002b8400000 0x00000002b8600000 0x00000002b8600000  Allocating
 Small   0x00000002b8600000 0x00000002b87f4230 0x00000002b8800000  Relocatable
 Small   0x00000002b8800000 0x00000002b8a00000 0x00000002b8a00000  Relocatable
 Small   0x00000002b8a00000 0x00000002b8ba4d70 0x00000002b8c00000  Relocatable
 Small   0x00000002b8c00000 0x00000002b8dfffe0 0x00000002b8e00000  Relocatable
 Small   0x00000002b8e00000 0x00000002b9000000 0x00000002b9000000  Allocating
 Small   0x00000002b9000000 0x00000002b91fffe8 0x00000002b9200000  Relocatable
 Small   0x00000002b9200000 0x00000002b93fb598 0x00000002b9400000  Relocatable
 Small   0x00000002b9400000 0x00000002b9600000 0x00000002b9600000  Allocating
 Small   0x00000002b9600000 0x00000002b97ffff8 0x00000002b9800000  Relocatable
 Small   0x00000002b9800000 0x00000002b9a00000 0x00000002b9a00000  Relocatable
 Small   0x00000002b9a00000 0x00000002b9bffff0 0x00000002b9c00000  Relocatable
 Small   0x00000002b9c00000 0x00000002b9e00000 0x00000002b9e00000  Allocating
 Small   0x00000002b9e00000 0x00000002ba000000 0x00000002ba000000  Allocating
 Small   0x00000002ba000000 0x00000002ba1fffe8 0x00000002ba200000  Relocatable
 Small   0x00000002ba200000 0x00000002ba367588 0x00000002ba400000  Relocatable
 Small   0x00000002ba400000 0x00000002ba600000 0x00000002ba600000  Allocating
 Small   0x00000002ba600000 0x00000002ba800000 0x00000002ba800000  Allocating
 Small   0x00000002ba800000 0x00000002baa00000 0x00000002baa00000  Allocating
 Small   0x00000002baa00000 0x00000002bac00000 0x00000002bac00000  Relocatable
 Small   0x00000002bac00000 0x00000002badffff8 0x00000002bae00000  Relocatable
 Small   0x00000002bae00000 0x00000002bb000000 0x00000002bb000000  Relocatable
 Small   0x00000002bb000000 0x00000002bb1fff90 0x00000002bb200000  Relocatable
 Small   0x00000002bb200000 0x00000002bb400000 0x00000002bb400000  Relocatable
 Small   0x00000002bb400000 0x00000002bb600000 0x00000002bb600000  Allocating
 Small   0x00000002bb600000 0x00000002bb800000 0x00000002bb800000  Allocating
 Small   0x00000002bb800000 0x00000002bb9fffb8 0x00000002bba00000  Relocatable
 Small   0x00000002bba00000 0x00000002bbc00000 0x00000002bbc00000  Allocating
 Small   0x00000002bbc00000 0x00000002bbe00000 0x00000002bbe00000  Allocating
 Small   0x00000002bbe00000 0x00000002bc000000 0x00000002bc000000  Relocatable
 Small   0x00000002bc000000 0x00000002bc200000 0x00000002bc200000  Allocating
 Small   0x00000002bc200000 0x00000002bc400000 0x00000002bc400000  Allocating
 Small   0x00000002bc400000 0x00000002bc600000 0x00000002bc600000  Allocating
 Small   0x00000002bc600000 0x00000002bc800000 0x00000002bc800000  Allocating
 Small   0x00000002bc800000 0x00000002bca00000 0x00000002bca00000  Allocating
 Small   0x00000002bca00000 0x00000002bcbffff0 0x00000002bcc00000  Relocatable
 Small   0x00000002bcc00000 0x00000002bce00000 0x00000002bce00000  Allocating
 Small   0x00000002bce00000 0x00000002bd000000 0x00000002bd000000  Allocating
 Small   0x00000002bd000000 0x00000002bd1fffd8 0x00000002bd200000  Relocatable
 Small   0x00000002bd200000 0x00000002bd3fffe8 0x00000002bd400000  Relocatable
 Small   0x00000002bd400000 0x00000002bd600000 0x00000002bd600000  Relocatable
 Small   0x00000002bd600000 0x00000002bd800000 0x00000002bd800000  Relocatable
 Small   0x00000002bd800000 0x00000002bd9fffd0 0x00000002bda00000  Relocatable
 Small   0x00000002bda00000 0x00000002bdc00000 0x00000002bdc00000  Allocating
 Small   0x00000002bdc00000 0x00000002bde00000 0x00000002bde00000  Relocatable
 Small   0x00000002bde00000 0x00000002be000000 0x00000002be000000  Relocatable
 Small   0x00000002be000000 0x00000002be200000 0x00000002be200000  Allocating
 Small   0x00000002be200000 0x00000002be400000 0x00000002be400000  Allocating
 Small   0x00000002be400000 0x00000002be5ffff0 0x00000002be600000  Relocatable
 Small   0x00000002be600000 0x00000002be800000 0x00000002be800000  Allocating
 Small   0x00000002be800000 0x00000002bea00000 0x00000002bea00000  Allocating
 Small   0x00000002bea00000 0x00000002bec00000 0x00000002bec00000  Allocating
 Small   0x00000002bec00000 0x00000002bee00000 0x00000002bee00000  Allocating
 Small   0x00000002bee00000 0x00000002befffff8 0x00000002bf000000  Relocatable
 Small   0x00000002bf000000 0x00000002bf200000 0x00000002bf200000  Relocatable
 Small   0x00000002bf200000 0x00000002bf400000 0x00000002bf400000  Allocating
 Small   0x00000002bf400000 0x00000002bf600000 0x00000002bf600000  Allocating
 Small   0x00000002bf600000 0x00000002bf800000 0x00000002bf800000  Relocatable
 Small   0x00000002bf800000 0x00000002bfa00000 0x00000002bfa00000  Allocating
 Small   0x00000002bfa00000 0x00000002bfc00000 0x00000002bfc00000  Allocating
 Small   0x00000002bfc00000 0x00000002bfe00000 0x00000002bfe00000  Allocating
 Small   0x00000002bfe00000 0x00000002c0000000 0x00000002c0000000  Allocating
 Small   0x00000002c0000000 0x00000002c01ffff8 0x00000002c0200000  Relocatable
 Small   0x00000002c0200000 0x00000002c0400000 0x00000002c0400000  Relocatable
 Small   0x00000002c0400000 0x00000002c05e5db8 0x00000002c0600000  Relocatable
 Small   0x00000002c0600000 0x00000002c0800000 0x00000002c0800000  Relocatable
 Small   0x00000002c0800000 0x00000002c0a00000 0x00000002c0a00000  Allocating
 Small   0x00000002c0a00000 0x00000002c0c00000 0x00000002c0c00000  Allocating
 Small   0x00000002c0c00000 0x00000002c0e00000 0x00000002c0e00000  Allocating
 Small   0x00000002c0e00000 0x00000002c0ffffe0 0x00000002c1000000  Relocatable
 Small   0x00000002c1000000 0x00000002c1200000 0x00000002c1200000  Allocating
 Small   0x00000002c1200000 0x00000002c1400000 0x00000002c1400000  Allocating
 Small   0x00000002c1400000 0x00000002c15fff28 0x00000002c1600000  Relocatable
 Small   0x00000002c1600000 0x00000002c1800000 0x00000002c1800000  Allocating
 Small   0x00000002c1800000 0x00000002c1a00000 0x00000002c1a00000  Allocating
 Small   0x00000002c1a00000 0x00000002c1bfffd8 0x00000002c1c00000  Relocatable
 Small   0x00000002c1c00000 0x00000002c1e00000 0x00000002c1e00000  Allocating
 Small   0x00000002c1e00000 0x00000002c2000000 0x00000002c2000000  Allocating
 Small   0x00000002c2000000 0x00000002c2200000 0x00000002c2200000  Relocatable
 Small   0x00000002c2200000 0x00000002c23ffff0 0x00000002c2400000  Relocatable
 Small   0x00000002c2400000 0x00000002c2600000 0x00000002c2600000  Allocating
 Small   0x00000002c2600000 0x00000002c2800000 0x00000002c2800000  Allocating
 Small   0x00000002c2800000 0x00000002c29e62a8 0x00000002c2a00000  Relocatable
 Small   0x00000002c2a00000 0x00000002c2c00000 0x00000002c2c00000  Allocating
 Small   0x00000002c2c00000 0x00000002c2e00000 0x00000002c2e00000  Allocating
 Small   0x00000002c2e00000 0x00000002c3000000 0x00000002c3000000  Relocatable
 Small   0x00000002c3000000 0x00000002c31ffe78 0x00000002c3200000  Relocatable
 Small   0x00000002c3200000 0x00000002c3400000 0x00000002c3400000  Allocating
 Small   0x00000002c3400000 0x00000002c35fffd8 0x00000002c3600000  Relocatable
 Small   0x00000002c3600000 0x00000002c3800000 0x00000002c3800000  Allocating
 Small   0x00000002c3800000 0x00000002c39ffff8 0x00000002c3a00000  Relocatable
 Small   0x00000002c3a00000 0x00000002c3c00000 0x00000002c3c00000  Relocatable
 Small   0x00000002c3c00000 0x00000002c3dfffb0 0x00000002c3e00000  Relocatable
 Small   0x00000002c3e00000 0x00000002c3ffffd0 0x00000002c4000000  Relocatable
 Small   0x00000002c4000000 0x00000002c4200000 0x00000002c4200000  Allocating
 Small   0x00000002c4200000 0x00000002c4400000 0x00000002c4400000  Relocatable
 Small   0x00000002c4400000 0x00000002c4600000 0x00000002c4600000  Allocating
 Small   0x00000002c4600000 0x00000002c47ff660 0x00000002c4800000  Relocatable
 Small   0x00000002c4800000 0x00000002c4a00000 0x00000002c4a00000  Allocating
 Small   0x00000002c4a00000 0x00000002c4bfffc8 0x00000002c4c00000  Relocatable
 Small   0x00000002c4c00000 0x00000002c4e00000 0x00000002c4e00000  Allocating
 Small   0x00000002c4e00000 0x00000002c5000000 0x00000002c5000000  Relocatable
 Small   0x00000002c5000000 0x00000002c5200000 0x00000002c5200000  Allocating
 Small   0x00000002c5200000 0x00000002c5400000 0x00000002c5400000  Allocating
 Small   0x00000002c5400000 0x00000002c5600000 0x00000002c5600000  Allocating
 Small   0x00000002c5600000 0x00000002c5800000 0x00000002c5800000  Relocatable
 Small   0x00000002c5800000 0x00000002c59d62d0 0x00000002c5a00000  Relocatable
 Small   0x00000002c5a00000 0x00000002c5c00000 0x00000002c5c00000  Allocating
 Small   0x00000002c5c00000 0x00000002c5d7a530 0x00000002c5e00000  Relocatable
 Small   0x00000002c5e00000 0x00000002c5fffff0 0x00000002c6000000  Relocatable
 Small   0x00000002c6000000 0x00000002c6200000 0x00000002c6200000  Allocating
 Small   0x00000002c6200000 0x00000002c6400000 0x00000002c6400000  Relocatable
 Small   0x00000002c6400000 0x00000002c6600000 0x00000002c6600000  Allocating
 Small   0x00000002c6600000 0x00000002c67ffff0 0x00000002c6800000  Relocatable
 Small   0x00000002c6800000 0x00000002c69fffe8 0x00000002c6a00000  Relocatable
 Small   0x00000002c6a00000 0x00000002c6bfffc8 0x00000002c6c00000  Relocatable
 Small   0x00000002c6c00000 0x00000002c6e00000 0x00000002c6e00000  Relocatable
 Small   0x00000002c6e00000 0x00000002c6fffff8 0x00000002c7000000  Relocatable
 Small   0x00000002c7000000 0x00000002c71ffff8 0x00000002c7200000  Relocatable
 Small   0x00000002c7200000 0x00000002c7400000 0x00000002c7400000  Allocating
 Small   0x00000002c7400000 0x00000002c75fffe8 0x00000002c7600000  Relocatable
 Small   0x00000002c7600000 0x00000002c77efcb8 0x00000002c7800000  Relocatable
 Small   0x00000002c7800000 0x00000002c7a00000 0x00000002c7a00000  Relocatable
 Small   0x00000002c7a00000 0x00000002c7c00000 0x00000002c7c00000  Allocating
 Small   0x00000002c7c00000 0x00000002c7dffff0 0x00000002c7e00000  Relocatable
 Small   0x00000002c7e00000 0x00000002c8000000 0x00000002c8000000  Allocating
 Small   0x00000002c8000000 0x00000002c8200000 0x00000002c8200000  Allocating
 Small   0x00000002c8200000 0x00000002c8400000 0x00000002c8400000  Allocating
 Small   0x00000002c8400000 0x00000002c8600000 0x00000002c8600000  Allocating
 Small   0x00000002c8600000 0x00000002c8800000 0x00000002c8800000  Allocating
 Small   0x00000002c8800000 0x00000002c8a00000 0x00000002c8a00000  Allocating
 Small   0x00000002c8a00000 0x00000002c8bffeb0 0x00000002c8c00000  Relocatable
 Small   0x00000002c8c00000 0x00000002c8e00000 0x00000002c8e00000  Allocating
 Small   0x00000002c8e00000 0x00000002c9000000 0x00000002c9000000  Allocating
 Small   0x00000002c9000000 0x00000002c9200000 0x00000002c9200000  Allocating
 Small   0x00000002c9200000 0x00000002c93fffe0 0x00000002c9400000  Relocatable
 Small   0x00000002c9400000 0x00000002c9600000 0x00000002c9600000  Allocating
 Small   0x00000002c9600000 0x00000002c9800000 0x00000002c9800000  Allocating
 Small   0x00000002c9800000 0x00000002c9a00000 0x00000002c9a00000  Allocating
 Small   0x00000002c9a00000 0x00000002c9c00000 0x00000002c9c00000  Allocating
 Small   0x00000002c9c00000 0x00000002c9e00000 0x00000002c9e00000  Allocating
 Small   0x00000002c9e00000 0x00000002c9ffffe0 0x00000002ca000000  Relocatable
 Small   0x00000002ca000000 0x00000002ca200000 0x00000002ca200000  Allocating
 Small   0x00000002ca200000 0x00000002ca400000 0x00000002ca400000  Allocating
 Small   0x00000002ca400000 0x00000002ca600000 0x00000002ca600000  Allocating
 Small   0x00000002ca600000 0x00000002ca800000 0x00000002ca800000  Allocating
 Small   0x00000002ca800000 0x00000002caa00000 0x00000002caa00000  Allocating
 Small   0x00000002caa00000 0x00000002cac00000 0x00000002cac00000  Allocating
 Small   0x00000002cac00000 0x00000002cadffff8 0x00000002cae00000  Relocatable
 Small   0x00000002cae00000 0x00000002cb000000 0x00000002cb000000  Allocating
 Small   0x00000002cb000000 0x00000002cb200000 0x00000002cb200000  Allocating
 Small   0x00000002cb200000 0x00000002cb400000 0x00000002cb400000  Allocating
 Small   0x00000002cb400000 0x00000002cb600000 0x00000002cb600000  Allocating
 Small   0x00000002cb600000 0x00000002cb800000 0x00000002cb800000  Allocating
 Small   0x00000002cb800000 0x00000002cb9fd058 0x00000002cba00000  Relocatable
 Small   0x00000002cba00000 0x00000002cbc00000 0x00000002cbc00000  Allocating
 Small   0x00000002cbc00000 0x00000002cbe00000 0x00000002cbe00000  Allocating
 Small   0x00000002cbe00000 0x00000002cc000000 0x00000002cc000000  Allocating
 Small   0x00000002cc000000 0x00000002cc200000 0x00000002cc200000  Allocating
 Small   0x00000002cc200000 0x00000002cc400000 0x00000002cc400000  Allocating
 Small   0x00000002cc400000 0x00000002cc5fffd8 0x00000002cc600000  Relocatable
 Small   0x00000002cc600000 0x00000002cc800000 0x00000002cc800000  Allocating
 Small   0x00000002cc800000 0x00000002cca00000 0x00000002cca00000  Allocating
 Small   0x00000002cca00000 0x00000002ccc00000 0x00000002ccc00000  Allocating
 Small   0x00000002ccc00000 0x00000002cce00000 0x00000002cce00000  Allocating
 Small   0x00000002cce00000 0x00000002cd000000 0x00000002cd000000  Allocating
 Small   0x00000002cd000000 0x00000002cd200000 0x00000002cd200000  Allocating
 Small   0x00000002cd200000 0x00000002cd400000 0x00000002cd400000  Allocating
 Small   0x00000002cd400000 0x00000002cd600000 0x00000002cd600000  Allocating
 Small   0x00000002cd600000 0x00000002cd800000 0x00000002cd800000  Relocatable
 Small   0x00000002cd800000 0x00000002cda00000 0x00000002cda00000  Allocating
 Small   0x00000002cda00000 0x00000002cdc00000 0x00000002cdc00000  Allocating
 Small   0x00000002cdc00000 0x00000002cddba8f8 0x00000002cde00000  Relocatable
 Small   0x00000002cde00000 0x00000002ce000000 0x00000002ce000000  Allocating
 Small   0x00000002ce000000 0x00000002ce200000 0x00000002ce200000  Allocating
 Small   0x00000002ce200000 0x00000002ce400000 0x00000002ce400000  Allocating
 Small   0x00000002ce400000 0x00000002ce600000 0x00000002ce600000  Allocating
 Small   0x00000002ce600000 0x00000002ce800000 0x00000002ce800000  Allocating
 Small   0x00000002ce800000 0x00000002cea00000 0x00000002cea00000  Allocating
 Small   0x00000002cea00000 0x00000002cec00000 0x00000002cec00000  Allocating
 Small   0x00000002cec00000 0x00000002cee00000 0x00000002cee00000  Allocating
 Small   0x00000002cee00000 0x00000002cf000000 0x00000002cf000000  Allocating
 Small   0x00000002cf000000 0x00000002cf200000 0x00000002cf200000  Allocating
 Small   0x00000002cf200000 0x00000002cf400000 0x00000002cf400000  Allocating
 Small   0x00000002cf400000 0x00000002cf600000 0x00000002cf600000  Allocating
 Small   0x00000002cf600000 0x00000002cf7dc588 0x00000002cf800000  Relocatable
 Small   0x00000002cf800000 0x00000002cfa00000 0x00000002cfa00000  Allocating
 Small   0x00000002cfa00000 0x00000002cfc00000 0x00000002cfc00000  Allocating
 Small   0x00000002cfc00000 0x00000002cfe00000 0x00000002cfe00000  Allocating
 Small   0x00000002cfe00000 0x00000002cffffff0 0x00000002d0000000  Relocatable
 Small   0x00000002d0000000 0x00000002d01fffe8 0x00000002d0200000  Relocatable
 Small   0x00000002d0200000 0x00000002d0400000 0x00000002d0400000  Allocating
 Small   0x00000002d0400000 0x00000002d0600000 0x00000002d0600000  Allocating
 Small   0x00000002d0600000 0x00000002d0800000 0x00000002d0800000  Allocating
 Small   0x00000002d0800000 0x00000002d0a00000 0x00000002d0a00000  Allocating
 Small   0x00000002d0a00000 0x00000002d0c00000 0x00000002d0c00000  Allocating
 Small   0x00000002d0c00000 0x00000002d0e00000 0x00000002d0e00000  Allocating
 Small   0x00000002d0e00000 0x00000002d1000000 0x00000002d1000000  Allocating
 Small   0x00000002d1000000 0x00000002d1200000 0x00000002d1200000  Allocating
 Small   0x00000002d1200000 0x00000002d1400000 0x00000002d1400000  Relocatable
 Small   0x00000002d1400000 0x00000002d1600000 0x00000002d1600000  Allocating
 Small   0x00000002d1600000 0x00000002d1800000 0x00000002d1800000  Allocating
 Small   0x00000002d1800000 0x00000002d1a00000 0x00000002d1a00000  Allocating
 Small   0x00000002d1a00000 0x00000002d1c00000 0x00000002d1c00000  Allocating
 Small   0x00000002d1c00000 0x00000002d1e00000 0x00000002d1e00000  Allocating
 Small   0x00000002d1e00000 0x00000002d2000000 0x00000002d2000000  Allocating
 Small   0x00000002d2000000 0x00000002d2200000 0x00000002d2200000  Allocating
 Small   0x00000002d2200000 0x00000002d2400000 0x00000002d2400000  Allocating
 Small   0x00000002d2400000 0x00000002d2600000 0x00000002d2600000  Allocating
 Small   0x00000002d2600000 0x00000002d2800000 0x00000002d2800000  Allocating
 Small   0x00000002d2800000 0x00000002d2a00000 0x00000002d2a00000  Allocating
 Small   0x00000002d2a00000 0x00000002d2c00000 0x00000002d2c00000  Allocating
 Small   0x00000002d2c00000 0x00000002d2e00000 0x00000002d2e00000  Allocating
 Small   0x00000002d2e00000 0x00000002d3000000 0x00000002d3000000  Allocating
 Small   0x00000002d3000000 0x00000002d3200000 0x00000002d3200000  Allocating
 Small   0x00000002d3200000 0x00000002d3400000 0x00000002d3400000  Allocating
 Small   0x00000002d3400000 0x00000002d3600000 0x00000002d3600000  Allocating
 Small   0x00000002d3600000 0x00000002d3800000 0x00000002d3800000  Allocating
 Small   0x00000002d3800000 0x00000002d3a00000 0x00000002d3a00000  Allocating
 Small   0x00000002d3a00000 0x00000002d3ba39d0 0x00000002d3c00000  Relocatable
 Small   0x00000002d3c00000 0x00000002d3e00000 0x00000002d3e00000  Allocating
 Small   0x00000002d3e00000 0x00000002d4000000 0x00000002d4000000  Allocating
 Small   0x00000002d4000000 0x00000002d4200000 0x00000002d4200000  Allocating
 Small   0x00000002d4200000 0x00000002d4400000 0x00000002d4400000  Allocating
 Small   0x00000002d4400000 0x00000002d4600000 0x00000002d4600000  Allocating
 Small   0x00000002d4600000 0x00000002d4800000 0x00000002d4800000  Allocating
 Small   0x00000002d4800000 0x00000002d49fffe8 0x00000002d4a00000  Relocatable
 Small   0x00000002d4a00000 0x00000002d4c00000 0x00000002d4c00000  Allocating
 Small   0x00000002d4c00000 0x00000002d4e00000 0x00000002d4e00000  Allocating
 Small   0x00000002d4e00000 0x00000002d5000000 0x00000002d5000000  Allocating
 Small   0x00000002d5000000 0x00000002d5200000 0x00000002d5200000  Allocating
 Small   0x00000002d5200000 0x00000002d5400000 0x00000002d5400000  Allocating
 Small   0x00000002d5400000 0x00000002d5600000 0x00000002d5600000  Allocating
 Small   0x00000002d5600000 0x00000002d5800000 0x00000002d5800000  Allocating
 Small   0x00000002d5800000 0x00000002d5a00000 0x00000002d5a00000  Allocating
 Small   0x00000002d5a00000 0x00000002d5c00000 0x00000002d5c00000  Allocating
 Small   0x00000002d5c00000 0x00000002d5e00000 0x00000002d5e00000  Allocating
 Small   0x00000002d5e00000 0x00000002d5ffff58 0x00000002d6000000  Relocatable
 Small   0x00000002d6000000 0x00000002d6200000 0x00000002d6200000  Allocating
 Small   0x00000002d6200000 0x00000002d6400000 0x00000002d6400000  Allocating
 Small   0x00000002d6400000 0x00000002d65ffff0 0x00000002d6600000  Relocatable
 Small   0x00000002d6600000 0x00000002d6800000 0x00000002d6800000  Allocating
 Small   0x00000002d6800000 0x00000002d6a00000 0x00000002d6a00000  Allocating
 Small   0x00000002d6a00000 0x00000002d6c00000 0x00000002d6c00000  Allocating
 Small   0x00000002d6c00000 0x00000002d6e00000 0x00000002d6e00000  Allocating
 Small   0x00000002d6e00000 0x00000002d7000000 0x00000002d7000000  Allocating
 Small   0x00000002d7000000 0x00000002d7200000 0x00000002d7200000  Allocating
 Small   0x00000002d7200000 0x00000002d7400000 0x00000002d7400000  Allocating
 Small   0x00000002d7400000 0x00000002d7600000 0x00000002d7600000  Allocating
 Small   0x00000002d7600000 0x00000002d7800000 0x00000002d7800000  Allocating
 Small   0x00000002d7800000 0x00000002d79fffe8 0x00000002d7a00000  Relocatable
 Small   0x00000002d7a00000 0x00000002d7bfff28 0x00000002d7c00000  Relocatable
 Small   0x00000002d7c00000 0x00000002d7dffff8 0x00000002d7e00000  Relocatable
 Small   0x00000002d7e00000 0x00000002d8000000 0x00000002d8000000  Allocating
 Small   0x00000002d8000000 0x00000002d8200000 0x00000002d8200000  Allocating
 Small   0x00000002d8200000 0x00000002d8400000 0x00000002d8400000  Allocating
 Small   0x00000002d8400000 0x00000002d8600000 0x00000002d8600000  Allocating
 Small   0x00000002d8600000 0x00000002d87c8230 0x00000002d8800000  Relocatable
 Small   0x00000002d8800000 0x00000002d8a00000 0x00000002d8a00000  Allocating
 Small   0x00000002d8a00000 0x00000002d8c00000 0x00000002d8c00000  Allocating
 Small   0x00000002d8c00000 0x00000002d8e00000 0x00000002d8e00000  Allocating
 Small   0x00000002d8e00000 0x00000002d9000000 0x00000002d9000000  Allocating
 Small   0x00000002d9000000 0x00000002d9200000 0x00000002d9200000  Allocating
 Small   0x00000002d9200000 0x00000002d9400000 0x00000002d9400000  Allocating
 Small   0x00000002d9400000 0x00000002d9600000 0x00000002d9600000  Allocating
 Small   0x00000002d9600000 0x00000002d9800000 0x00000002d9800000  Allocating
 Small   0x00000002d9800000 0x00000002d9a00000 0x00000002d9a00000  Allocating
 Small   0x00000002d9a00000 0x00000002d9c00000 0x00000002d9c00000  Allocating
 Small   0x00000002d9c00000 0x00000002d9e00000 0x00000002d9e00000  Allocating
 Small   0x00000002d9e00000 0x00000002da000000 0x00000002da000000  Allocating
 Small   0x00000002da000000 0x00000002da200000 0x00000002da200000  Allocating
 Small   0x00000002da200000 0x00000002da3fb050 0x00000002da400000  Relocatable
 Small   0x00000002da400000 0x00000002da600000 0x00000002da600000  Allocating
 Small   0x00000002da600000 0x00000002da765f68 0x00000002da800000  Relocatable
 Small   0x00000002da800000 0x00000002da9fffe8 0x00000002daa00000  Relocatable
 Small   0x00000002daa00000 0x00000002dac00000 0x00000002dac00000  Allocating
 Small   0x00000002dac00000 0x00000002dadffd20 0x00000002dae00000  Allocating
 Small   0x00000002dae00000 0x00000002db000000 0x00000002db000000  Allocating
 Small   0x00000002db000000 0x00000002db18f8a8 0x00000002db200000  Relocatable
 Small   0x00000002db200000 0x00000002db3ffff8 0x00000002db400000  Relocatable
 Small   0x00000002db400000 0x00000002db600000 0x00000002db600000  Allocating
 Small   0x00000002db600000 0x00000002db6d8658 0x00000002db800000  Allocating
 Small   0x00000002db800000 0x00000002db9ffff0 0x00000002dba00000  Relocatable
 Small   0x00000002dba00000 0x00000002dbbfffd8 0x00000002dbc00000  Relocatable
 Small   0x00000002dbc00000 0x00000002dbdffb48 0x00000002dbe00000  Relocatable
 Small   0x00000002dbe00000 0x00000002dc000000 0x00000002dc000000  Relocatable
 Small   0x00000002dc000000 0x00000002dc1ce770 0x00000002dc200000  Relocatable
 Small   0x00000002dc200000 0x00000002dc3731a0 0x00000002dc400000  Relocatable
 Small   0x00000002dc400000 0x00000002dc5ffa98 0x00000002dc600000  Relocatable
 Small   0x00000002dc600000 0x00000002dc7b3588 0x00000002dc800000  Relocatable
 Small   0x00000002dc800000 0x00000002dc9fffe8 0x00000002dca00000  Allocating
 Small   0x00000002dca00000 0x00000002dcbe6740 0x00000002dcc00000  Relocatable
 Small   0x00000002dcc00000 0x00000002dce00000 0x00000002dce00000  Allocating
 Small   0x00000002dce00000 0x00000002dcffffe8 0x00000002dd000000  Allocating
 Small   0x00000002dd000000 0x00000002dd1fff08 0x00000002dd200000  Relocatable
 Small   0x00000002dd200000 0x00000002dd3d2a98 0x00000002dd400000  Relocatable
 Small   0x00000002dd400000 0x00000002dd5aa4b0 0x00000002dd600000  Relocatable
 Small   0x00000002dd600000 0x00000002dd7ff598 0x00000002dd800000  Relocatable
 Small   0x00000002dd800000 0x00000002dd9fff88 0x00000002dda00000  Relocatable
 Small   0x00000002dda00000 0x00000002ddbfff10 0x00000002ddc00000  Relocatable
 Small   0x00000002ddc00000 0x00000002dddfff48 0x00000002dde00000  Relocatable
 Small   0x00000002dde00000 0x00000002ddffffe0 0x00000002de000000  Relocatable
 Small   0x00000002de000000 0x00000002de1d7a20 0x00000002de200000  Relocatable
 Small   0x00000002de200000 0x00000002de3fffc8 0x00000002de400000  Relocatable
 Small   0x00000002de400000 0x00000002de5d0598 0x00000002de600000  Relocatable
 Small   0x00000002de600000 0x00000002de7fffe0 0x00000002de800000  Relocatable
 Small   0x00000002de800000 0x00000002de8450a8 0x00000002dea00000  Allocating
 Small   0x00000002dea00000 0x00000002debff958 0x00000002dec00000  Relocatable
 Small   0x00000002dec00000 0x00000002dedde8e0 0x00000002dee00000  Relocatable
 Small   0x00000002dee00000 0x00000002df000000 0x00000002df000000  Allocating
 Small   0x00000002df000000 0x00000002df1ffed0 0x00000002df200000  Relocatable
 Small   0x00000002df200000 0x00000002df3fffe8 0x00000002df400000  Relocatable
 Small   0x00000002df400000 0x00000002df5ff820 0x00000002df600000  Relocatable
 Small   0x00000002df600000 0x00000002df7fef30 0x00000002df800000  Relocatable
 Small   0x00000002df800000 0x00000002df9fb440 0x00000002dfa00000  Relocatable
 Small   0x00000002dfa00000 0x00000002dfbe9f20 0x00000002dfc00000  Relocatable
 Small   0x00000002dfc00000 0x00000002dfdfffd0 0x00000002dfe00000  Relocatable
 Small   0x00000002dfe00000 0x00000002dfffdfd8 0x00000002e0000000  Relocatable
 Small   0x00000002e0000000 0x00000002e01fffd8 0x00000002e0200000  Relocatable
 Small   0x00000002e0200000 0x00000002e0400000 0x00000002e0400000  Relocatable
 Small   0x00000002e0400000 0x00000002e05fffe8 0x00000002e0600000  Relocatable
 Small   0x00000002e0600000 0x00000002e07b8308 0x00000002e0800000  Relocatable
 Small   0x00000002e0800000 0x00000002e09fffd8 0x00000002e0a00000  Relocatable
 Small   0x00000002e0a00000 0x00000002e0bffff0 0x00000002e0c00000  Relocatable
 Small   0x00000002e0c00000 0x00000002e0e00000 0x00000002e0e00000  Relocatable
 Small   0x00000002e0e00000 0x00000002e0fff060 0x00000002e1000000  Relocatable
 Small   0x00000002e1000000 0x00000002e1200000 0x00000002e1200000  Relocatable
 Small   0x00000002e1200000 0x00000002e1400000 0x00000002e1400000  Relocatable
 Small   0x00000002e1400000 0x00000002e15fffe8 0x00000002e1600000  Relocatable
 Small   0x00000002e1600000 0x00000002e17fff98 0x00000002e1800000  Relocatable
 Small   0x00000002e1800000 0x00000002e19b9098 0x00000002e1a00000  Relocatable
 Small   0x00000002e1a00000 0x00000002e1bfffe0 0x00000002e1c00000  Relocatable
 Small   0x00000002e1c00000 0x00000002e1dfffe0 0x00000002e1e00000  Relocatable
 Small   0x00000002e1e00000 0x00000002e2000000 0x00000002e2000000  Allocating
 Small   0x00000002e2000000 0x00000002e21ffff0 0x00000002e2200000  Relocatable
 Small   0x00000002e2200000 0x00000002e23dc600 0x00000002e2400000  Relocatable
 Medium  0x0000002fcec00000 0x0000002fcf960000 0x0000002fd0c00000  Relocatable
 Large   0x0000002fd4c00000 0x0000002fd5200000 0x0000002fd5200000  Relocatable
 Medium  0x0000002fd8200000 0x0000002fd9dbe000 0x0000002fda200000  Relocatable
 Large   0x0000002fda200000 0x0000002fda800000 0x0000002fda800000  Relocatable
 Large   0x0000002fda800000 0x0000002fdae00000 0x0000002fdae00000  Relocatable
 Large   0x0000002fde200000 0x0000002fde800000 0x0000002fde800000  Relocatable
 Medium  0x0000002fe0200000 0x0000002fe21ce000 0x0000002fe2200000  Relocatable
 Large   0x0000002fe2200000 0x0000002fe2800000 0x0000002fe2800000  Relocatable
 Medium  0x0000002fe4200000 0x0000002fe5924000 0x0000002fe6200000  Relocatable
 Large   0x0000002fe6800000 0x0000002fe6e00000 0x0000002fe6e00000  Relocatable
 Large   0x0000002fe7400000 0x0000002fe7a00000 0x0000002fe7a00000  Relocatable
 Large   0x0000002fe7a00000 0x0000002fe8000000 0x0000002fe8000000  Relocatable
 Large   0x0000002fe8200000 0x0000002fe8800000 0x0000002fe8800000  Relocatable
 Medium  0x0000002fe8c00000 0x0000002fea589000 0x0000002feac00000  Relocatable
 Large   0x0000002feac00000 0x0000002feb200000 0x0000002feb200000  Relocatable
 Medium  0x0000002fecc00000 0x0000002feebce000 0x0000002feec00000  Relocatable
 Medium  0x0000002feec00000 0x0000002ff0bb0000 0x0000002ff0c00000  Relocatable
 Medium  0x0000002ff0c00000 0x0000002ff2bd0000 0x0000002ff2c00000  Relocatable
 Medium  0x0000002ff4600000 0x0000002ff610f000 0x0000002ff6600000  Relocatable
 Large   0x0000002ff6600000 0x0000002ff8000000 0x0000002ff8000000  Relocatable
 Large   0x0000002ff8a00000 0x0000002ff9000000 0x0000002ff9000000  Relocatable
 Large   0x0000002ff9000000 0x0000002ffa000000 0x0000002ffa000000  Relocatable
 Medium  0x0000002ffa000000 0x0000002ffbeb6000 0x0000002ffc000000  Relocatable
 Large   0x0000002ffc200000 0x0000002ffc800000 0x0000002ffc800000  Relocatable
 Large   0x0000002ffc800000 0x0000002ffce00000 0x0000002ffce00000  Relocatable
 Large   0x0000002ffce00000 0x0000002ffd400000 0x0000002ffd400000  Relocatable
 Large   0x0000002ffd400000 0x0000002ffe000000 0x0000002ffe000000  Relocatable
 Medium  0x0000002ffe000000 0x0000002fffebe000 0x0000003000000000  Relocatable

XBarrierSet

Polling page: 0x0000023473580000

Metaspace:

Usage:
  Non-class:    341.92 MB used.
      Class:     64.45 MB used.
       Both:    406.36 MB used.

Virtual space:
  Non-class space:      384.00 MB reserved,     344.12 MB ( 90%) committed,  6 nodes.
      Class space:        1.00 GB reserved,      66.31 MB (  6%) committed,  1 nodes.
             Both:        1.38 GB reserved,     410.44 MB ( 29%) committed. 

Chunk freelists:
   Non-Class:  7.88 MB
       Class:  13.67 MB
        Both:  21.55 MB

MaxMetaspaceSize: unlimited
CompressedClassSpaceSize: 1.00 GB
Initial GC threshold: 21.00 MB
Current GC threshold: 683.88 MB
CDS: off
 - commit_granule_bytes: 65536.
 - commit_granule_words: 8192.
 - virtual_space_node_default_size: 8388608.
 - enlarge_chunks_in_place: 1.
 - use_allocation_guard: 0.


Internal statistics:

num_allocs_failed_limit: 62.
num_arena_births: 9088.
num_arena_deaths: 2110.
num_vsnodes_births: 7.
num_vsnodes_deaths: 0.
num_space_committed: 6565.
num_space_uncommitted: 4.
num_chunks_returned_to_freelist: 2739.
num_chunks_taken_from_freelist: 30714.
num_chunk_merges: 975.
num_chunk_splits: 17885.
num_chunks_enlarged: 10947.
num_inconsistent_stats: 0.

CodeHeap 'non-profiled nmethods': size=119168Kb used=46261Kb max_used=56679Kb free=72906Kb
 bounds [0x0000023407ba0000, 0x000002340b300000, 0x000002340f000000]
CodeHeap 'profiled nmethods': size=119104Kb used=14973Kb max_used=60938Kb free=104130Kb
 bounds [0x0000023400000000, 0x0000023403c20000, 0x0000023407450000]
CodeHeap 'non-nmethods': size=7488Kb used=4578Kb max_used=6483Kb free=2909Kb
 bounds [0x0000023407450000, 0x0000023407af0000, 0x0000023407ba0000]
 total_blobs=20037 nmethods=16181 adapters=3752
 compilation: enabled
              stopped_count=0, restarted_count=0
 full_count=0

Compilation events (20 events):
Event: 8469.405 Thread 0x000002341304a140 nmethod 224873 0x0000023408899c10 code [0x0000023408899da0, 0x0000023408899e90]
Event: 8469.405 Thread 0x000002341304a140 224874       1       net.minecraft.client.GraphicsStatus::getId (5 bytes)
Event: 8469.405 Thread 0x000002341304a140 nmethod 224874 0x00000234088e1e90 code [0x00000234088e2020, 0x00000234088e20e8]
Event: 8469.405 Thread 0x000002341304a140 224877       2       org.patryk3211.powergrid.electricity.wire.HangingWireRenderer::lambda$renderFromPositions$2 (142 bytes)
Event: 8469.406 Thread 0x000002341304a140 nmethod 224877 0x000002340032d290 code [0x000002340032d4c0, 0x000002340032da08]
Event: 8469.406 Thread 0x00000234753de890 nmethod 224871 0x00000234083e7e90 code [0x00000234083e8080, 0x00000234083e8508]
Event: 8469.407 Thread 0x00000234753de890 224875       4       net.minecraft.client.renderer.LightTexture::pack (9 bytes)
Event: 8469.407 Thread 0x00000234753de890 nmethod 224875 0x00000234088f0510 code [0x00000234088f0680, 0x00000234088f06f8]
Event: 8469.407 Thread 0x00000234753de890 224878       4       net.minecraft.client.Minecraft::useFancyGraphics (33 bytes)
Event: 8469.407 Thread 0x00000234753de890 nmethod 224878 0x0000023408ae2190 code [0x0000023408ae2340, 0x0000023408ae2570]
Event: 8469.408 Thread 0x00000234753de890 224876       4       org.patryk3211.powergrid.electricity.wire.HangingWireRenderer$$Lambda/0x000000008420d200::apply (49 bytes)
Event: 8469.413 Thread 0x00000234753de890 nmethod 224876 0x0000023408993e10 code [0x00000234089940a0, 0x0000023408995ab0]
Event: 8469.413 Thread 0x00000234753de890 224879       4       org.patryk3211.powergrid.electricity.wire.HangingWireRenderer::lambda$renderFromPositions$2 (142 bytes)
Event: 8469.419 Thread 0x00000234753de890 nmethod 224879 0x0000023409fbad10 code [0x0000023409fbafa0, 0x0000023409fbc408]
Event: 8470.144 Thread 0x00000234753de890 224880       4       org.patryk3211.powergrid.collections.ModdedConfigs::server (4 bytes)
Event: 8470.144 Thread 0x00000234753de890 nmethod 224880 0x000002340890c810 code [0x000002340890c9a0, 0x000002340890ca50]
Event: 8472.794 Thread 0x00000234753de890 224881       4       org.patryk3211.powergrid.equipment.multimeter.MultimeterItem::inventoryTick (530 bytes)
Event: 8472.814 Thread 0x00000234753de890 nmethod 224881 0x0000023409b5e810 code [0x0000023409b5ed20, 0x0000023409b60d78]
Event: 8473.648 Thread 0x00000234753de890 224882       4       com.mojang.blaze3d.vertex.ByteBufferBuilder::resize (72 bytes)
Event: 8473.651 Thread 0x00000234753de890 nmethod 224882 0x0000023409b79790 code [0x0000023409b79960, 0x0000023409b79d00]

GC Heap History (20 events):
Event: 8210.052 GC heap before
{Heap before GC invocations=638 (full 638):
 ZHeap           used 3820M, capacity 12202M, max capacity 12288M
 Metaspace       used 416109K, committed 420288K, reserved 1441792K
  class space    used 65994K, committed 67904K, reserved 1048576K
}
Event: 8210.484 GC heap after
{Heap after GC invocations=639 (full 639):
 ZHeap           used 2592M, capacity 12202M, max capacity 12288M
 Metaspace       used 416109K, committed 420288K, reserved 1441792K
  class space    used 65994K, committed 67904K, reserved 1048576K
}
Event: 8240.253 GC heap before
{Heap before GC invocations=639 (full 639):
 ZHeap           used 3822M, capacity 12202M, max capacity 12288M
 Metaspace       used 416109K, committed 420288K, reserved 1441792K
  class space    used 65994K, committed 67904K, reserved 1048576K
}
Event: 8240.692 GC heap after
{Heap after GC invocations=640 (full 640):
 ZHeap           used 2596M, capacity 12202M, max capacity 12288M
 Metaspace       used 416109K, committed 420288K, reserved 1441792K
  class space    used 65994K, committed 67904K, reserved 1048576K
}
Event: 8270.352 GC heap before
{Heap before GC invocations=640 (full 640):
 ZHeap           used 3826M, capacity 12202M, max capacity 12288M
 Metaspace       used 416109K, committed 420288K, reserved 1441792K
  class space    used 65994K, committed 67904K, reserved 1048576K
}
Event: 8270.807 GC heap after
{Heap after GC invocations=641 (full 641):
 ZHeap           used 2596M, capacity 12202M, max capacity 12288M
 Metaspace       used 416109K, committed 420288K, reserved 1441792K
  class space    used 65994K, committed 67904K, reserved 1048576K
}
Event: 8294.352 GC heap before
{Heap before GC invocations=641 (full 641):
 ZHeap           used 4220M, capacity 12202M, max capacity 12288M
 Metaspace       used 416114K, committed 420288K, reserved 1441792K
  class space    used 65994K, committed 67904K, reserved 1048576K
}
Event: 8294.788 GC heap after
{Heap after GC invocations=642 (full 642):
 ZHeap           used 2586M, capacity 12202M, max capacity 12288M
 Metaspace       used 416114K, committed 420288K, reserved 1441792K
  class space    used 65994K, committed 67904K, reserved 1048576K
}
Event: 8324.452 GC heap before
{Heap before GC invocations=642 (full 642):
 ZHeap           used 3824M, capacity 12202M, max capacity 12288M
 Metaspace       used 416114K, committed 420288K, reserved 1441792K
  class space    used 65994K, committed 67904K, reserved 1048576K
}
Event: 8324.886 GC heap after
{Heap after GC invocations=643 (full 643):
 ZHeap           used 2584M, capacity 12202M, max capacity 12288M
 Metaspace       used 416114K, committed 420288K, reserved 1441792K
  class space    used 65994K, committed 67904K, reserved 1048576K
}
Event: 8354.252 GC heap before
{Heap before GC invocations=643 (full 643):
 ZHeap           used 3858M, capacity 12202M, max capacity 12288M
 Metaspace       used 416115K, committed 420288K, reserved 1441792K
  class space    used 65994K, committed 67904K, reserved 1048576K
}
Event: 8354.728 GC heap after
{Heap after GC invocations=644 (full 644):
 ZHeap           used 2828M, capacity 12202M, max capacity 12288M
 Metaspace       used 416115K, committed 420288K, reserved 1441792K
  class space    used 65994K, committed 67904K, reserved 1048576K
}
Event: 8380.552 GC heap before
{Heap before GC invocations=644 (full 644):
 ZHeap           used 6330M, capacity 12170M, max capacity 12288M
 Metaspace       used 416115K, committed 420288K, reserved 1441792K
  class space    used 65994K, committed 67904K, reserved 1048576K
}
Event: 8380.988 GC heap after
{Heap after GC invocations=645 (full 645):
 ZHeap           used 2586M, capacity 12170M, max capacity 12288M
 Metaspace       used 416115K, committed 420288K, reserved 1441792K
  class space    used 65994K, committed 67904K, reserved 1048576K
}
Event: 8409.552 GC heap before
{Heap before GC invocations=645 (full 645):
 ZHeap           used 3816M, capacity 12174M, max capacity 12288M
 Metaspace       used 416115K, committed 420288K, reserved 1441792K
  class space    used 65994K, committed 67904K, reserved 1048576K
}
Event: 8409.997 GC heap after
{Heap after GC invocations=646 (full 646):
 ZHeap           used 2598M, capacity 12174M, max capacity 12288M
 Metaspace       used 416115K, committed 420288K, reserved 1441792K
  class space    used 65994K, committed 67904K, reserved 1048576K
}
Event: 8439.852 GC heap before
{Heap before GC invocations=646 (full 646):
 ZHeap           used 3828M, capacity 12174M, max capacity 12288M
 Metaspace       used 416115K, committed 420288K, reserved 1441792K
  class space    used 65994K, committed 67904K, reserved 1048576K
}
Event: 8440.290 GC heap after
{Heap after GC invocations=647 (full 647):
 ZHeap           used 2600M, capacity 12174M, max capacity 12288M
 Metaspace       used 416115K, committed 420288K, reserved 1441792K
  class space    used 65994K, committed 67904K, reserved 1048576K
}
Event: 8462.852 GC heap before
{Heap before GC invocations=647 (full 647):
 ZHeap           used 6490M, capacity 12174M, max capacity 12288M
 Metaspace       used 416115K, committed 420288K, reserved 1441792K
  class space    used 65994K, committed 67904K, reserved 1048576K
}
Event: 8463.314 GC heap after
{Heap after GC invocations=648 (full 648):
 ZHeap           used 2816M, capacity 12174M, max capacity 12288M
 Metaspace       used 416115K, committed 420288K, reserved 1441792K
  class space    used 65994K, committed 67904K, reserved 1048576K
}

Dll operation events (20 events):
Event: 1.734 Loaded shared library C:\Users\JesusWazowski\AppData\Roaming\PrismLauncher\java\java-runtime-delta\bin\jimage.dll
Event: 3.763 Loaded shared library C:\Users\JesusWazowski\AppData\Roaming\PrismLauncher\java\java-runtime-delta\bin\verify.dll
Event: 5.013 Loaded shared library C:\Users\JesusWazowski\AppData\Roaming\PrismLauncher\java\java-runtime-delta\bin\management.dll
Event: 5.036 Loaded shared library C:\Users\JesusWazowski\AppData\Roaming\PrismLauncher\java\java-runtime-delta\bin\management_ext.dll
Event: 7.403 Loaded shared library C:\Users\JesusWazowski\AppData\Local\Temp\lwjgl_JesusWazowski\3.3.3+5\x64\lwjgl.dll
Event: 7.961 Loaded shared library C:\Users\JesusWazowski\AppData\Local\Temp\lwjgl_JesusWazowski\3.3.3+5\x64\lwjgl_stb.dll
Event: 8.011 Loaded shared library C:\Users\JesusWazowski\AppData\Local\Temp\lwjgl_JesusWazowski\3.3.3+5\x64\lwjgl_opengl.dll
Event: 16.643 Loaded shared library C:\Users\JesusWazowski\AppData\Local\Temp\jna-1296495215\jna11304243574027001070.dll
Event: 22.321 Loaded shared library C:\Users\JesusWazowski\AppData\Roaming\PrismLauncher\java\java-runtime-delta\bin\sunmscapi.dll
Event: 22.425 Loaded shared library C:\Users\JesusWazowski\AppData\Roaming\PrismLauncher\java\java-runtime-delta\bin\extnet.dll
Event: 23.634 Loaded shared library C:\Users\JesusWazowski\AppData\Roaming\PrismLauncher\java\java-runtime-delta\bin\awt.dll
Event: 24.755 Loaded shared library C:\Users\JesusWazowski\AppData\Roaming\PrismLauncher\instances\Aeronautics\minecraft\.pg-native\libpowergridNative5.dll
Event: 31.285 Loaded shared library C:\Users\JesusWazowski\AppData\Local\Temp\imgui-java-natives\1.88.0\imgui-java64.dll
Event: 92.620 Loaded shared library C:\Users\JesusWazowski\AppData\Local\Temp\libopus4j-9783d0e001158567d1e08f6bb3b2c5b5\libopus4j.dll
Event: 92.631 Loaded shared library C:\Users\JesusWazowski\AppData\Local\Temp\librnnoise4j-40cc1fdd40ca1100a850ddee14466799\librnnoise4j.dll
Event: 92.647 Loaded shared library C:\Users\JesusWazowski\AppData\Local\Temp\libspeex4j-e39751f08962f3611e66c90baf107894\libspeex4j.dll
Event: 92.656 Loaded shared library C:\Users\JesusWazowski\AppData\Local\Temp\liblame4j-290c3436fe9f7c2b8e165ddcb5ad66ce\liblame4j.dll
Event: 93.002 Loaded shared library C:\Users\JesusWazowski\AppData\Local\Temp\libzstd-jni_dh-1.5.7-6204599580305634957.dll
Event: 93.691 Loaded shared library C:\Users\JesusWazowski\AppData\Local\Temp\sqlite-3.47.2.0-f0035c0a-dbe4-426d-8fa6-24c01cc961eb-sqlitejdbc.dll
Event: 296.194 Loaded shared library C:\Users\JesusWazowski\AppData\Local\Temp\sable_rapier_natives9587055453697979918.tmp

Deoptimization events (20 events):
Event: 8116.029 Thread 0x000002347584f190 DEOPT PACKING pc=0x0000023409c8aa90 sp=0x00000038aa0fdcc0
Event: 8116.029 Thread 0x000002347584f190 DEOPT UNPACKING pc=0x00000234074a3fa2 sp=0x00000038aa0fdc48 mode 2
Event: 8116.434 Thread 0x000002347584f190 Uncommon trap: trap_request=0xffffff45 fr.pc=0x0000023408c2d6a8 relative=0x0000000000000368
Event: 8116.434 Thread 0x000002347584f190 Uncommon trap: reason=unstable_if action=reinterpret pc=0x0000023408c2d6a8 method=net.minecraft.util.FormattedCharSequence.lambda$fromPair$7(Lnet/minecraft/util/FormattedCharSequence;Lnet/minecraft/util/FormattedCharSequence;Lnet/minecraft/util/FormattedC
Event: 8116.434 Thread 0x000002347584f190 DEOPT PACKING pc=0x0000023408c2d6a8 sp=0x00000038aa0fdd20
Event: 8116.434 Thread 0x000002347584f190 DEOPT UNPACKING pc=0x00000234074a3fa2 sp=0x00000038aa0fdc80 mode 2
Event: 8354.148 Thread 0x000002347584f190 Uncommon trap: trap_request=0xffffff45 fr.pc=0x00000234099a09ec relative=0x000000000000048c
Event: 8354.148 Thread 0x000002347584f190 Uncommon trap: reason=unstable_if action=reinterpret pc=0x00000234099a09ec method=java.util.concurrent.ArrayBlockingQueue.offer(Ljava/lang/Object;)Z @ 23 c2
Event: 8354.148 Thread 0x000002347584f190 DEOPT PACKING pc=0x00000234099a09ec sp=0x00000038aa0fd750
Event: 8354.148 Thread 0x000002347584f190 DEOPT UNPACKING pc=0x00000234074a3fa2 sp=0x00000038aa0fd6e0 mode 2
Event: 8413.293 Thread 0x00000237464f65f0 Uncommon trap: trap_request=0xffffff6e fr.pc=0x0000023407fb5984 relative=0x0000000000000e64
Event: 8413.293 Thread 0x00000237464f65f0 Uncommon trap: reason=loop_limit_check action=maybe_recompile pc=0x0000023407fb5984 method=dev.ryanhcode.sable.api.sublevel.SubLevelContainer.getPlayersTracking(Lnet/minecraft/world/level/ChunkPos;)Ljava/util/List; @ 74 c2
Event: 8413.293 Thread 0x00000237464f65f0 DEOPT PACKING pc=0x0000023407fb5984 sp=0x00000038adcfebb0
Event: 8413.293 Thread 0x00000237464f65f0 DEOPT UNPACKING pc=0x00000234074a3fa2 sp=0x00000038adcfeb70 mode 2
Event: 8457.550 Thread 0x00000237464f65f0 DEOPT PACKING pc=0x0000023400c15e11 sp=0x00000038adcfec50
Event: 8457.550 Thread 0x00000237464f65f0 DEOPT UNPACKING pc=0x00000234074a4742 sp=0x00000038adcfe100 mode 0
Event: 8467.955 Thread 0x000002347584f190 Uncommon trap: trap_request=0xffffff45 fr.pc=0x000002340a08b480 relative=0x0000000000000140
Event: 8467.955 Thread 0x000002347584f190 Uncommon trap: reason=unstable_if action=reinterpret pc=0x000002340a08b480 method=dev.emi.emi.api.recipe.EmiPlayerInventory.lambda$isEqual$6(Ldev/emi/emi/api/stack/EmiStack;Ldev/emi/emi/api/stack/EmiStack;)Z @ 9 c2
Event: 8467.955 Thread 0x000002347584f190 DEOPT PACKING pc=0x000002340a08b480 sp=0x00000038aa0fdd60
Event: 8467.955 Thread 0x000002347584f190 DEOPT UNPACKING pc=0x00000234074a3fa2 sp=0x00000038aa0fdc88 mode 2

Classes loaded (20 events):
Event: 4074.345 Loading class java/util/concurrent/ConcurrentHashMap$MapReduceEntriesTask
Event: 4074.346 Loading class java/util/concurrent/ConcurrentHashMap$BulkTask
Event: 4074.347 Loading class java/util/concurrent/ConcurrentHashMap$BulkTask done
Event: 4074.347 Loading class java/util/concurrent/ConcurrentHashMap$MapReduceEntriesTask done
Event: 6343.847 Loading class java/util/ArrayList$SubList$2
Event: 6343.848 Loading class java/util/ArrayList$SubList$2 done
Event: 7794.872 Loading class java/lang/invoke/VarHandleLongs$Array
Event: 7794.872 Loading class java/lang/invoke/VarHandleLongs$Array done
Event: 7795.286 Loading class java/lang/invoke/BoundMethodHandle$Species_LLLLLLLLLL
Event: 7795.286 Loading class java/lang/invoke/BoundMethodHandle$Species_LLLLLLLLLL done
Event: 7795.287 Loading class java/lang/invoke/BoundMethodHandle$Species_LLLLLLLLLLL
Event: 7795.287 Loading class java/lang/invoke/BoundMethodHandle$Species_LLLLLLLLLLL done
Event: 8116.586 Loading class java/lang/ProcessBuilder$RedirectPipeImpl
Event: 8116.586 Loading class java/lang/ProcessBuilder$RedirectPipeImpl done
Event: 8116.602 Loading class java/lang/ProcessImpl$2
Event: 8116.602 Loading class java/lang/ProcessImpl$2 done
Event: 8116.602 Loading class java/lang/ProcessBuilder$NullInputStream
Event: 8116.602 Loading class java/lang/ProcessBuilder$NullInputStream done
Event: 8116.602 Loading class jdk/internal/event/ProcessStartEvent
Event: 8116.603 Loading class jdk/internal/event/ProcessStartEvent done

Classes unloaded (20 events):
Event: 7795.996 Thread 0x000002347588fbd0 Unloading class 0x0000000084223c00 'java/lang/invoke/LambdaForm$MH+0x0000000084223c00'
Event: 7795.996 Thread 0x000002347588fbd0 Unloading class 0x0000000084223800 'java/lang/invoke/LambdaForm$MH+0x0000000084223800'
Event: 7795.996 Thread 0x000002347588fbd0 Unloading class 0x0000000084223000 'java/lang/invoke/LambdaForm$MH+0x0000000084223000'
Event: 7795.996 Thread 0x000002347588fbd0 Unloading class 0x0000000084223400 'java/lang/invoke/LambdaForm$MH+0x0000000084223400'
Event: 7795.996 Thread 0x000002347588fbd0 Unloading class 0x0000000084222c00 'java/lang/invoke/LambdaForm$MH+0x0000000084222c00'
Event: 7795.996 Thread 0x000002347588fbd0 Unloading class 0x0000000084222800 'java/lang/invoke/LambdaForm$BMH+0x0000000084222800'
Event: 7795.996 Thread 0x000002347588fbd0 Unloading class 0x0000000084221800 'java/lang/invoke/LambdaForm$BMH+0x0000000084221800'
Event: 7795.996 Thread 0x000002347588fbd0 Unloading class 0x0000000084221c00 'java/lang/invoke/LambdaForm$BMH+0x0000000084221c00'
Event: 7795.996 Thread 0x000002347588fbd0 Unloading class 0x0000000084222000 'java/lang/invoke/LambdaForm$BMH+0x0000000084222000'
Event: 7795.996 Thread 0x000002347588fbd0 Unloading class 0x0000000084221400 'java/lang/invoke/LambdaForm$BMH+0x0000000084221400'
Event: 7795.996 Thread 0x000002347588fbd0 Unloading class 0x0000000084221000 'java/lang/invoke/LambdaForm$DMH+0x0000000084221000'
Event: 7795.996 Thread 0x000002347588fbd0 Unloading class 0x0000000084220c00 'java/lang/invoke/LambdaForm$DMH+0x0000000084220c00'
Event: 7795.996 Thread 0x000002347588fbd0 Unloading class 0x0000000084220800 'java/lang/invoke/LambdaForm$DMH+0x0000000084220800'
Event: 7795.996 Thread 0x000002347588fbd0 Unloading class 0x0000000084220000 'java/lang/invoke/LambdaForm$DMH+0x0000000084220000'
Event: 7795.996 Thread 0x000002347588fbd0 Unloading class 0x0000000084220400 'java/lang/invoke/LambdaForm$DMH+0x0000000084220400'
Event: 7795.996 Thread 0x000002347588fbd0 Unloading class 0x0000000084219800 'java/lang/invoke/LambdaForm$DMH+0x0000000084219800'
Event: 7795.996 Thread 0x000002347588fbd0 Unloading class 0x0000000084219400 'java/lang/invoke/LambdaForm$DMH+0x0000000084219400'
Event: 7795.996 Thread 0x000002347588fbd0 Unloading class 0x0000000084218c00 'java/lang/invoke/LambdaForm$DMH+0x0000000084218c00'
Event: 7795.996 Thread 0x000002347588fbd0 Unloading class 0x0000000084218800 'java/lang/invoke/LambdaForm$DMH+0x0000000084218800'
Event: 7795.996 Thread 0x000002347588fbd0 Unloading class 0x0000000084219000 'java/lang/invoke/LambdaForm$DMH+0x0000000084219000'

Classes redefined (0 events):
No events

Internal exceptions (20 events):
Event: 8457.558 Thread 0x00000237464f3800 Exception <a 'sun/nio/fs/WindowsException'{0x00001000720b24d0}> (0x00001000720b24d0) 
thrown [s\src\hotspot\share\prims\jni.cpp, line 520]
Event: 8457.558 Thread 0x00000237464f3800 Exception <a 'sun/nio/fs/WindowsException'{0x00001000720b2890}> (0x00001000720b2890) 
thrown [s\src\hotspot\share\prims\jni.cpp, line 520]
Event: 8457.559 Thread 0x00000237464f3800 Exception <a 'sun/nio/fs/WindowsException'{0x00001000720b2c68}> (0x00001000720b2c68) 
thrown [s\src\hotspot\share\prims\jni.cpp, line 520]
Event: 8457.559 Thread 0x00000237464f3800 Exception <a 'sun/nio/fs/WindowsException'{0x00001000720b3028}> (0x00001000720b3028) 
thrown [s\src\hotspot\share\prims\jni.cpp, line 520]
Event: 8457.559 Thread 0x00000237464f3800 Exception <a 'sun/nio/fs/WindowsException'{0x00001000720b33e8}> (0x00001000720b33e8) 
thrown [s\src\hotspot\share\prims\jni.cpp, line 520]
Event: 8457.559 Thread 0x00000237464f3800 Exception <a 'sun/nio/fs/WindowsException'{0x00001000720b37a8}> (0x00001000720b37a8) 
thrown [s\src\hotspot\share\prims\jni.cpp, line 520]
Event: 8457.559 Thread 0x00000237464f3800 Exception <a 'sun/nio/fs/WindowsException'{0x00001000720b3b68}> (0x00001000720b3b68) 
thrown [s\src\hotspot\share\prims\jni.cpp, line 520]
Event: 8457.559 Thread 0x00000237464f3800 Exception <a 'sun/nio/fs/WindowsException'{0x00001000720b3f28}> (0x00001000720b3f28) 
thrown [s\src\hotspot\share\prims\jni.cpp, line 520]
Event: 8457.559 Thread 0x00000237464f3800 Exception <a 'sun/nio/fs/WindowsException'{0x00001000720b42e8}> (0x00001000720b42e8) 
thrown [s\src\hotspot\share\prims\jni.cpp, line 520]
Event: 8457.559 Thread 0x00000237464f3800 Exception <a 'sun/nio/fs/WindowsException'{0x00001000720b49f0}> (0x00001000720b49f0) 
thrown [s\src\hotspot\share\prims\jni.cpp, line 520]
Event: 8457.559 Thread 0x00000237464f3800 Exception <a 'sun/nio/fs/WindowsException'{0x00001000720b4db0}> (0x00001000720b4db0) 
thrown [s\src\hotspot\share\prims\jni.cpp, line 520]
Event: 8457.559 Thread 0x00000237464f3800 Exception <a 'sun/nio/fs/WindowsException'{0x00001000720b5170}> (0x00001000720b5170) 
thrown [s\src\hotspot\share\prims\jni.cpp, line 520]
Event: 8457.560 Thread 0x00000237464f3800 Exception <a 'sun/nio/fs/WindowsException'{0x00001000720b5548}> (0x00001000720b5548) 
thrown [s\src\hotspot\share\prims\jni.cpp, line 520]
Event: 8457.560 Thread 0x00000237464f3800 Exception <a 'sun/nio/fs/WindowsException'{0x00001000720b5908}> (0x00001000720b5908) 
thrown [s\src\hotspot\share\prims\jni.cpp, line 520]
Event: 8457.560 Thread 0x00000237464f3800 Exception <a 'sun/nio/fs/WindowsException'{0x00001000720b5cc8}> (0x00001000720b5cc8) 
thrown [s\src\hotspot\share\prims\jni.cpp, line 520]
Event: 8457.560 Thread 0x00000237464f3800 Exception <a 'sun/nio/fs/WindowsException'{0x00001000720b6088}> (0x00001000720b6088) 
thrown [s\src\hotspot\share\prims\jni.cpp, line 520]
Event: 8457.560 Thread 0x00000237464f3800 Exception <a 'sun/nio/fs/WindowsException'{0x00001000720b6448}> (0x00001000720b6448) 
thrown [s\src\hotspot\share\prims\jni.cpp, line 520]
Event: 8457.561 Thread 0x00000237464f3800 Exception <a 'sun/nio/fs/WindowsException'{0x00001000720b6820}> (0x00001000720b6820) 
thrown [s\src\hotspot\share\prims\jni.cpp, line 520]
Event: 8457.563 Thread 0x00000237464f3800 Exception <a 'sun/nio/fs/WindowsException'{0x00001000720b6bf8}> (0x00001000720b6bf8) 
thrown [s\src\hotspot\share\prims\jni.cpp, line 520]
Event: 8457.563 Thread 0x00000237464f3800 Exception <a 'sun/nio/fs/WindowsException'{0x00001000720b6fb8}> (0x00001000720b6fb8) 
thrown [s\src\hotspot\share\prims\jni.cpp, line 520]

ZGC Phase Switch (0 events):
No events

VM Operations (20 events):
Event: 8463.273 Executing VM operation: HandshakeAllThreads (XMarkFlushAndFreeStacks)
Event: 8463.273 Executing VM operation: HandshakeAllThreads (XMarkFlushAndFreeStacks) done
Event: 8463.275 Executing VM operation: HandshakeAllThreads (XMarkFlushAndFreeStacks)
Event: 8463.275 Executing VM operation: HandshakeAllThreads (XMarkFlushAndFreeStacks) done
Event: 8463.276 Executing VM operation: HandshakeAllThreads (XMarkFlushAndFreeStacks)
Event: 8463.276 Executing VM operation: HandshakeAllThreads (XMarkFlushAndFreeStacks) done
Event: 8463.298 Executing VM operation: HandshakeAllThreads (XMarkFlushAndFreeStacks)
Event: 8463.298 Executing VM operation: HandshakeAllThreads (XMarkFlushAndFreeStacks) done
Event: 8463.299 Executing VM operation: XMarkEnd
Event: 8463.299 Executing VM operation: XMarkEnd done
Event: 8463.308 Executing VM operation: HandshakeAllThreads (XRendezvous)
Event: 8463.308 Executing VM operation: HandshakeAllThreads (XRendezvous) done
Event: 8463.312 Executing VM operation: XRelocateStart
Event: 8463.312 Executing VM operation: XRelocateStart done
Event: 8467.313 Executing VM operation: Cleanup
Event: 8467.313 Executing VM operation: Cleanup done
Event: 8469.420 Executing VM operation: HandshakeAllThreads (HandshakeForDeflation)
Event: 8469.421 Executing VM operation: HandshakeAllThreads (HandshakeForDeflation) done
Event: 8469.421 Executing VM operation: RendezvousGCThreads
Event: 8469.421 Executing VM operation: RendezvousGCThreads done

Memory protections (0 events):
No events

Nmethod flushes (20 events):
Event: 8409.995 Thread 0x000002347588fbd0 flushing  nmethod 0x000002340165a490
Event: 8409.995 Thread 0x000002347588fbd0 flushing  nmethod 0x0000023401c11410
Event: 8409.995 Thread 0x000002347588fbd0 flushing  nmethod 0x0000023402039690
Event: 8409.995 Thread 0x000002347588fbd0 flushing  nmethod 0x00000234030be590
Event: 8409.995 Thread 0x000002347588fbd0 flushing  nmethod 0x00000234008d6090
Event: 8440.288 Thread 0x000002347588fbd0 flushing  nmethod 0x00000234003d7110
Event: 8440.288 Thread 0x000002347588fbd0 flushing  nmethod 0x0000023407fb4810
Event: 8463.308 Thread 0x000002347588fbd0 flushing  nmethod 0x000002340014b590
Event: 8463.308 Thread 0x000002347588fbd0 flushing  nmethod 0x0000023400026a10
Event: 8463.308 Thread 0x000002347588fbd0 flushing  nmethod 0x00000234002c9890
Event: 8463.308 Thread 0x000002347588fbd0 flushing  nmethod 0x0000023401aac190
Event: 8463.308 Thread 0x000002347588fbd0 flushing  nmethod 0x00000234019ea190
Event: 8463.308 Thread 0x000002347588fbd0 flushing  nmethod 0x0000023402f0b410
Event: 8463.308 Thread 0x000002347588fbd0 flushing  nmethod 0x00000234017d7d90
Event: 8463.308 Thread 0x000002347588fbd0 flushing  nmethod 0x0000023400084e10
Event: 8463.308 Thread 0x000002347588fbd0 flushing  nmethod 0x0000023400001110
Event: 8463.308 Thread 0x000002347588fbd0 flushing  nmethod 0x0000023400c15710
Event: 8463.308 Thread 0x000002347588fbd0 flushing  nmethod 0x000002340313f710
Event: 8463.308 Thread 0x000002347588fbd0 flushing  nmethod 0x0000023400875b10
Event: 8463.308 Thread 0x000002347588fbd0 flushing  nmethod 0x000002340023c890

Events (20 events):
Event: 8391.301 Thread 0x000002343ac2a720 Thread exited: 0x000002343ac2a720
Event: 8396.301 Thread 0x000002343ac269d0 Thread exited: 0x000002343ac269d0
Event: 8417.469 Thread 0x00000236f4c69040 Thread exited: 0x00000236f4c69040
Event: 8419.646 Thread 0x0000023438b6fac0 Thread exited: 0x0000023438b6fac0
Event: 8441.332 Thread 0x0000023454487b60 Thread exited: 0x0000023454487b60
Event: 8457.554 Thread 0x00000236e6280360 Thread added: 0x000002345175dd20
Event: 8457.564 Thread 0x00000234753de890 Thread added: 0x000002343ac2a720
Event: 8459.000 Thread 0x000002343ac2a720 Thread exited: 0x000002343ac2a720
Event: 8459.095 Thread 0x000002347584f190 Thread added: 0x000002345175ea40
Event: 8459.096 Thread 0x000002345175ea40 Thread exited: 0x000002345175ea40
Event: 8459.097 Thread 0x000002347584f190 Thread added: 0x000002345175ea40
Event: 8459.097 Thread 0x000002345175ea40 Thread exited: 0x000002345175ea40
Event: 8460.744 Thread 0x000002347584f190 Thread added: 0x0000023451760480
Event: 8460.744 Thread 0x0000023451760480 Thread exited: 0x0000023451760480
Event: 8460.831 Thread 0x00000234753de890 Thread added: 0x000002343ac2d6d0
Event: 8460.959 Thread 0x000002343ac2d6d0 Thread exited: 0x000002343ac2d6d0
Event: 8462.307 Thread 0x000002347584f190 Thread added: 0x0000023451760480
Event: 8462.307 Thread 0x0000023451760480 Thread exited: 0x0000023451760480
Event: 8466.150 Thread 0x00000234753de890 Thread added: 0x000002343ac2d6d0
Event: 8467.135 Thread 0x000002343ac2d6d0 Thread exited: 0x000002343ac2d6d0


Dynamic libraries:
0x00007ff6925a0000 - 0x00007ff6925ae000 	C:\Users\JesusWazowski\AppData\Roaming\PrismLauncher\java\java-runtime-delta\bin\javaw.exe
0x00007fff78510000 - 0x00007fff78708000 	C:\WINDOWS\SYSTEM32\ntdll.dll
0x00007fff76e60000 - 0x00007fff76f22000 	C:\WINDOWS\System32\KERNEL32.DLL
0x00007fff75ba0000 - 0x00007fff75e96000 	C:\WINDOWS\System32\KERNELBASE.dll
0x00007fff76140000 - 0x00007fff76240000 	C:\WINDOWS\System32\ucrtbase.dll
0x00007fff4f060000 - 0x00007fff4f07d000 	C:\Users\JesusWazowski\AppData\Roaming\PrismLauncher\java\java-runtime-delta\bin\VCRUNTIME140.dll
0x00007fff4e370000 - 0x00007fff4e388000 	C:\Users\JesusWazowski\AppData\Roaming\PrismLauncher\java\java-runtime-delta\bin\jli.dll
0x00007fff78200000 - 0x00007fff783a1000 	C:\WINDOWS\System32\USER32.dll
0x00007fff75f40000 - 0x00007fff75f62000 	C:\WINDOWS\System32\win32u.dll
0x00007fff77c80000 - 0x00007fff77cab000 	C:\WINDOWS\System32\GDI32.dll
0x00007fff76020000 - 0x00007fff76139000 	C:\WINDOWS\System32\gdi32full.dll
0x00007fff62aa0000 - 0x00007fff62d3b000 	C:\WINDOWS\WinSxS\amd64_microsoft.windows.common-controls_6595b64144ccf1df_6.0.19041.6456_none_60b8a6cb71f64256\COMCTL32.dll
0x00007fff75ea0000 - 0x00007fff75f3d000 	C:\WINDOWS\System32\msvcp_win.dll
0x00007fff775f0000 - 0x00007fff7768e000 	C:\WINDOWS\System32\msvcrt.dll
0x00007fff780c0000 - 0x00007fff780ef000 	C:\WINDOWS\System32\IMM32.DLL
0x00007fff62170000 - 0x00007fff6217c000 	C:\Users\JesusWazowski\AppData\Roaming\PrismLauncher\java\java-runtime-delta\bin\vcruntime140_1.dll
0x00007fff41b40000 - 0x00007fff41bcd000 	C:\Users\JesusWazowski\AppData\Roaming\PrismLauncher\java\java-runtime-delta\bin\msvcp140.dll
0x00007fff40060000 - 0x00007fff40df8000 	C:\Users\JesusWazowski\AppData\Roaming\PrismLauncher\java\java-runtime-delta\bin\server\jvm.dll
0x00007fff776b0000 - 0x00007fff77761000 	C:\WINDOWS\System32\ADVAPI32.dll
0x00007fff77770000 - 0x00007fff7780f000 	C:\WINDOWS\System32\sechost.dll
0x00007fff77810000 - 0x00007fff77930000 	C:\WINDOWS\System32\RPCRT4.dll
0x00007fff76470000 - 0x00007fff76497000 	C:\WINDOWS\System32\bcrypt.dll
0x00007fff77c10000 - 0x00007fff77c7b000 	C:\WINDOWS\System32\WS2_32.dll
0x00007fff6f4d0000 - 0x00007fff6f4da000 	C:\WINDOWS\SYSTEM32\VERSION.dll
0x00007fff67840000 - 0x00007fff67867000 	C:\WINDOWS\SYSTEM32\WINMM.dll
0x00007fff75600000 - 0x00007fff7564b000 	C:\WINDOWS\SYSTEM32\POWRPROF.dll
0x00007fff755a0000 - 0x00007fff755b2000 	C:\WINDOWS\SYSTEM32\UMPDC.dll
0x00007fff743c0000 - 0x00007fff743d2000 	C:\WINDOWS\SYSTEM32\kernel.appcore.dll
0x00007fff60360000 - 0x00007fff6036a000 	C:\Users\JesusWazowski\AppData\Roaming\PrismLauncher\java\java-runtime-delta\bin\jimage.dll
0x00007fff73700000 - 0x00007fff73901000 	C:\WINDOWS\SYSTEM32\DBGHELP.DLL
0x00007fff4dfb0000 - 0x00007fff4dfe4000 	C:\WINDOWS\SYSTEM32\dbgcore.DLL
0x00007fff764a0000 - 0x00007fff76522000 	C:\WINDOWS\System32\bcryptPrimitives.dll
0x00007fff4c410000 - 0x00007fff4c430000 	C:\Users\JesusWazowski\AppData\Roaming\PrismLauncher\java\java-runtime-delta\bin\java.dll
0x00007fff4bdc0000 - 0x00007fff4bdd8000 	C:\Users\JesusWazowski\AppData\Roaming\PrismLauncher\java\java-runtime-delta\bin\zip.dll
0x00007fff76610000 - 0x00007fff76d80000 	C:\WINDOWS\System32\SHELL32.dll
0x00007fff73ba0000 - 0x00007fff74345000 	C:\WINDOWS\SYSTEM32\windows.storage.dll
0x00007fff77d60000 - 0x00007fff780b4000 	C:\WINDOWS\System32\combase.dll
0x00007fff75490000 - 0x00007fff754bb000 	C:\WINDOWS\SYSTEM32\Wldp.dll
0x00007fff76d80000 - 0x00007fff76e4d000 	C:\WINDOWS\System32\OLEAUT32.dll
0x00007fff780f0000 - 0x00007fff7819d000 	C:\WINDOWS\System32\SHCORE.dll
0x00007fff76530000 - 0x00007fff7658b000 	C:\WINDOWS\System32\shlwapi.dll
0x00007fff75ad0000 - 0x00007fff75af4000 	C:\WINDOWS\SYSTEM32\profapi.dll
0x00007fff41a60000 - 0x00007fff41b36000 	C:\Users\JesusWazowski\AppData\Roaming\PrismLauncher\java\java-runtime-delta\bin\jsvml.dll
0x00007fff5d2f0000 - 0x00007fff5d300000 	C:\Users\JesusWazowski\AppData\Roaming\PrismLauncher\java\java-runtime-delta\bin\net.dll
0x00007fff6ec70000 - 0x00007fff6ed7a000 	C:\WINDOWS\SYSTEM32\WINHTTP.dll
0x00007fff751f0000 - 0x00007fff7525a000 	C:\WINDOWS\system32\mswsock.dll
0x00007fff4ac70000 - 0x00007fff4ac86000 	C:\Users\JesusWazowski\AppData\Roaming\PrismLauncher\java\java-runtime-delta\bin\nio.dll
0x00007fff75500000 - 0x00007fff75518000 	C:\WINDOWS\SYSTEM32\CRYPTSP.dll
0x00007fff74b30000 - 0x00007fff74b68000 	C:\WINDOWS\system32\rsaenh.dll
0x00007fff75a50000 - 0x00007fff75a7e000 	C:\WINDOWS\SYSTEM32\USERENV.dll
0x00007fff75380000 - 0x00007fff7538c000 	C:\WINDOWS\SYSTEM32\CRYPTBASE.dll
0x00007fff74ef0000 - 0x00007fff74f2b000 	C:\WINDOWS\SYSTEM32\IPHLPAPI.DLL
0x00007fff76e50000 - 0x00007fff76e58000 	C:\WINDOWS\System32\NSI.dll
0x00007fff5d030000 - 0x00007fff5d040000 	C:\Users\JesusWazowski\AppData\Roaming\PrismLauncher\java\java-runtime-delta\bin\verify.dll
0x00007fff5ce10000 - 0x00007fff5ce1a000 	C:\Users\JesusWazowski\AppData\Roaming\PrismLauncher\java\java-runtime-delta\bin\management.dll
0x00007fff5b600000 - 0x00007fff5b60b000 	C:\Users\JesusWazowski\AppData\Roaming\PrismLauncher\java\java-runtime-delta\bin\management_ext.dll
0x00007fff77d40000 - 0x00007fff77d48000 	C:\WINDOWS\System32\PSAPI.DLL
0x00007fff4df50000 - 0x00007fff4df67000 	C:\WINDOWS\system32\napinsp.dll
0x00007fff4e040000 - 0x00007fff4e05b000 	C:\WINDOWS\system32\pnrpnsp.dll
0x00007fff4e060000 - 0x00007fff4e07d000 	C:\WINDOWS\system32\wshbth.dll
0x00007fff71c90000 - 0x00007fff71cad000 	C:\WINDOWS\system32\NLAapi.dll
0x00007fff74f30000 - 0x00007fff74ffa000 	C:\WINDOWS\SYSTEM32\DNSAPI.dll
0x00007fff4e300000 - 0x00007fff4e312000 	C:\WINDOWS\System32\winrnr.dll
0x00007fff67340000 - 0x00007fff673c0000 	C:\WINDOWS\System32\fwpuclnt.dll
0x00007fff67540000 - 0x00007fff6754a000 	C:\Windows\System32\rasadhlp.dll
0x00007fff419e0000 - 0x00007fff41a5b000 	C:\Users\JesusWazowski\AppData\Local\Temp\lwjgl_JesusWazowski\3.3.3+5\x64\lwjgl.dll
0x00007fff417e0000 - 0x00007fff41862000 	C:\Users\JESUSW~1\AppData\Local\Temp\lwjgl_JesusWazowski\3.3.3+5\x64\glfw.dll
0x00007fff00770000 - 0x00007fff007b5000 	C:\WINDOWS\SYSTEM32\dinput8.dll
0x00007fff34100000 - 0x00007fff34111000 	C:\WINDOWS\SYSTEM32\xinput1_4.dll
0x00007fff76420000 - 0x00007fff7646e000 	C:\WINDOWS\System32\cfgmgr32.dll
0x00007fff75930000 - 0x00007fff75963000 	C:\WINDOWS\SYSTEM32\DEVOBJ.dll
0x00007fff72ac0000 - 0x00007fff72aee000 	C:\WINDOWS\SYSTEM32\dwmapi.dll
0x00007fff6da50000 - 0x00007fff6dba2000 	C:\WINDOWS\SYSTEM32\inputhost.dll
0x00007fff70ed0000 - 0x00007fff71027000 	C:\WINDOWS\SYSTEM32\wintypes.dll
0x00007fff71a50000 - 0x00007fff71b42000 	C:\WINDOWS\SYSTEM32\CoreMessaging.dll
0x00007fff716f0000 - 0x00007fff71a4b000 	C:\WINDOWS\SYSTEM32\CoreUIComponents.dll
0x00007fff6f6c0000 - 0x00007fff6f7b4000 	C:\WINDOWS\SYSTEM32\PROPSYS.dll
0x00007fff74d80000 - 0x00007fff74db3000 	C:\WINDOWS\SYSTEM32\ntmarta.dll
0x00007fff72620000 - 0x00007fff726be000 	C:\WINDOWS\system32\uxtheme.dll
0x00007fff783b0000 - 0x00007fff784c5000 	C:\WINDOWS\System32\MSCTF.dll
0x00007fff3a940000 - 0x00007fff3aa68000 	C:\WINDOWS\SYSTEM32\opengl32.dll
0x00007fff43b30000 - 0x00007fff43b5c000 	C:\WINDOWS\SYSTEM32\GLU32.dll
0x00007fff77070000 - 0x00007fff77119000 	C:\WINDOWS\System32\clbcatq.dll
0x00007fff48e40000 - 0x00007fff48e70000 	C:\WINDOWS\System32\DriverStore\FileRepository\u0198974.inf_amd64_dcac9659486b668a\B025819\atig6pxx.dll
0x00007ffe976a0000 - 0x00007ffe9b4cf000 	C:\WINDOWS\System32\DriverStore\FileRepository\u0198974.inf_amd64_dcac9659486b668a\B025819\atio6axx.dll
0x00007fff77930000 - 0x00007fff77a5b000 	C:\WINDOWS\System32\ole32.dll
0x00007fff77120000 - 0x00007fff77590000 	C:\WINDOWS\System32\SETUPAPI.dll
0x00007fff763a0000 - 0x00007fff76413000 	C:\WINDOWS\System32\WINTRUST.dll
0x00007fff76240000 - 0x00007fff7639d000 	C:\WINDOWS\System32\CRYPT32.dll
0x00007fff75760000 - 0x00007fff75772000 	C:\WINDOWS\SYSTEM32\MSASN1.dll
0x00007fff66ee0000 - 0x00007fff66f1c000 	C:\WINDOWS\System32\DriverStore\FileRepository\u0198974.inf_amd64_dcac9659486b668a\B025819\amdihk64.dll
0x00007fff3fdf0000 - 0x00007fff40060000 	C:\Users\JESUSW~1\AppData\Local\Temp\lwjgl_JesusWazowski\3.3.3+5\x64\jemalloc.dll
0x00007fff3fd60000 - 0x00007fff3fde2000 	C:\Users\JesusWazowski\AppData\Local\Temp\lwjgl_JesusWazowski\3.3.3+5\x64\lwjgl_stb.dll
0x00007fff6d570000 - 0x00007fff6d61e000 	C:\WINDOWS\SYSTEM32\mscms.dll
0x00007fff6d550000 - 0x00007fff6d561000 	C:\WINDOWS\SYSTEM32\ColorAdapterClient.dll
0x00007fff0a350000 - 0x00007fff0a395000 	C:\WINDOWS\SYSTEM32\icm32.dll
0x00007fff6dbb0000 - 0x00007fff6dca9000 	C:\WINDOWS\SYSTEM32\textinputframework.dll
0x00007fff43eb0000 - 0x00007fff43f16000 	C:\WINDOWS\system32\Oleacc.dll
0x00007fff47fc0000 - 0x00007fff4801e000 	C:\Users\JesusWazowski\AppData\Local\Temp\lwjgl_JesusWazowski\3.3.3+5\x64\lwjgl_opengl.dll
0x00007fff6d940000 - 0x00007fff6d991000 	C:\WINDOWS\SYSTEM32\pdh.dll
0x00007fff5ce00000 - 0x00007fff5ce0f000 	C:\WINDOWS\System32\perfproc.dll
0x00007fff5a3c0000 - 0x00007fff5a3cf000 	C:\WINDOWS\System32\perfos.dll
0x00007fff437b0000 - 0x00007fff437f5000 	C:\Users\JesusWazowski\AppData\Local\Temp\jna-1296495215\jna11304243574027001070.dll
0x00007fff4fd70000 - 0x00007fff4fd8f000 	C:\WINDOWS\SYSTEM32\amsi.dll
0x00007fff4fb80000 - 0x00007fff4fc22000 	C:\ProgramData\Microsoft\Windows Defender\Platform\4.18.26030.3011-0\MpOav.dll
0x00007fff509c0000 - 0x00007fff509ce000 	C:\Users\JesusWazowski\AppData\Roaming\PrismLauncher\java\java-runtime-delta\bin\sunmscapi.dll
0x00007fff75540000 - 0x00007fff75567000 	C:\WINDOWS\SYSTEM32\ncrypt.dll
0x00007fff754c0000 - 0x00007fff754fb000 	C:\WINDOWS\SYSTEM32\NTASN1.dll
0x00007fff4f120000 - 0x00007fff4f129000 	C:\Users\JesusWazowski\AppData\Roaming\PrismLauncher\java\java-runtime-delta\bin\extnet.dll
0x00007fff3fbd0000 - 0x00007fff3fd5e000 	C:\Users\JesusWazowski\AppData\Roaming\PrismLauncher\java\java-runtime-delta\bin\awt.dll
0x00007fff71f00000 - 0x00007fff71f94000 	C:\WINDOWS\SYSTEM32\apphelp.dll
0x00007fff0d460000 - 0x00007fff0d7ad000 	C:\Users\JesusWazowski\AppData\Roaming\PrismLauncher\instances\Aeronautics\minecraft\.pg-native\libpowergridNative5.dll
0x00007fff0d290000 - 0x00007fff0d457000 	C:\Users\JESUSW~1\AppData\Local\Temp\lwjgl_JesusWazowski\3.3.3+5\x64\OpenAL.dll
0x00007fff6e330000 - 0x00007fff6e3b5000 	C:\WINDOWS\System32\MMDevApi.dll
0x00007fff05f10000 - 0x00007fff06e37000 	C:\Users\JesusWazowski\AppData\Local\Temp\imgui-java-natives\1.88.0\imgui-java64.dll
0x00007ffed4b90000 - 0x00007ffed4d1d000 	C:\WINDOWS\System32\Speech\Common\sapi.dll
0x00007fff6e190000 - 0x00007fff6e19b000 	C:\WINDOWS\SYSTEM32\msdmo.dll
0x00007fff36650000 - 0x00007fff3666e000 	C:\WINDOWS\SYSTEM32\MSACM32.dll
0x00007fff63600000 - 0x00007fff63626000 	C:\WINDOWS\SYSTEM32\winmmbase.dll
0x00007fff4fde0000 - 0x00007fff4fde7000 	C:\WINDOWS\system32\wshunix.dll
0x00007fff74500000 - 0x00007fff745f6000 	C:\WINDOWS\system32\dxgi.dll
0x00007fff51220000 - 0x00007fff51245000 	C:\WINDOWS\system32\d3d12.dll
0x00007ffe9b4d0000 - 0x00007ffea02b0000 	C:\WINDOWS\System32\DriverStore\FileRepository\u0198974.inf_amd64_dcac9659486b668a\B025819\amdxc64.dll
0x00007ffeb91f0000 - 0x00007ffeb93bd000 	C:\WINDOWS\system32\D3D12Core.dll
0x00007fff6ad80000 - 0x00007fff6adbb000 	C:\WINDOWS\SYSTEM32\dxcore.dll
0x0000000065e40000 - 0x0000000065f9e000 	C:\WINDOWS\System32\DriverStore\FileRepository\u0198974.inf_amd64_dcac9659486b668a\B025819\amdenc64.dll
0x00007ffeb4130000 - 0x00007ffeb415b000 	C:\WINDOWS\SYSTEM32\D3DSCache.dll
0x00007fff6d730000 - 0x00007fff6d933000 	C:\WINDOWS\SYSTEM32\twinapi.appcore.dll

dbghelp: loaded successfully - version: 4.0.5 - missing functions: none
symbol engine: initialized successfully - sym options: 0x614 - pdb path: .;C:\Users\JesusWazowski\AppData\Roaming\PrismLauncher\java\java-runtime-delta\bin;C:\WINDOWS\SYSTEM32;C:\WINDOWS\WinSxS\amd64_microsoft.windows.common-controls_6595b64144ccf1df_6.0.19041.6456_none_60b8a6cb71f64256;C:\Users\JesusWazowski\AppData\Roaming\PrismLauncher\java\java-runtime-delta\bin\server;C:\Users\JesusWazowski\AppData\Local\Temp\lwjgl_JesusWazowski\3.3.3+5\x64;C:\Users\JESUSW~1\AppData\Local\Temp\lwjgl_JesusWazowski\3.3.3+5\x64;C:\WINDOWS\System32\DriverStore\FileRepository\u0198974.inf_amd64_dcac9659486b668a\B025819;C:\Users\JesusWazowski\AppData\Local\Temp\jna-1296495215;C:\ProgramData\Microsoft\Windows Defender\Platform\4.18.26030.3011-0;C:\Users\JesusWazowski\AppData\Roaming\PrismLauncher\instances\Aeronautics\minecraft\.pg-native;C:\Users\JesusWazowski\AppData\Local\Temp\imgui-java-natives\1.88.0;C:\WINDOWS\System32\Speech\Common;C:\Users\JesusWazowski\AppData\Local\Temp\libopus4j-9783d0e001158567d1e08f6bb3b2c5b5;C:\Users\JesusWazowski\AppData\Local\Temp\librnnoise4j-40cc1fdd40ca1100a850ddee14466799;C:\Users\JesusWazowski\AppData\Local\Temp\libspeex4j-e39751f08962f3611e66c90baf107894;C:\Users\JesusWazowski\AppData\Local\Temp\liblame4j-290c3436fe9f7c2b8e165ddcb5ad66ce;C:\Users\JesusWazowski\AppData\Local\Temp

VM Arguments:
jvm_args: -Duser.language=en -XX:+UnlockExperimentalVMOptions -XX:+UseZGC -XX:+DisableExplicitGC -XX:HeapDumpPath=MojangTricksIntelDriversForPerformance_javaw.exe_minecraft.exe.heapdump -Xms1024m -Xmx12288m -Djava.library.path=C:/Users/JesusWazowski/AppData/Roaming/PrismLauncher/instances/Aeronautics/natives 
java_command: org.prismlauncher.EntryPoint
java_class_path (initial): C:/Users/JesusWazowski/AppData/Local/Programs/PrismLauncher/jars/NewLaunch.jar;C:/Users/JesusWazowski/AppData/Roaming/PrismLauncher/libraries/org/lwjgl/lwjgl-freetype-natives-windows-arm64/3.3.3/lwjgl-freetype-natives-windows-arm64-3.3.3.jar;C:/Users/JesusWazowski/AppData/Roaming/PrismLauncher/libraries/org/lwjgl/lwjgl-freetype-natives-windows-x86/3.3.3/lwjgl-freetype-natives-windows-x86-3.3.3.jar;C:/Users/JesusWazowski/AppData/Roaming/PrismLauncher/libraries/org/lwjgl/lwjgl-freetype-natives-windows/3.3.3/lwjgl-freetype-natives-windows-3.3.3.jar;C:/Users/JesusWazowski/AppData/Roaming/PrismLauncher/libraries/org/lwjgl/lwjgl-freetype/3.3.3/lwjgl-freetype-3.3.3.jar;C:/Users/JesusWazowski/AppData/Roaming/PrismLauncher/libraries/org/lwjgl/lwjgl-glfw-natives-windows-arm64/3.3.3/lwjgl-glfw-natives-windows-arm64-3.3.3.jar;C:/Users/JesusWazowski/AppData/Roaming/PrismLauncher/libraries/org/lwjgl/lwjgl-glfw-natives-windows-x86/3.3.3/lwjgl-glfw-natives-windows-x86-3.3.3.jar;C:/Users/JesusWazowski/AppData/Roaming/PrismLauncher/libraries/org/lwjgl/lwjgl-glfw-natives-windows/3.3.3/lwjgl-glfw-natives-windows-3.3.3.jar;C:/Users/JesusWazowski/AppData/Roaming/PrismLauncher/libraries/org/lwjgl/lwjgl-glfw/3.3.3/lwjgl-glfw-3.3.3.jar;C:/Users/JesusWazowski/AppData/Roaming/PrismLauncher/libraries/org/lwjgl/lwjgl-jemalloc-natives-windows-arm64/3.3.3/lwjgl-jemalloc-natives-windows-arm64-3.3.3.jar;C:/Users/JesusWazowski/AppData/Roaming/PrismLauncher/libraries/org/lwjgl/lwjgl-jemalloc-natives-windows-x86/3.3.3/lwjgl-jemalloc-natives-windows-x86-3.3.3.jar;C:/Users/JesusWazowski/AppData/Roaming/PrismLauncher/libraries/org/lwjgl/lwjgl-jemalloc-natives-windows/3.3.3/lwjgl-jemalloc-natives-windows-3.3.3.jar;C:/Users/JesusWazowski/AppData/Roaming/PrismLauncher/libraries/org/lwjgl/lwjgl-jemalloc/3.3.3/lwjgl-jemalloc-3.3.3.jar;C:/Users/JesusWazowski/AppData/Roaming/PrismLauncher/libraries/org/lwjgl/lwjgl-natives-windows-arm64/3.3.3/lwjgl-natives-windows-arm64-3.3.3.jar;C:/Users/JesusWazowski/AppData/Roaming/PrismLauncher/libraries/org/lwjgl/lwjgl-natives-windows-x86/3.3.3/lwjgl-natives-windows-x86-3.3.3.jar;C:/Users/JesusWazowski/AppData/Roaming/PrismLauncher/libraries/org/lwjgl/lwjgl-natives-windows/3.3.3/lwjgl-natives-windows-3.3.3.jar;C:/Users/JesusWazowski/AppData/Roaming/PrismLauncher/libraries/org/lwjgl/lwjgl-openal-natives-windows-arm64/3.3.3/lwjgl-openal-natives-windows-arm64-3.3.3.jar;C:/Users/JesusWazowski/AppData/Roaming/PrismLauncher/libraries/org/lwjgl/lwjgl-openal-natives-windows-x86/3.3.3/lwjgl-openal-natives-windows-x86-3.3.3.jar;C:/Users/JesusWazowski/AppData/Roaming/PrismLauncher/libraries/org/lwjgl/lwjgl-openal-natives-windows/3.3.3/lwjgl-openal-natives-windows-3.3.3.jar;C:/Users/JesusWazowski/AppData/Roaming/PrismLauncher/libraries/org/lwjgl/lwjgl-openal/3.3.3/lwjgl-openal-3.3.3.jar;C:/Users/JesusWazowski/AppData/Roaming/PrismLauncher/libraries/org/lwjgl/lwjgl-opengl-natives-windows-arm64/3.3.3/lwjgl-opengl-natives-windows-arm64-3.3.3.jar;C:/Users/JesusWazowski/AppData/Roaming/PrismLauncher/libraries/org/lwjgl/lwjgl-opengl-natives-windows-x86/3.3.3/lwjgl-opengl-natives-windows-x86-3.3.3.jar;C:/Users/JesusWazowski/AppData/Roaming/PrismLauncher/libraries/org/lwjgl/lwjgl-opengl-natives-windows/3.3.3/lwjgl-opengl-natives-windows-3.3.3.jar;C:/Users/JesusWazowski/AppData/Roaming/PrismLauncher/libraries/org/lwjgl/lwjgl-opengl/3.3.3/lwjgl-opengl-3.3.3.jar;C:/Users/JesusWazowski/AppData/Roaming/PrismLauncher/libraries/org/lwjgl/lwjgl-stb-natives-windows-arm64/3.3.3/lwjgl-stb-natives-windows-arm64-3.3.3.jar;C:/Users/JesusWazowski/AppData/Roaming/PrismLauncher/libraries/org/lwjgl/lwjgl-stb-natives-windows-x86/3.3.3/lwjgl-stb-natives-windows-x86-3.3.3.jar;C:/Users/JesusWazowski/AppData/Roaming/PrismLauncher/libraries/org/lwjgl/lwjgl-stb-natives-windows/3.3.3/lwjgl-stb-natives-windows-3.3.3.jar;C:/Users/JesusWazowski/AppData/Roaming/PrismLauncher/libraries/org/lwjgl/lwjgl-stb/3.3.3/lwjgl-stb-3.3.3.jar;C:/Users/JesusWazowski/AppData/Roaming/PrismLauncher/libraries/org/lwjgl/lwjgl-tinyfd-natives-windows-arm64/3.3.3/lwjgl-tinyfd-natives-windows-arm64-3.3.3.jar;C:/Users/JesusWazowski/AppData/Roaming/PrismLauncher/libraries/org/lwjgl/lwjgl-tinyfd-natives-windows-x86/3.3.3/lwjgl-tinyfd-natives-windows-x86-3.3.3.jar;C:/Users/JesusWazowski/AppData/Roaming/PrismLauncher/libraries/org/lwjgl/lwjgl-tinyfd-natives-windows/3.3.3/lwjgl-tinyfd-natives-windows-3.3.3.jar;C:/Users/JesusWazowski/AppData/Roaming/PrismLauncher/libraries/org/lwjgl/lwjgl-tinyfd/3.3.3/lwjgl-tinyfd-3.3.3.jar;C:/Users/JesusWazowski/AppData/Roaming/PrismLauncher/libraries/org/lwjgl/lwjgl/3.3.3/lwjgl-3.3.3.jar;C:/Users/JesusWazowski/AppData/Roaming/PrismLauncher/libraries/com/github/oshi/oshi-core/6.4.10/oshi-core-6.4.10.jar;C:/Users/JesusWazowski/AppData/Roaming/PrismLauncher/libraries/com/google/code/gson/gson/2.10.1/gson-2.10.1.jar;C:/Users/JesusWazowski/AppData/Roaming/PrismLauncher/libraries/com/google/guava/failureaccess/1.0.1/failureaccess-1.0.1.jar;C:/Users/JesusWazowski/AppData/Roaming/PrismLauncher/libraries/com/google/guava/guava/32.1.2-jre/guava-32.1.2-jre.jar;C:/Users/JesusWazowski/AppData/Roaming/PrismLauncher/libraries/com/ibm/icu/icu4j/73.2/icu4j-73.2.jar;C:/Users/JesusWazowski/AppData/Roaming/PrismLauncher/libraries/com/mojang/authlib/6.0.54/authlib-6.0.54.jar;C:/Users/JesusWazowski/AppData/Roaming/PrismLauncher/libraries/com/mojang/blocklist/1.0.10/blocklist-1.0.10.jar;C:/Users/JesusWazowski/AppData/Roaming/PrismLauncher/libraries/com/mojang/brigadier/1.3.10/brigadier-1.3.10.jar;C:/Users/JesusWazowski/AppData/Roaming/PrismLauncher/libraries/com/mojang/datafixerupper/8.0.16/datafixerupper-8.0.16.jar;C:/Users/JesusWazowski/AppData/Roaming/PrismLauncher/libraries/com/mojang/logging/1.2.7/logging-1.2.7.jar;C:/Users/JesusWazowski/AppData/Roaming/PrismLauncher/libraries/com/mojang/patchy/2.2.10/patchy-2.2.10.jar;C:/Users/JesusWazowski/AppData/Roaming/PrismLauncher/libraries/com/mojang/text2speech/1.17.9/text2speech-1.17.9.jar;C:/Users/JesusWazowski/AppData/Roaming/PrismLauncher/libraries/commons-codec/commons-codec/1.16.0/commons-codec-1.16.0.jar;C:/Users/JesusWazowski/AppData/Roaming/PrismLauncher/libraries/commons-io/commons-io/2.15.1/commons-io-2.15.1.jar;C:/Users/JesusWazowski/AppData/Roaming/PrismLauncher/libraries/commons-logging/commons-logging/1.2/commons-logging-1.2.jar;C:/Users/JesusWazowski/AppData/Roaming/PrismLauncher/libraries/io/netty/netty-buffer/4.1.97.Final/netty-buffer-4.1.97.Final.jar;C:/Users/JesusWazowski/AppData/Roaming/PrismLauncher/libraries/io/netty/netty-codec/4.1.97.Final/netty-codec-4.1.97.Final.jar;C:/Users/JesusWazowski/AppData/Roaming/PrismLauncher/libraries/io/netty/netty-common/4.1.97.Final/netty-common-4.1.97.Final.jar;C:/Users/JesusWazowski/AppData/Roaming/PrismLauncher/libraries/io/netty/netty-handler/4.1.97.Final/netty-handler-4.1.97.Final.jar;C:/Users/JesusWazowski/AppData/Roaming/PrismLauncher/libraries/io/netty/netty-resolver/4.1.97.Final/netty-resolver-4.1.97.Final.jar;C:/Users/JesusWazowski/AppData/Roaming/PrismLauncher/libraries/io/netty/netty-transport-classes-epoll/4.1.97.Final/netty-transport-classes-epoll-4.1.97.Final.jar;C:/Users/JesusWazowski/AppData/Roaming/PrismLauncher/libraries/io/netty/netty-transport-native-unix-common/4.1.97.Final/netty-transport-native-unix-common-4.1.97.Final.jar;C:/Users/JesusWazowski/AppData/Roaming/PrismLauncher/libraries/io/netty/netty-transport/4.1.97.Final/netty-transport-4.1.97.Final.jar;C:/Users/JesusWazowski/AppData/Roaming/PrismLauncher/libraries/it/unimi/dsi/fastutil/8.5.12/fastutil-8.5.12.jar;C:/Users/JesusWazowski/AppData/Roaming/PrismLauncher/libraries/net/java/dev/jna/jna-platform/5.14.0/jna-platform-5.14.0.jar;C:/Users/JesusWazowski/AppData/Roaming/PrismLauncher/libraries/net/java/dev/jna/jna/5.14.0/jna-5.14.0.jar;C:/Users/JesusWazowski/AppData/Roaming/PrismLauncher/libraries/net/sf/jopt-simple/jopt-simple/5.0.4/jopt-simple-5.0.4.jar;C:/Users/JesusWazowski/AppData/Roaming/PrismLauncher/libraries/org/apache/commons/commons-compress/1.26.0/commons-compress-1.26.0.jar;C:/Users/JesusWazowski/AppData/Roaming/PrismLauncher/libraries/org/apache/commons/commons-lang3/3.14.0/commons-lang3-3.14.0.jar;C:/Users/JesusWazowski/AppData/Roaming/PrismLauncher/libraries/org/apache/httpcomponents/httpclient/4.5.13/httpclient-4.5.13.jar;C:/Users/JesusWazowski/AppData/Roaming/PrismLauncher/libraries/org/apache/httpcomponents/httpcore/4.4.16/httpcore-4.4.16.jar;C:/Users/JesusWazowski/AppData/Roaming/PrismLauncher/libraries/org/apache/logging/log4j/log4j-api/2.22.1/log4j-api-2.22.1.jar;C:/Users/JesusWazowski/AppData/Roaming/PrismLauncher/libraries/org/apache/logging/log4j/log4j-core/2.22.1/log4j-core-2.22.1.jar;C:/Users/JesusWazowski/AppData/Roaming/PrismLauncher/libraries/org/apache/logging/log4j/log4j-slf4j2-impl/2.22.1/log4j-slf4j2-impl-2.22.1.jar;C:/Users/JesusWazowski/AppData/Roaming/PrismLauncher/libraries/org/jcraft/jorbis/0.0.17/jorbis-0.0.17.jar;C:/Users/JesusWazowski/AppData/Roaming/PrismLauncher/libraries/org/joml/joml/1.10.5/joml-1.10.5.jar;C:/Users/JesusWazowski/AppData/Roaming/PrismLauncher/libraries/org/lz4/lz4-java/1.8.0/lz4-java-1.8.0.jar;C:/Users/JesusWazowski/AppData/Roaming/PrismLauncher/libraries/org/slf4j/slf4j-api/2.0.9/slf4j-api-2.0.9.jar;C:/Users/JesusWazowski/AppData/Roaming/PrismLauncher/libraries/io/github/zekerzhayard/ForgeWrapper/prism-2025-12-07/ForgeWrapper-prism-2025-12-07.jar;C:/Users/JesusWazowski/AppData/Roaming/PrismLauncher/libraries/net/neoforged/fancymodloader/earlydisplay/4.0.42/earlydisplay-4.0.42.jar;C:/Users/JesusWazowski/AppData/Roaming/PrismLauncher/libraries/net/neoforged/fancymodloader/loader/4.0.42/loader-4.0.42.jar;C:/Users/JesusWazowski/AppData/Roaming/PrismLauncher/libraries/net/neoforged/accesstransformers/at-modlauncher/10.0.1/at-modlauncher-10.0.1.jar;C:/Users/JesusWazowski/AppData/Roaming/PrismLauncher/libraries/net/neoforged/accesstransformers/10.0.1/accesstransformers-10.0.1.jar;C:/Users/JesusWazowski/AppData/Roaming/PrismLauncher/libraries/net/neoforged/bus/8.0.5/bus-8.0.5.jar;C:/Users/JesusWazowski/AppData/Roaming/PrismLauncher/libraries/net/neoforged/coremods/7.0.3/coremods-7.0.3.jar;C:/Users/JesusWazowski/AppData/Roaming/PrismLauncher/libraries/cpw/mods/modlauncher/11.0.5/modlauncher-11.0.5.jar;C:/Users/JesusWazowski/AppData/Roaming/PrismLauncher/libraries/net/neoforged/mergetool/2.0.0/mergetool-2.0.0-api.jar;C:/Users/JesusWazowski/AppData/Roaming/PrismLauncher/libraries/com/electronwill/night-config/toml/3.8.3/toml-3.8.3.jar;C:/Users/JesusWazowski/AppData/Roaming/PrismLauncher/libraries/com/electronwill/night-config/core/3.8.3/core-3.8.3.jar;C:/Users/JesusWazowski/AppData/Roaming/PrismLauncher/libraries/net/neoforged/JarJarSelector/0.4.1/JarJarSelector-0.4.1.jar;C:/Users/JesusWazowski/AppData/Roaming/PrismLauncher/libraries/net/neoforged/JarJarMetadata/0.4.1/JarJarMetadata-0.4.1.jar;C:/Users/JesusWazowski/AppData/Roaming/PrismLauncher/libraries/org/apache/maven/maven-artifact/3.8.5/maven-artifact-3.8.5.jar;C:/Users/JesusWazowski/AppData/Roaming/PrismLauncher/libraries/net/jodah/typetools/0.6.3/typetools-0.6.3.jar;C:/Users/JesusWazowski/AppData/Roaming/PrismLauncher/libraries/net/minecrell/terminalconsoleappender/1.3.0/terminalconsoleappender-1.3.0.jar;C:/Users/JesusWazowski/AppData/Roaming/PrismLauncher/libraries/net/fabricmc/sponge-mixin/0.15.2+mixin.0.8.7/sponge-mixin-0.15.2+mixin.0.8.7.jar;C:/Users/JesusWazowski/AppData/Roaming/PrismLauncher/libraries/org/openjdk/nashorn/nashorn-core/15.4/nashorn-core-15.4.jar;C:/Users/JesusWazowski/AppData/Roaming/PrismLauncher/libraries/cpw/mods/bootstraplauncher/2.0.2/bootstraplauncher-2.0.2.jar;C:/Users/JesusWazowski/AppData/Roaming/PrismLauncher/libraries/cpw/mods/securejarhandler/3.0.8/securejarhandler-3.0.8.jar;C:/Users/JesusWazowski/AppData/Roaming/PrismLauncher/libraries/org/ow2/asm/asm-commons/9.8/asm-commons-9.8.jar;C:/Users/JesusWazowski/AppData/Roaming/PrismLauncher/libraries/org/ow2/asm/asm-util/9.8/asm-util-9.8.jar;C:/Users/JesusWazowski/AppData/Roaming/PrismLauncher/libraries/org/ow2/asm/asm-analysis/9.8/asm-analysis-9.8.jar;C:/Users/JesusWazowski/AppData/Roaming/PrismLauncher/libraries/org/ow2/asm/asm-tree/9.8/asm-tree-9.8.jar;C:/Users/JesusWazowski/AppData/Roaming/PrismLauncher/libraries/org/ow2/asm/asm/9.8/asm-9.8.jar;C:/Users/JesusWazowski/AppData/Roaming/PrismLauncher/libraries/net/neoforged/JarJarFileSystems/0.4.1/JarJarFileSystems-0.4.1.jar;C:/Users/JesusWazowski/AppData/Roaming/PrismLauncher/libraries/org/antlr/antlr4-runtime/4.13.1/antlr4-runtime-4.13.1.jar;C:/Users/JesusWazowski/AppData/Roaming/PrismLauncher/libraries/org/jline/jline-reader/3.20.0/jline-reader-3.20.0.jar;C:/Users/JesusWazowski/AppData/Roaming/PrismLauncher/libraries/org/jline/jline-terminal/3.20.0/jline-terminal-3.20.0.jar;C:/Users/JesusWazowski/AppData/Roaming/PrismLauncher/libraries/net/minecraftforge/srgutils/0.4.15/srgutils-0.4.15.jar;C:/Users/JesusWazowski/AppData/Roaming/PrismLauncher/libraries/com/google/guava/listenablefuture/9999.0-empty-to-avoid-conflict-with-guava/listenablefuture-9999.0-empty-to-avoid-conflict-with-guava.jar;C:/Users/JesusWazowski/AppData/Roaming/PrismLauncher/libraries/com/google/code/findbugs/jsr305/3.0.2/jsr305-3.0.2.jar;C:/Users/JesusWazowski/AppData/Roaming/PrismLauncher/libraries/org/checkerframework/checker-qual/3.33.0/checker-qual-3.33.0.jar;C:/Users/JesusWazowski/AppData/Roaming/PrismLauncher/libraries/com/google/errorprone/error_prone_annotations/2.18.0/error_prone_annotations-2.18.0.jar;C:/Users/JesusWazowski/AppData/Roaming/PrismLauncher/libraries/com/google/j2objc/j2objc-annotations/2.8/j2objc-annotations-2.8.jar;C:/Users/JesusWazowski/AppData/Roaming/PrismLauncher/libraries/org/codehaus/plexus/plexus-utils/3.3.0/plexus-utils-3.3.0.jar;C:/Users/JesusWazowski/AppData/Roaming/PrismLauncher/libraries/com/machinezoo/noexception/noexception/1.7.1/noexception-1.7.1.jar;C:/Users/JesusWazowski/AppData/Roaming/PrismLauncher/libraries/com/mojang/minecraft/1.21.1/minecraft-1.21.1-client.jar
Launcher Type: SUN_STANDARD

[Global flags]
     intx CICompilerCount                          = 12                                        {product} {ergonomic}
     bool DisableExplicitGC                        = true                                      {product} {command line}
    ccstr HeapDumpPath                             = MojangTricksIntelDriversForPerformance_javaw.exe_minecraft.exe.heapdump         {manageable} {command line}
   size_t InitialHeapSize                          = 1073741824                                {product} {command line}
   size_t MaxHeapSize                              = 12884901888                               {product} {command line}
   size_t MinHeapDeltaBytes                        = 2097152                                   {product} {ergonomic}
   size_t MinHeapSize                              = 1073741824                                {product} {command line}
    uintx NonNMethodCodeHeapSize                   = 7602480                                {pd product} {ergonomic}
    uintx NonProfiledCodeHeapSize                  = 122027880                              {pd product} {ergonomic}
    uintx ProfiledCodeHeapSize                     = 122027880                              {pd product} {ergonomic}
    uintx ReservedCodeCacheSize                    = 251658240                              {pd product} {ergonomic}
     bool SegmentedCodeCache                       = true                                      {product} {ergonomic}
   size_t SoftMaxHeapSize                          = 12884901888                            {manageable} {ergonomic}
     bool UnlockExperimentalVMOptions              = true                                 {experimental} {command line}
     bool UseCompressedOops                        = false                          {product lp64_product} {ergonomic}
     bool UseLargePagesIndividualAllocation        = false                                  {pd product} {ergonomic}
     bool UseZGC                                   = true                                      {product} {command line}

Logging:
Log output configuration:
 #0: stdout all=warning uptime,level,tags foldmultilines=false
 #1: stderr all=off uptime,level,tags foldmultilines=false

Environment Variables:
PATH=C:\Program Files (x86)\NVIDIA Corporation\PhysX\Common;C:\Program Files (x86)\Common Files\Intel\Shared Libraries\redist\intel64\compiler;C:\Program Files\Oculus\Support\oculus-runtime;c:\Users\JesusWazowski\AppData\Local\Programs\cursor\resources\app\bin;C:\Program Files\Common Files\Oracle\Java\javapath;C:\Program Files (x86)\Common Files\Oracle\Java\java8path;C:\Program Files (x86)\Common Files\Oracle\Java\javapath;C:\Program Files (x86)\Razer Chroma SDK\bin;C:\Program Files\Razer Chroma SDK\bin;C:\Program Files (x86)\Razer\ChromaBroadcast\bin;C:\Program Files\Razer\ChromaBroadcast\bin;C:\Windows\system32;C:\Windows;C:\Windows\System32\Wbem;C:\Windows\System32\WindowsPowerShell\v1.0\;C:\Windows\System32\OpenSSH\;C:\Windows\system32\config\systemprofile\AppData\Local\Microsoft\WindowsApps;C:\Program Files (x86)\Windows Live\Shared;C:\Program Files\dotnet\;C:\Program Files (x86)\VDesk;Q:\Program Files\nodejs\;C:\ProgramData\chocolatey\bin;C:\Users\JesusWazowski\AppData\Local\Programs\Python\Python311\Scripts\;C:\Users\JesusWazowski\AppData\Local\Programs\Python\Python311\;C:\Users\JesusWazowski\scoop\shims;C:\Users\JesusWazowski\AppD;C:\WINDOWS\system32;C:\WINDOWS;C:\WINDOWS\System32\Wbem;C:\WINDOWS\System32\WindowsPowerShell\v1.0\;C:\WINDOWS\System32\OpenSSH\;C:\Program Files\PowerToys\;C:\Users\JesusWazowski\AppData\Local\Programs\Python\Python311\Scripts\;C:\Users\JesusWazowski\AppData\Local\Programs\Python\Python311\;C:\Users\JesusWazowski\scoop\shims;C:\Users\JesusWazowski\AppData\Local\Microsoft\WindowsApps;C:\Users\JesusWazowski\AppData\Local\Programs\Microsoft VS Code\bin;C:\Users\JesusWazowski\AppData\Roaming\npm;C:\Users\JesusWazowski\.dotnet\tools;C:\Users\JesusWazowski\AppData\Local\GitHubDesktop\bin;C:\Users\JesusWazowski\AppData\Local\Microsoft\WindowsApps;C:\Users\JesusWazowski\AppData\Local\Microsoft\WinGet\Links;
USERNAME=JesusWazowski
OS=Windows_NT
PROCESSOR_IDENTIFIER=Intel64 Family 6 Model 151 Stepping 2, GenuineIntel
TMP=C:\Users\JESUSW~1\AppData\Local\Temp
TEMP=C:\Users\JESUSW~1\AppData\Local\Temp




Periodic native trim disabled

---------------  S Y S T E M  ---------------

OS:
 Windows 10 , 64 bit Build 19041 (10.0.19041.5915)
OS uptime: 0 days 8:38 hours
Hyper-V role detected

CPU: total 16 (initial active 16) (8 cores per cpu, 2 threads per core) family 6 model 151 stepping 2 microcode 0x15, cx8, cmov, fxsr, ht, mmx, 3dnowpref, sse, sse2, sse3, ssse3, sse4.1, sse4.2, popcnt, lzcnt, tsc, tscinvbit, avx, avx2, aes, erms, clmul, bmi1, bmi2, adx, sha, fma, vzeroupper, clflush, clflushopt, clwb, hv, rdtscp, rdpid, fsrm, f16c, cet_ibt, cet_ss
Processor Information for processor 0
  Max Mhz: 3700, Current Mhz: 3700, Mhz Limit: 2775
Processor Information for processor 1
  Max Mhz: 3700, Current Mhz: 3700, Mhz Limit: 2775
Processor Information for processor 2
  Max Mhz: 3700, Current Mhz: 3700, Mhz Limit: 3700
Processor Information for processor 3
  Max Mhz: 3700, Current Mhz: 3700, Mhz Limit: 3700
Processor Information for processor 4
  Max Mhz: 3700, Current Mhz: 3700, Mhz Limit: 3700
Processor Information for processor 5
  Max Mhz: 3700, Current Mhz: 3700, Mhz Limit: 3700
Processor Information for processor 6
  Max Mhz: 3700, Current Mhz: 3700, Mhz Limit: 3700
Processor Information for processor 7
  Max Mhz: 3700, Current Mhz: 3700, Mhz Limit: 3700
Processor Information for processor 8
  Max Mhz: 3700, Current Mhz: 3700, Mhz Limit: 3700
Processor Information for processor 9
  Max Mhz: 3700, Current Mhz: 3700, Mhz Limit: 3700
Processor Information for processor 10
  Max Mhz: 3700, Current Mhz: 3700, Mhz Limit: 3700
Processor Information for processor 11
  Max Mhz: 3700, Current Mhz: 3700, Mhz Limit: 3700
Processor Information for processor 12
  Max Mhz: 3700, Current Mhz: 2800, Mhz Limit: 2775
Processor Information for processor 13
  Max Mhz: 3700, Current Mhz: 2800, Mhz Limit: 2775
Processor Information for processor 14
  Max Mhz: 3700, Current Mhz: 2800, Mhz Limit: 2775
Processor Information for processor 15
  Max Mhz: 3700, Current Mhz: 2800, Mhz Limit: 2775

Memory: 4k page, system-wide physical 32541M (3207M free)
TotalPageFile size 64285M (AvailPageFile size 12201M)
current process WorkingSet (physical memory assigned to process): 32010M, peak: 37054M
current process commit charge ("private bytes"): 8236M, peak: 10032M

vm_info: OpenJDK 64-Bit Server VM (21.0.7+6-LTS) for windows-amd64 JRE (21.0.7+6-LTS), built on 2025-04-09T22:17:25Z by "MicrosoftCorporation" with unknown MS VC++:1939

END.
